route,time_period,forecasted_demand,forecast_confidence,max_capacity,committed_capacity,load_factor,void_capacity,utilization_strategy,planning_comment,pricing_recommendation
DEL-FRA,01-01-2026,175.2177533,0.995898752,2394,122.6524273,0.051233261,2271.347573,Conservative Loading,Stable | High Fixed Cost Exposure | High Delay Risk | Flexible → Conservative Loading,Discount / Spot Pricing
DEL-FRA,02-01-2026,253.2068833,0.792358576,2394,177.2448183,0.0740371,2216.755182,Conservative Loading,Stable | High Fixed Cost Exposure | High Delay Risk | Flexible → Conservative Loading,Discount / Spot Pricing
DEL-FRA,03-01-2026,1989.191211,0.687856776,2394,1392.433847,0.581634857,1001.566153,Conservative Loading,Volatile | High Fixed Cost Exposure | High Delay Risk | Flexible → Conservative Loading,Discount / Spot Pricing
DEL-FRA,04-01-2026,363.7955593,0.747557547,2394,254.6568915,0.106372971,2139.343108,Conservative Loading,Volatile | High Fixed Cost Exposure | High Delay Risk | Flexible → Conservative Loading,Discount / Spot Pricing
DEL-FRA,05-01-2026,334.578124,0.658012922,2394,234.2046868,0.097829861,2159.795313,Conservative Loading,Volatile | High Fixed Cost Exposure | High Delay Risk | Flexible → Conservative Loading,Discount / Spot Pricing
DEL-FRA,06-01-2026,406.5069613,0.598148253,2394,284.5548729,0.118861685,2109.445127,Conservative Loading,Volatile | High Fixed Cost Exposure | High Delay Risk | Flexible → Conservative Loading,Discount / Spot Pricing
DEL-FRA,07-01-2026,363.3407609,0.753652451,2394,254.3385326,0.106239989,2139.661467,Conservative Loading,Stable | High Fixed Cost Exposure | High Delay Risk | Flexible → Conservative Loading,Discount / Spot Pricing
DEL-FRA,08-01-2026,288.3592715,0.793596636,2394,201.85149,0.084315576,2192.14851,Conservative Loading,Stable | High Fixed Cost Exposure | High Delay Risk | Flexible → Conservative Loading,Discount / Spot Pricing
DEL-FRA,09-01-2026,282.4583451,0.704137087,2394,197.7208416,0.082590159,2196.279158,Conservative Loading,Volatile | High Fixed Cost Exposure | High Delay Risk | Flexible → Conservative Loading,Discount / Spot Pricing
DEL-FRA,10-01-2026,476.2122739,0.60886282,2394,333.3485917,0.139243355,2060.651408,Conservative Loading,Volatile | High Fixed Cost Exposure | High Delay Risk | Flexible → Conservative Loading,Discount / Spot Pricing
DEL-FRA,11-01-2026,191.4014091,0.891154917,2394,133.9809864,0.055965324,2260.019014,Conservative Loading,Stable | High Fixed Cost Exposure | High Delay Risk | Flexible → Conservative Loading,Discount / Spot Pricing
DEL-FRA,12-01-2026,132.7550672,0.938090004,2394,92.92854704,0.038817271,2301.071453,Conservative Loading,Stable | High Fixed Cost Exposure | High Delay Risk | Flexible → Conservative Loading,Discount / Spot Pricing
DEL-FRA,13-01-2026,1290.084902,0.8464506,2394,903.0594315,0.377217808,1490.940568,Conservative Loading,Stable | High Fixed Cost Exposure | High Delay Risk | Flexible → Conservative Loading,Discount / Spot Pricing
DEL-FRA,14-01-2026,367.7724545,0.497843995,2394,257.4407182,0.107535805,2136.559282,Conservative Loading,Volatile | High Fixed Cost Exposure | High Delay Risk | Flexible → Conservative Loading,Discount / Spot Pricing
DEL-FRA,15-01-2026,1237.977075,0.89883015,2394,866.5839528,0.361981601,1527.416047,Conservative Loading,Stable | High Fixed Cost Exposure | High Delay Risk | Flexible → Conservative Loading,Discount / Spot Pricing
DEL-FRA,16-01-2026,140.0138467,0.938261064,2394,98.00969271,0.040939721,2295.990307,Conservative Loading,Stable | High Fixed Cost Exposure | High Delay Risk | Flexible → Conservative Loading,Discount / Spot Pricing
DEL-FRA,17-01-2026,291.289428,0.660118782,2394,203.9025996,0.085172347,2190.0974,Conservative Loading,Volatile | High Fixed Cost Exposure | High Delay Risk | Flexible → Conservative Loading,Discount / Spot Pricing
DEL-FRA,18-01-2026,2619.687709,0.654902445,2394,1833.781396,0.765990558,560.2186039,Conservative Loading,Volatile | High Fixed Cost Exposure | High Delay Risk | Flexible → Conservative Loading,Discount / Spot Pricing
DEL-FRA,19-01-2026,2250.810901,0.940058054,2394,1575.567631,0.658131842,818.4323694,Conservative Loading,Stable | High Fixed Cost Exposure | High Delay Risk | Flexible → Conservative Loading,Discount / Spot Pricing
DEL-FRA,20-01-2026,126.7614496,0.916538036,2394,88.73301472,0.037064751,2305.266985,Conservative Loading,Stable | High Fixed Cost Exposure | High Delay Risk | Flexible → Conservative Loading,Discount / Spot Pricing
DEL-FRA,21-01-2026,185.191123,0.99429106,2394,129.6337861,0.054149451,2264.366214,Conservative Loading,Stable | High Fixed Cost Exposure | High Delay Risk | Flexible → Conservative Loading,Discount / Spot Pricing
DEL-FRA,22-01-2026,292.7140345,0.718109672,2394,204.8998242,0.085588899,2189.100176,Conservative Loading,Volatile | High Fixed Cost Exposure | High Delay Risk | Flexible → Conservative Loading,Discount / Spot Pricing
DEL-FRA,23-01-2026,217.987589,0.865838375,2394,152.5913123,0.063739061,2241.408688,Conservative Loading,Stable | High Fixed Cost Exposure | High Delay Risk | Flexible → Conservative Loading,Discount / Spot Pricing
DEL-FRA,24-01-2026,476.4696469,0.469332071,2394,333.5287528,0.13931861,2060.471247,Conservative Loading,Volatile | High Fixed Cost Exposure | High Delay Risk | Flexible → Conservative Loading,Discount / Spot Pricing
DEL-FRA,25-01-2026,380.4569218,0.585862241,2394,266.3198452,0.111244714,2127.680155,Conservative Loading,Volatile | High Fixed Cost Exposure | High Delay Risk | Flexible → Conservative Loading,Discount / Spot Pricing
DEL-FRA,26-01-2026,382.8625077,0.653475733,2394,268.0037554,0.111948102,2125.996245,Conservative Loading,Volatile | High Fixed Cost Exposure | High Delay Risk | Flexible → Conservative Loading,Discount / Spot Pricing
DEL-FRA,27-01-2026,358.5726662,0.562934509,2394,251.0008663,0.104845809,2142.999134,Conservative Loading,Volatile | High Fixed Cost Exposure | High Delay Risk | Flexible → Conservative Loading,Discount / Spot Pricing
DEL-FRA,28-01-2026,478.7534918,0.58128225,2394,335.1274443,0.139986401,2058.872556,Conservative Loading,Volatile | High Fixed Cost Exposure | High Delay Risk | Flexible → Conservative Loading,Discount / Spot Pricing
DEL-FRA,29-01-2026,195.3677658,0.88495256,2394,136.757436,0.057125078,2257.242564,Conservative Loading,Stable | High Fixed Cost Exposure | High Delay Risk | Flexible → Conservative Loading,Discount / Spot Pricing
DEL-FRA,30-01-2026,256.391734,0.741057313,2394,179.4742138,0.074968343,2214.525786,Conservative Loading,Volatile | High Fixed Cost Exposure | High Delay Risk | Flexible → Conservative Loading,Discount / Spot Pricing
DEL-FRA,31-01-2026,222.6839592,0.796759068,2394,155.8787714,0.065112269,2238.121229,Conservative Loading,Stable | High Fixed Cost Exposure | High Delay Risk | Flexible → Conservative Loading,Discount / Spot Pricing
DEL-FRA,01-02-2026,2076.648059,0.636104116,2394,1453.653641,0.607207035,940.346359,Conservative Loading,Volatile | High Fixed Cost Exposure | High Delay Risk | Flexible → Conservative Loading,Discount / Spot Pricing
DEL-FRA,02-02-2026,374.9768246,0.638885709,2394,262.4837772,0.109642346,2131.516223,Conservative Loading,Volatile | High Fixed Cost Exposure | High Delay Risk | Flexible → Conservative Loading,Discount / Spot Pricing
DEL-FRA,03-02-2026,896.7102045,0.774862721,2394,627.6971431,0.262195966,1766.302857,Conservative Loading,Stable | High Fixed Cost Exposure | High Delay Risk | Flexible → Conservative Loading,Discount / Spot Pricing
DEL-FRA,04-02-2026,412.9369604,0.673589564,2394,289.0558723,0.120741801,2104.944128,Conservative Loading,Volatile | High Fixed Cost Exposure | High Delay Risk | Flexible → Conservative Loading,Discount / Spot Pricing
DEL-FRA,05-02-2026,509.2026874,0.494946794,2394,356.4418812,0.148889675,2037.558119,Conservative Loading,Volatile | High Fixed Cost Exposure | High Delay Risk | Flexible → Conservative Loading,Discount / Spot Pricing
DEL-FRA,06-02-2026,319.7579662,0.701954527,2394,223.8305763,0.093496481,2170.169424,Conservative Loading,Volatile | High Fixed Cost Exposure | High Delay Risk | Flexible → Conservative Loading,Discount / Spot Pricing
DEL-FRA,07-02-2026,560.1688922,0.426647715,2394,392.1182245,0.163792074,2001.881775,Conservative Loading,Volatile | High Fixed Cost Exposure | High Delay Risk | Flexible → Conservative Loading,Discount / Spot Pricing
DEL-FRA,08-02-2026,367.4357451,0.566744742,2394,257.2050216,0.107437352,2136.794978,Conservative Loading,Volatile | High Fixed Cost Exposure | High Delay Risk | Flexible → Conservative Loading,Discount / Spot Pricing
DEL-FRA,09-02-2026,1894.56662,0.966702304,2394,1326.196634,0.553966848,1067.803366,Conservative Loading,Stable | High Fixed Cost Exposure | High Delay Risk | Flexible → Conservative Loading,Discount / Spot Pricing
DEL-FRA,10-02-2026,192.5365076,0.963333382,2394,134.7755553,0.056297224,2259.224445,Conservative Loading,Stable | High Fixed Cost Exposure | High Delay Risk | Flexible → Conservative Loading,Discount / Spot Pricing
DEL-FRA,11-02-2026,429.2015746,0.615490593,2394,300.4411023,0.125497536,2093.558898,Conservative Loading,Volatile | High Fixed Cost Exposure | High Delay Risk | Flexible → Conservative Loading,Discount / Spot Pricing
DEL-FRA,12-02-2026,214.5741634,0.866401434,2394,150.2019144,0.062740983,2243.798086,Conservative Loading,Stable | High Fixed Cost Exposure | High Delay Risk | Flexible → Conservative Loading,Discount / Spot Pricing
DEL-FRA,13-02-2026,112.5658973,0.813006043,2394,78.79612812,0.032914005,2315.203872,Conservative Loading,Stable | High Fixed Cost Exposure | High Delay Risk | Flexible → Conservative Loading,Discount / Spot Pricing
DEL-FRA,14-02-2026,266.5606252,0.665636063,2394,186.5924376,0.077941703,2207.407562,Conservative Loading,Volatile | High Fixed Cost Exposure | High Delay Risk | Flexible → Conservative Loading,Discount / Spot Pricing
DEL-FRA,15-02-2026,119.6708726,0.872399933,2394,83.76961084,0.034991483,2310.230389,Conservative Loading,Stable | High Fixed Cost Exposure | High Delay Risk | Flexible → Conservative Loading,Discount / Spot Pricing
DEL-FRA,16-02-2026,427.3088628,0.590306649,2394,299.1162039,0.124944112,2094.883796,Conservative Loading,Volatile | High Fixed Cost Exposure | High Delay Risk | Flexible → Conservative Loading,Discount / Spot Pricing
DEL-FRA,17-02-2026,344.8348525,0.719320434,2394,241.3843968,0.100828904,2152.615603,Conservative Loading,Volatile | High Fixed Cost Exposure | High Delay Risk | Flexible → Conservative Loading,Discount / Spot Pricing
DEL-FRA,18-02-2026,438.274226,0.638363844,2394,306.7919582,0.128150358,2087.208042,Conservative Loading,Volatile | High Fixed Cost Exposure | High Delay Risk | Flexible → Conservative Loading,Discount / Spot Pricing
DEL-FRA,19-02-2026,287.9404974,0.624252183,2394,201.5583482,0.084193128,2192.441652,Conservative Loading,Volatile | High Fixed Cost Exposure | High Delay Risk | Flexible → Conservative Loading,Discount / Spot Pricing
DEL-FRA,20-02-2026,392.3790258,0.646233719,2394,274.6653181,0.114730709,2119.334682,Conservative Loading,Volatile | High Fixed Cost Exposure | High Delay Risk | Flexible → Conservative Loading,Discount / Spot Pricing
DEL-FRA,21-02-2026,397.9914203,0.60859673,2394,278.5939942,0.11637176,2115.406006,Conservative Loading,Volatile | High Fixed Cost Exposure | High Delay Risk | Flexible → Conservative Loading,Discount / Spot Pricing
DEL-FRA,22-02-2026,160.4351925,0.959030033,2394,112.3046348,0.046910875,2281.695365,Conservative Loading,Stable | High Fixed Cost Exposure | High Delay Risk | Flexible → Conservative Loading,Discount / Spot Pricing
DEL-FRA,23-02-2026,300.5746235,0.757615328,2394,210.4022365,0.087887317,2183.597764,Conservative Loading,Stable | High Fixed Cost Exposure | High Delay Risk | Flexible → Conservative Loading,Discount / Spot Pricing
DEL-FRA,24-02-2026,366.9533704,0.707929831,2394,256.8673593,0.107296307,2137.132641,Conservative Loading,Volatile | High Fixed Cost Exposure | High Delay Risk | Flexible → Conservative Loading,Discount / Spot Pricing
DEL-FRA,25-02-2026,1032.237548,0.942242271,2394,722.5662839,0.301823845,1671.433716,Conservative Loading,Stable | High Fixed Cost Exposure | High Delay Risk | Flexible → Conservative Loading,Discount / Spot Pricing
DEL-FRA,26-02-2026,488.9587551,0.500909616,2394,342.2711286,0.142970396,2051.728871,Conservative Loading,Volatile | High Fixed Cost Exposure | High Delay Risk | Flexible → Conservative Loading,Discount / Spot Pricing
DEL-FRA,27-02-2026,460.3412462,0.543089954,2394,322.2388723,0.134602704,2071.761128,Conservative Loading,Volatile | High Fixed Cost Exposure | High Delay Risk | Flexible → Conservative Loading,Discount / Spot Pricing
DEL-FRA,28-02-2026,140.956795,0.899753173,2394,98.66975649,0.041215437,2295.330244,Conservative Loading,Stable | High Fixed Cost Exposure | High Delay Risk | Flexible → Conservative Loading,Discount / Spot Pricing
DEL-FRA,01-03-2026,231.1503924,0.88334226,2394,161.8052747,0.067587834,2232.194725,Conservative Loading,Stable | High Fixed Cost Exposure | High Delay Risk | Flexible → Conservative Loading,Discount / Spot Pricing
DEL-FRA,01-01-2026,2185.820893,0.846911745,2394,1530.074625,0.639128916,863.9253748,Conservative Loading,Stable | High Fixed Cost Exposure | High Delay Risk | Flexible → Conservative Loading,Discount / Spot Pricing
DEL-FRA,02-01-2026,1829.806373,0.918160828,2394,1280.864461,0.535031103,1113.135539,Conservative Loading,Stable | High Fixed Cost Exposure | High Delay Risk | Flexible → Conservative Loading,Discount / Spot Pricing
DEL-FRA,03-01-2026,299.5224651,0.656367671,2394,209.6657256,0.087579668,2184.334274,Conservative Loading,Volatile | High Fixed Cost Exposure | High Delay Risk | Flexible → Conservative Loading,Discount / Spot Pricing
DEL-FRA,04-01-2026,1867.221858,0.788525906,2394,1307.055301,0.545971304,1086.944699,Conservative Loading,Stable | High Fixed Cost Exposure | High Delay Risk | Flexible → Conservative Loading,Discount / Spot Pricing
DEL-FRA,05-01-2026,399.4991524,0.704991194,2394,279.6494067,0.116812618,2114.350593,Conservative Loading,Volatile | High Fixed Cost Exposure | High Delay Risk | Flexible → Conservative Loading,Discount / Spot Pricing
DEL-FRA,06-01-2026,220.4604256,0.962929595,2394,154.3222979,0.064462113,2239.677702,Conservative Loading,Stable | High Fixed Cost Exposure | High Delay Risk | Flexible → Conservative Loading,Discount / Spot Pricing
DEL-FRA,07-01-2026,53.26480711,0.426562269,2394,37.28536498,0.015574505,2356.714635,Conservative Loading,Volatile | High Fixed Cost Exposure | High Delay Risk | Flexible → Conservative Loading,Discount / Spot Pricing
DEL-FRA,08-01-2026,344.1671121,0.768261156,2394,240.9169784,0.100633658,2153.083022,Conservative Loading,Stable | High Fixed Cost Exposure | High Delay Risk | Flexible → Conservative Loading,Discount / Spot Pricing
DEL-FRA,09-01-2026,271.5458135,0.820512805,2394,190.0820695,0.079399361,2203.917931,Conservative Loading,Stable | High Fixed Cost Exposure | High Delay Risk | Flexible → Conservative Loading,Discount / Spot Pricing
DEL-FRA,10-01-2026,1958.852111,0.803044067,2394,1371.196478,0.572763775,1022.803522,Conservative Loading,Stable | High Fixed Cost Exposure | High Delay Risk | Flexible → Conservative Loading,Discount / Spot Pricing
DEL-FRA,11-01-2026,327.3197165,0.71175618,2394,229.1238016,0.095707519,2164.876198,Conservative Loading,Volatile | High Fixed Cost Exposure | High Delay Risk | Flexible → Conservative Loading,Discount / Spot Pricing
DEL-FRA,12-01-2026,66.89161101,0.489598188,2394,46.82412771,0.019558951,2347.175872,Conservative Loading,Volatile | High Fixed Cost Exposure | High Delay Risk | Flexible → Conservative Loading,Discount / Spot Pricing
DEL-FRA,13-01-2026,253.024818,0.825447585,2394,177.1173726,0.073983865,2216.882627,Conservative Loading,Stable | High Fixed Cost Exposure | High Delay Risk | Flexible → Conservative Loading,Discount / Spot Pricing
DEL-FRA,14-01-2026,401.8440894,0.70205881,2394,281.2908626,0.117498272,2112.709137,Conservative Loading,Volatile | High Fixed Cost Exposure | High Delay Risk | Flexible → Conservative Loading,Discount / Spot Pricing
DEL-FRA,15-01-2026,312.8745327,0.551182378,2394,219.0121729,0.091483781,2174.987827,Conservative Loading,Volatile | High Fixed Cost Exposure | High Delay Risk | Flexible → Conservative Loading,Discount / Spot Pricing
DEL-FRA,16-01-2026,969.2017441,0.893687452,2394,678.4412209,0.283392323,1715.558779,Conservative Loading,Stable | High Fixed Cost Exposure | High Delay Risk | Flexible → Conservative Loading,Discount / Spot Pricing
DEL-FRA,17-01-2026,191.8980935,0.986738121,2394,134.3286654,0.056110554,2259.671335,Conservative Loading,Stable | High Fixed Cost Exposure | High Delay Risk | Flexible → Conservative Loading,Discount / Spot Pricing
DEL-FRA,18-01-2026,111.6374287,0.749065637,2394,78.1462001,0.032642523,2315.8538,Conservative Loading,Volatile | High Fixed Cost Exposure | High Delay Risk | Flexible → Conservative Loading,Discount / Spot Pricing
DEL-FRA,19-01-2026,202.0425448,0.96175454,2394,141.4297814,0.059076767,2252.570219,Conservative Loading,Stable | High Fixed Cost Exposure | High Delay Risk | Flexible → Conservative Loading,Discount / Spot Pricing
DEL-FRA,20-01-2026,196.6697678,0.833327363,2394,137.6688375,0.05750578,2256.331163,Conservative Loading,Stable | High Fixed Cost Exposure | High Delay Risk | Flexible → Conservative Loading,Discount / Spot Pricing
DEL-FRA,21-01-2026,221.7542399,0.887092094,2394,155.2279679,0.064840421,2238.772032,Conservative Loading,Stable | High Fixed Cost Exposure | High Delay Risk | Flexible → Conservative Loading,Discount / Spot Pricing
DEL-FRA,22-01-2026,422.8832373,0.638635425,2394,296.0182661,0.123650069,2097.981734,Conservative Loading,Volatile | High Fixed Cost Exposure | High Delay Risk | Flexible → Conservative Loading,Discount / Spot Pricing
DEL-FRA,23-01-2026,378.5283614,0.737534964,2394,264.969853,0.110680807,2129.030147,Conservative Loading,Volatile | High Fixed Cost Exposure | High Delay Risk | Flexible → Conservative Loading,Discount / Spot Pricing
DEL-FRA,24-01-2026,338.3158443,0.673949725,2394,236.821091,0.098922761,2157.178909,Conservative Loading,Volatile | High Fixed Cost Exposure | High Delay Risk | Flexible → Conservative Loading,Discount / Spot Pricing
DEL-FRA,25-01-2026,135.360618,0.877406485,2394,94.7524326,0.039579128,2299.247567,Conservative Loading,Stable | High Fixed Cost Exposure | High Delay Risk | Flexible → Conservative Loading,Discount / Spot Pricing
DEL-FRA,26-01-2026,276.643188,0.760424406,2394,193.6502316,0.080889821,2200.349768,Conservative Loading,Stable | High Fixed Cost Exposure | High Delay Risk | Flexible → Conservative Loading,Discount / Spot Pricing
DEL-FRA,27-01-2026,2220.156202,0.743206967,2394,1554.109341,0.64916848,839.8906588,Conservative Loading,Volatile | High Fixed Cost Exposure | High Delay Risk | Flexible → Conservative Loading,Discount / Spot Pricing
DEL-FRA,28-01-2026,312.8282638,0.768523907,2394,218.9797846,0.091470253,2175.020215,Conservative Loading,Stable | High Fixed Cost Exposure | High Delay Risk | Flexible → Conservative Loading,Discount / Spot Pricing
DEL-FRA,29-01-2026,169.1983258,0.982380066,2394,118.4388281,0.049473195,2275.561172,Conservative Loading,Stable | High Fixed Cost Exposure | High Delay Risk | Flexible → Conservative Loading,Discount / Spot Pricing
DEL-FRA,30-01-2026,285.5008097,0.804489472,2394,199.8505668,0.083479769,2194.149433,Conservative Loading,Stable | High Fixed Cost Exposure | High Delay Risk | Flexible → Conservative Loading,Discount / Spot Pricing
DEL-FRA,31-01-2026,61.34720215,0.469463308,2394,42.94304151,0.017937778,2351.056958,Conservative Loading,Volatile | High Fixed Cost Exposure | High Delay Risk | Flexible → Conservative Loading,Discount / Spot Pricing
DEL-FRA,01-02-2026,170.4166486,0.910936777,2394,119.291654,0.049829429,2274.708346,Conservative Loading,Stable | High Fixed Cost Exposure | High Delay Risk | Flexible → Conservative Loading,Discount / Spot Pricing
DEL-FRA,02-02-2026,137.289791,0.896615065,2394,96.1028537,0.040143214,2297.897146,Conservative Loading,Stable | High Fixed Cost Exposure | High Delay Risk | Flexible → Conservative Loading,Discount / Spot Pricing
DEL-FRA,03-02-2026,105.4245503,0.720669732,2394,73.7971852,0.030825892,2320.202815,Conservative Loading,Volatile | High Fixed Cost Exposure | High Delay Risk | Flexible → Conservative Loading,Discount / Spot Pricing
DEL-FRA,04-02-2026,82.24625044,0.603920663,2394,57.57237531,0.024048611,2336.427625,Conservative Loading,Volatile | High Fixed Cost Exposure | High Delay Risk | Flexible → Conservative Loading,Discount / Spot Pricing
DEL-FRA,05-02-2026,59.0245719,0.494960892,2394,41.31720033,0.017258647,2352.6828,Conservative Loading,Volatile | High Fixed Cost Exposure | High Delay Risk | Flexible → Conservative Loading,Discount / Spot Pricing
DEL-FRA,06-02-2026,752.4352091,0.731581554,2394,526.7046464,0.220010295,1867.295354,Conservative Loading,Volatile | High Fixed Cost Exposure | High Delay Risk | Flexible → Conservative Loading,Discount / Spot Pricing
DEL-FRA,07-02-2026,332.9899857,0.719601716,2394,233.09299,0.097365493,2160.90701,Conservative Loading,Volatile | High Fixed Cost Exposure | High Delay Risk | Flexible → Conservative Loading,Discount / Spot Pricing
DEL-FRA,08-02-2026,146.4280506,0.894202874,2394,102.4996354,0.042815219,2291.500365,Conservative Loading,Stable | High Fixed Cost Exposure | High Delay Risk | Flexible → Conservative Loading,Discount / Spot Pricing
DEL-FRA,09-02-2026,205.818192,0.930999985,2394,144.0727344,0.060180758,2249.927266,Conservative Loading,Stable | High Fixed Cost Exposure | High Delay Risk | Flexible → Conservative Loading,Discount / Spot Pricing
DEL-FRA,10-02-2026,159.4839221,0.990447946,2394,111.6387455,0.046632726,2282.361255,Conservative Loading,Stable | High Fixed Cost Exposure | High Delay Risk | Flexible → Conservative Loading,Discount / Spot Pricing
DEL-FRA,11-02-2026,285.3670191,0.742040369,2394,199.7569134,0.083440649,2194.243087,Conservative Loading,Volatile | High Fixed Cost Exposure | High Delay Risk | Flexible → Conservative Loading,Discount / Spot Pricing
DEL-FRA,12-02-2026,251.2929361,0.818903572,2394,175.9050552,0.073477467,2218.094945,Conservative Loading,Stable | High Fixed Cost Exposure | High Delay Risk | Flexible → Conservative Loading,Discount / Spot Pricing
DEL-FRA,13-02-2026,131.5161025,0.853816301,2394,92.06127175,0.038455001,2301.938728,Conservative Loading,Stable | High Fixed Cost Exposure | High Delay Risk | Flexible → Conservative Loading,Discount / Spot Pricing
DEL-FRA,14-02-2026,94.59103813,0.662706293,2394,66.21372669,0.027658198,2327.786273,Conservative Loading,Volatile | High Fixed Cost Exposure | High Delay Risk | Flexible → Conservative Loading,Discount / Spot Pricing
DEL-FRA,15-02-2026,230.6173683,0.883690171,2394,161.4321578,0.067431979,2232.567842,Conservative Loading,Stable | High Fixed Cost Exposure | High Delay Risk | Flexible → Conservative Loading,Discount / Spot Pricing
DEL-FRA,16-02-2026,1956.501533,0.612248429,2394,1369.551073,0.572076472,1024.448927,Conservative Loading,Volatile | High Fixed Cost Exposure | High Delay Risk | Flexible → Conservative Loading,Discount / Spot Pricing
DEL-FRA,17-02-2026,271.8433334,0.818370965,2394,190.2903333,0.079486355,2203.709667,Conservative Loading,Stable | High Fixed Cost Exposure | High Delay Risk | Flexible → Conservative Loading,Discount / Spot Pricing
DEL-FRA,18-02-2026,221.633997,0.910495176,2394,155.1437979,0.064805262,2238.856202,Conservative Loading,Stable | High Fixed Cost Exposure | High Delay Risk | Flexible → Conservative Loading,Discount / Spot Pricing
DEL-FRA,19-02-2026,98.46657422,0.678709928,2394,68.92660196,0.028791396,2325.073398,Conservative Loading,Volatile | High Fixed Cost Exposure | High Delay Risk | Flexible → Conservative Loading,Discount / Spot Pricing
DEL-FRA,20-02-2026,34.47380899,0.32022647,2394,24.13166629,0.010080061,2369.868334,Conservative Loading,Volatile | High Fixed Cost Exposure | High Delay Risk | Flexible → Conservative Loading,Discount / Spot Pricing
DEL-FRA,21-02-2026,332.0652656,0.705295428,2394,232.445686,0.097095107,2161.554314,Conservative Loading,Volatile | High Fixed Cost Exposure | High Delay Risk | Flexible → Conservative Loading,Discount / Spot Pricing
DEL-FRA,22-02-2026,1603.458706,0.815509744,2394,1122.421094,0.468847575,1271.578906,Conservative Loading,Stable | High Fixed Cost Exposure | High Delay Risk | Flexible → Conservative Loading,Discount / Spot Pricing
DEL-FRA,23-02-2026,40.05894187,0.293538433,2394,28.04125931,0.011713141,2365.958741,Conservative Loading,Volatile | High Fixed Cost Exposure | High Delay Risk | Flexible → Conservative Loading,Discount / Spot Pricing
DEL-FRA,24-02-2026,128.2651529,0.833421689,2394,89.78560705,0.037504431,2304.214393,Conservative Loading,Stable | High Fixed Cost Exposure | High Delay Risk | Flexible → Conservative Loading,Discount / Spot Pricing
DEL-FRA,25-02-2026,403.5187201,0.663832396,2394,282.4631041,0.11798793,2111.536896,Conservative Loading,Volatile | High Fixed Cost Exposure | High Delay Risk | Flexible → Conservative Loading,Discount / Spot Pricing
DEL-FRA,26-02-2026,145.8448834,0.87588496,2394,102.0914184,0.042644703,2291.908582,Conservative Loading,Stable | High Fixed Cost Exposure | High Delay Risk | Flexible → Conservative Loading,Discount / Spot Pricing
DEL-FRA,27-02-2026,247.1691898,0.782512161,2394,173.0184329,0.072271693,2220.981567,Conservative Loading,Stable | High Fixed Cost Exposure | High Delay Risk | Flexible → Conservative Loading,Discount / Spot Pricing
DEL-FRA,28-02-2026,186.7320525,0.972697448,2394,130.7124367,0.054600015,2263.287563,Conservative Loading,Stable | High Fixed Cost Exposure | High Delay Risk | Flexible → Conservative Loading,Discount / Spot Pricing
DEL-FRA,01-03-2026,407.3458113,0.663063222,2394,285.1420679,0.119106962,2108.857932,Conservative Loading,Volatile | High Fixed Cost Exposure | High Delay Risk | Flexible → Conservative Loading,Discount / Spot Pricing
DEL-FRA,01-01-2026,293.2778284,0.80489366,2394,205.2944799,0.085753751,2188.70552,Conservative Loading,Stable | High Fixed Cost Exposure | High Delay Risk | Flexible → Conservative Loading,Discount / Spot Pricing
DEL-FRA,02-01-2026,246.1047435,0.793391413,2394,172.2733204,0.071960451,2221.72668,Conservative Loading,Stable | High Fixed Cost Exposure | High Delay Risk | Flexible → Conservative Loading,Discount / Spot Pricing
DEL-FRA,03-01-2026,11.03895019,0.092757265,2394,7.72726513,0.003227763,2386.272735,Conservative Loading,Volatile | High Fixed Cost Exposure | High Delay Risk | Flexible → Conservative Loading,Discount / Spot Pricing
DEL-FRA,04-01-2026,364.9493092,0.561101941,2394,255.4645165,0.106710324,2138.535484,Conservative Loading,Volatile | High Fixed Cost Exposure | High Delay Risk | Flexible → Conservative Loading,Discount / Spot Pricing
DEL-FRA,05-01-2026,233.7832344,0.904601067,2394,163.6482641,0.068357671,2230.351736,Conservative Loading,Stable | High Fixed Cost Exposure | High Delay Risk | Flexible → Conservative Loading,Discount / Spot Pricing
DEL-FRA,06-01-2026,1038.475141,0.865275766,2394,726.9325989,0.303647702,1667.067401,Conservative Loading,Stable | High Fixed Cost Exposure | High Delay Risk | Flexible → Conservative Loading,Discount / Spot Pricing
DEL-FRA,07-01-2026,32.7662527,0.287278552,2394,22.93637689,0.009580776,2371.063623,Conservative Loading,Volatile | High Fixed Cost Exposure | High Delay Risk | Flexible → Conservative Loading,Discount / Spot Pricing
DEL-FRA,08-01-2026,90.9569311,0.657409735,2394,63.66985177,0.026595594,2330.330148,Conservative Loading,Volatile | High Fixed Cost Exposure | High Delay Risk | Flexible → Conservative Loading,Discount / Spot Pricing
DEL-FRA,09-01-2026,211.5500655,0.924152303,2394,148.0850458,0.061856744,2245.914954,Conservative Loading,Stable | High Fixed Cost Exposure | High Delay Risk | Flexible → Conservative Loading,Discount / Spot Pricing
DEL-FRA,10-01-2026,181.8210345,0.983611315,2394,127.2747242,0.053164045,2266.725276,Conservative Loading,Stable | High Fixed Cost Exposure | High Delay Risk | Flexible → Conservative Loading,Discount / Spot Pricing
DEL-FRA,11-01-2026,198.2692298,0.88516237,2394,138.7884608,0.057973459,2255.211539,Conservative Loading,Stable | High Fixed Cost Exposure | High Delay Risk | Flexible → Conservative Loading,Discount / Spot Pricing
DEL-FRA,12-01-2026,167.1745267,0.941137653,2394,117.0221687,0.048881441,2276.977831,Conservative Loading,Stable | High Fixed Cost Exposure | High Delay Risk | Flexible → Conservative Loading,Discount / Spot Pricing
DEL-FRA,13-01-2026,290.2213869,0.713963467,2394,203.1549709,0.084860055,2190.845029,Conservative Loading,Volatile | High Fixed Cost Exposure | High Delay Risk | Flexible → Conservative Loading,Discount / Spot Pricing
DEL-FRA,14-01-2026,384.7496614,0.694053361,2394,269.324763,0.112499901,2124.675237,Conservative Loading,Volatile | High Fixed Cost Exposure | High Delay Risk | Flexible → Conservative Loading,Discount / Spot Pricing
DEL-FRA,15-01-2026,358.6056913,0.58220124,2394,251.0239839,0.104855465,2142.976016,Conservative Loading,Volatile | High Fixed Cost Exposure | High Delay Risk | Flexible → Conservative Loading,Discount / Spot Pricing
DEL-FRA,16-01-2026,278.6320585,0.86948808,2394,195.042441,0.081471362,2198.957559,Conservative Loading,Stable | High Fixed Cost Exposure | High Delay Risk | Flexible → Conservative Loading,Discount / Spot Pricing
DEL-FRA,17-01-2026,352.1312034,0.633020971,2394,246.4918424,0.10296234,2147.508158,Conservative Loading,Volatile | High Fixed Cost Exposure | High Delay Risk | Flexible → Conservative Loading,Discount / Spot Pricing
DEL-FRA,18-01-2026,26.23607368,0.228066031,2394,18.36525158,0.007671367,2375.634748,Conservative Loading,Volatile | High Fixed Cost Exposure | High Delay Risk | Flexible → Conservative Loading,Discount / Spot Pricing
DEL-FRA,19-01-2026,242.3433315,0.897892118,2394,169.640332,0.070860623,2224.359668,Conservative Loading,Stable | High Fixed Cost Exposure | High Delay Risk | Flexible → Conservative Loading,Discount / Spot Pricing
DEL-FRA,20-01-2026,325.7672903,0.633433416,2394,228.0371032,0.095253594,2165.962897,Conservative Loading,Volatile | High Fixed Cost Exposure | High Delay Risk | Flexible → Conservative Loading,Discount / Spot Pricing
DEL-FRA,21-01-2026,2301.98261,0.76309643,2394,1611.387827,0.673094331,782.6121727,Conservative Loading,Stable | High Fixed Cost Exposure | High Delay Risk | Flexible → Conservative Loading,Discount / Spot Pricing
DEL-FRA,22-01-2026,80.09600478,0.53829316,2394,56.06720334,0.023419884,2337.932797,Conservative Loading,Volatile | High Fixed Cost Exposure | High Delay Risk | Flexible → Conservative Loading,Discount / Spot Pricing
DEL-FRA,23-01-2026,2051.712671,0.982033304,2394,1436.19887,0.599915986,957.8011304,Conservative Loading,Stable | High Fixed Cost Exposure | High Delay Risk | Flexible → Conservative Loading,Discount / Spot Pricing
DEL-FRA,24-01-2026,257.5352424,0.841868639,2394,180.2746696,0.075302702,2213.72533,Conservative Loading,Stable | High Fixed Cost Exposure | High Delay Risk | Flexible → Conservative Loading,Discount / Spot Pricing
DEL-FRA,25-01-2026,41.75178611,0.332128776,2394,29.22625028,0.012208125,2364.77375,Conservative Loading,Volatile | High Fixed Cost Exposure | High Delay Risk | Flexible → Conservative Loading,Discount / Spot Pricing
DEL-FRA,26-01-2026,27.18897051,0.220009328,2394,19.03227936,0.007949991,2374.967721,Conservative Loading,Volatile | High Fixed Cost Exposure | High Delay Risk | Flexible → Conservative Loading,Discount / Spot Pricing
DEL-FRA,27-01-2026,350.8735805,0.606135677,2394,245.6115064,0.102594614,2148.388494,Conservative Loading,Volatile | High Fixed Cost Exposure | High Delay Risk | Flexible → Conservative Loading,Discount / Spot Pricing
DEL-FRA,28-01-2026,327.5561361,0.628044195,2394,229.2892952,0.095776648,2164.710705,Conservative Loading,Volatile | High Fixed Cost Exposure | High Delay Risk | Flexible → Conservative Loading,Discount / Spot Pricing
DEL-FRA,29-01-2026,339.5713938,0.740862873,2394,237.6999757,0.099289881,2156.300024,Conservative Loading,Volatile | High Fixed Cost Exposure | High Delay Risk | Flexible → Conservative Loading,Discount / Spot Pricing
DEL-FRA,30-01-2026,1443.571053,0.998704436,2394,1010.499737,0.422096799,1383.500263,Conservative Loading,Stable | High Fixed Cost Exposure | High Delay Risk | Flexible → Conservative Loading,Discount / Spot Pricing
DEL-FRA,31-01-2026,243.6780455,0.875427512,2394,170.5746319,0.071250891,2223.425368,Conservative Loading,Stable | High Fixed Cost Exposure | High Delay Risk | Flexible → Conservative Loading,Discount / Spot Pricing
DEL-FRA,01-02-2026,125.2052492,0.779183043,2394,87.64367441,0.036609722,2306.356326,Conservative Loading,Stable | High Fixed Cost Exposure | High Delay Risk | Flexible → Conservative Loading,Discount / Spot Pricing
DEL-FRA,02-02-2026,198.1459395,0.920691045,2394,138.7021576,0.057937409,2255.297842,Conservative Loading,Stable | High Fixed Cost Exposure | High Delay Risk | Flexible → Conservative Loading,Discount / Spot Pricing
DEL-FRA,03-02-2026,99.67449346,0.666742497,2394,69.77214542,0.029144589,2324.227855,Conservative Loading,Volatile | High Fixed Cost Exposure | High Delay Risk | Flexible → Conservative Loading,Discount / Spot Pricing
DEL-FRA,04-02-2026,92.54957348,0.650338378,2394,64.78470143,0.027061279,2329.215299,Conservative Loading,Volatile | High Fixed Cost Exposure | High Delay Risk | Flexible → Conservative Loading,Discount / Spot Pricing
DEL-FRA,05-02-2026,105.8650676,0.72825424,2394,74.10554731,0.030954698,2319.894453,Conservative Loading,Volatile | High Fixed Cost Exposure | High Delay Risk | Flexible → Conservative Loading,Discount / Spot Pricing
DEL-FRA,06-02-2026,60.6285901,0.434020786,2394,42.44001307,0.017727658,2351.559987,Conservative Loading,Volatile | High Fixed Cost Exposure | High Delay Risk | Flexible → Conservative Loading,Discount / Spot Pricing
DEL-FRA,07-02-2026,274.5667733,0.808040744,2394,192.1967413,0.080282682,2201.803259,Conservative Loading,Stable | High Fixed Cost Exposure | High Delay Risk | Flexible → Conservative Loading,Discount / Spot Pricing
DEL-FRA,08-02-2026,367.2665029,0.561883286,2394,257.086552,0.107387866,2136.913448,Conservative Loading,Volatile | High Fixed Cost Exposure | High Delay Risk | Flexible → Conservative Loading,Discount / Spot Pricing
DEL-FRA,09-02-2026,14.42654618,0.123392136,2394,10.09858233,0.004218288,2383.901418,Conservative Loading,Volatile | High Fixed Cost Exposure | High Delay Risk | Flexible → Conservative Loading,Discount / Spot Pricing
DEL-FRA,10-02-2026,318.0996353,0.643898111,2394,222.6697447,0.093011589,2171.330255,Conservative Loading,Volatile | High Fixed Cost Exposure | High Delay Risk | Flexible → Conservative Loading,Discount / Spot Pricing
DEL-FRA,11-02-2026,343.660977,0.727892354,2394,240.5626839,0.100485666,2153.437316,Conservative Loading,Volatile | High Fixed Cost Exposure | High Delay Risk | Flexible → Conservative Loading,Discount / Spot Pricing
DEL-FRA,12-02-2026,244.6111174,0.913747315,2394,171.2277822,0.071523719,2222.772218,Conservative Loading,Stable | High Fixed Cost Exposure | High Delay Risk | Flexible → Conservative Loading,Discount / Spot Pricing
DEL-FRA,13-02-2026,219.5079172,0.856006072,2394,153.655542,0.064183602,2240.344458,Conservative Loading,Stable | High Fixed Cost Exposure | High Delay Risk | Flexible → Conservative Loading,Discount / Spot Pricing
DEL-FRA,14-02-2026,752.7338116,0.960615953,2394,526.9136681,0.220097606,1867.086332,Conservative Loading,Stable | High Fixed Cost Exposure | High Delay Risk | Flexible → Conservative Loading,Discount / Spot Pricing
DEL-FRA,15-02-2026,206.2131546,0.955754697,2394,144.3492083,0.060296244,2249.650792,Conservative Loading,Stable | High Fixed Cost Exposure | High Delay Risk | Flexible → Conservative Loading,Discount / Spot Pricing
DEL-FRA,16-02-2026,193.4157144,0.993129873,2394,135.3910001,0.056554302,2258.609,Conservative Loading,Stable | High Fixed Cost Exposure | High Delay Risk | Flexible → Conservative Loading,Discount / Spot Pricing
DEL-FRA,17-02-2026,172.7643196,0.872682813,2394,120.9350237,0.050515883,2273.064976,Conservative Loading,Stable | High Fixed Cost Exposure | High Delay Risk | Flexible → Conservative Loading,Discount / Spot Pricing
DEL-FRA,18-02-2026,105.1438293,0.711931812,2394,73.60068049,0.03074381,2320.39932,Conservative Loading,Volatile | High Fixed Cost Exposure | High Delay Risk | Flexible → Conservative Loading,Discount / Spot Pricing
DEL-FRA,19-02-2026,163.247218,0.975551763,2394,114.2730526,0.047733105,2279.726947,Conservative Loading,Stable | High Fixed Cost Exposure | High Delay Risk | Flexible → Conservative Loading,Discount / Spot Pricing
DEL-FRA,20-02-2026,370.2942712,0.58590324,2394,259.2059898,0.108273179,2134.79401,Conservative Loading,Volatile | High Fixed Cost Exposure | High Delay Risk | Flexible → Conservative Loading,Discount / Spot Pricing
DEL-FRA,21-02-2026,1883.943255,0.709664655,2394,1318.760279,0.550860601,1075.239721,Conservative Loading,Volatile | High Fixed Cost Exposure | High Delay Risk | Flexible → Conservative Loading,Discount / Spot Pricing
DEL-FRA,22-02-2026,103.5489124,0.714308273,2394,72.48423871,0.03027746,2321.515761,Conservative Loading,Volatile | High Fixed Cost Exposure | High Delay Risk | Flexible → Conservative Loading,Discount / Spot Pricing
DEL-FRA,23-02-2026,214.0151395,0.946154221,2394,149.8105976,0.062577526,2244.189402,Conservative Loading,Stable | High Fixed Cost Exposure | High Delay Risk | Flexible → Conservative Loading,Discount / Spot Pricing
DEL-FRA,24-02-2026,403.0886606,0.631288831,2394,282.1620624,0.117862181,2111.837938,Conservative Loading,Volatile | High Fixed Cost Exposure | High Delay Risk | Flexible → Conservative Loading,Discount / Spot Pricing
DEL-FRA,25-02-2026,349.2406293,0.736954877,2394,244.4684405,0.102117143,2149.531559,Conservative Loading,Volatile | High Fixed Cost Exposure | High Delay Risk | Flexible → Conservative Loading,Discount / Spot Pricing
DEL-FRA,26-02-2026,28.50691285,0.240161961,2394,19.95483899,0.008335355,2374.045161,Conservative Loading,Volatile | High Fixed Cost Exposure | High Delay Risk | Flexible → Conservative Loading,Discount / Spot Pricing
DEL-FRA,27-02-2026,99.23976616,0.627969474,2394,69.46783631,0.029017475,2324.532164,Conservative Loading,Volatile | High Fixed Cost Exposure | High Delay Risk | Flexible → Conservative Loading,Discount / Spot Pricing
DEL-FRA,28-02-2026,74.31875655,0.549671136,2394,52.02312959,0.021730631,2341.97687,Conservative Loading,Volatile | High Fixed Cost Exposure | High Delay Risk | Flexible → Conservative Loading,Discount / Spot Pricing
DEL-FRA,01-03-2026,216.0684787,0.954992305,2394,151.2479351,0.063177918,2242.752065,Conservative Loading,Stable | High Fixed Cost Exposure | High Delay Risk | Flexible → Conservative Loading,Discount / Spot Pricing
DEL-FRA,01-01-2026,1156.696204,0.977614955,2394,809.6873429,0.338215264,1584.312657,Conservative Loading,Stable | High Fixed Cost Exposure | High Delay Risk | Flexible → Conservative Loading,Discount / Spot Pricing
DEL-FRA,02-01-2026,1221.377126,0.846126648,2394,854.963988,0.357127815,1539.036012,Conservative Loading,Stable | High Fixed Cost Exposure | High Delay Risk | Flexible → Conservative Loading,Discount / Spot Pricing
DEL-FRA,03-01-2026,1910.896362,0.976001546,2394,1337.627454,0.558741626,1056.372546,Conservative Loading,Stable | High Fixed Cost Exposure | High Delay Risk | Flexible → Conservative Loading,Discount / Spot Pricing
DEL-FRA,04-01-2026,-29.39095906,0,2394,-20.57367134,0,2414.573671,Conservative Loading,Volatile | High Fixed Cost Exposure | High Delay Risk | Flexible → Conservative Loading,Discount / Spot Pricing
DEL-FRA,05-01-2026,97.59531805,0.663243879,2394,68.31672264,0.028536643,2325.683277,Conservative Loading,Volatile | High Fixed Cost Exposure | High Delay Risk | Flexible → Conservative Loading,Discount / Spot Pricing
DEL-FRA,06-01-2026,1649.667327,0.420806926,2394,1154.767129,0.482358868,1239.232871,Conservative Loading,Volatile | High Fixed Cost Exposure | High Delay Risk | Flexible → Conservative Loading,Discount / Spot Pricing
DEL-FRA,07-01-2026,-28.86192168,0,2394,-20.20334518,0,2414.203345,Conservative Loading,Volatile | High Fixed Cost Exposure | High Delay Risk | Flexible → Conservative Loading,Discount / Spot Pricing
DEL-FRA,08-01-2026,180.2727161,0.995923786,2394,126.1909013,0.052711321,2267.809099,Conservative Loading,Stable | High Fixed Cost Exposure | High Delay Risk | Flexible → Conservative Loading,Discount / Spot Pricing
DEL-FRA,09-01-2026,173.7653525,0.976136052,2394,121.6357467,0.050808583,2272.364253,Conservative Loading,Stable | High Fixed Cost Exposure | High Delay Risk | Flexible → Conservative Loading,Discount / Spot Pricing
DEL-FRA,10-01-2026,-82.75952279,0,2394,-57.93166595,0,2451.931666,Conservative Loading,Volatile | High Fixed Cost Exposure | High Delay Risk | Flexible → Conservative Loading,Discount / Spot Pricing
DEL-FRA,11-01-2026,34.62501552,0.294340508,2394,24.23751086,0.010124274,2369.762489,Conservative Loading,Volatile | High Fixed Cost Exposure | High Delay Risk | Flexible → Conservative Loading,Discount / Spot Pricing
DEL-FRA,12-01-2026,217.1550963,0.921557079,2394,152.0085674,0.063495642,2241.991433,Conservative Loading,Stable | High Fixed Cost Exposure | High Delay Risk | Flexible → Conservative Loading,Discount / Spot Pricing
DEL-FRA,13-01-2026,230.9500075,0.833981202,2394,161.6650052,0.067529242,2232.334995,Conservative Loading,Stable | High Fixed Cost Exposure | High Delay Risk | Flexible → Conservative Loading,Discount / Spot Pricing
DEL-FRA,14-01-2026,60.21973302,0.476759153,2394,42.15381311,0.017608109,2351.846187,Conservative Loading,Volatile | High Fixed Cost Exposure | High Delay Risk | Flexible → Conservative Loading,Discount / Spot Pricing
DEL-FRA,15-01-2026,6.934976507,0.060736019,2394,4.854483555,0.002027771,2389.145516,Conservative Loading,Volatile | High Fixed Cost Exposure | High Delay Risk | Flexible → Conservative Loading,Discount / Spot Pricing
DEL-FRA,16-01-2026,-24.54089782,0,2394,-17.17862847,0,2411.178628,Conservative Loading,Volatile | High Fixed Cost Exposure | High Delay Risk | Flexible → Conservative Loading,Discount / Spot Pricing
DEL-FRA,17-01-2026,-97.68009133,0,2394,-68.37606393,0,2462.376064,Conservative Loading,Volatile | High Fixed Cost Exposure | High Delay Risk | Flexible → Conservative Loading,Discount / Spot Pricing
DEL-FRA,18-01-2026,-66.69720375,0,2394,-46.68804263,0,2440.688043,Conservative Loading,Volatile | High Fixed Cost Exposure | High Delay Risk | Flexible → Conservative Loading,Discount / Spot Pricing
DEL-FRA,19-01-2026,-33.11669799,0,2394,-23.18168859,0,2417.181689,Conservative Loading,Volatile | High Fixed Cost Exposure | High Delay Risk | Flexible → Conservative Loading,Discount / Spot Pricing
DEL-FRA,20-01-2026,110.6154219,0.778944972,2394,77.43079531,0.032343691,2316.569205,Conservative Loading,Stable | High Fixed Cost Exposure | High Delay Risk | Flexible → Conservative Loading,Discount / Spot Pricing
DEL-FRA,21-01-2026,267.0161059,0.769967783,2394,186.9112741,0.078074885,2207.088726,Conservative Loading,Stable | High Fixed Cost Exposure | High Delay Risk | Flexible → Conservative Loading,Discount / Spot Pricing
DEL-FRA,22-01-2026,119.1639678,0.737924224,2394,83.41477745,0.034843265,2310.585223,Conservative Loading,Volatile | High Fixed Cost Exposure | High Delay Risk | Flexible → Conservative Loading,Discount / Spot Pricing
DEL-FRA,23-01-2026,131.0097924,0.774600985,2394,91.70685465,0.038306957,2302.293145,Conservative Loading,Stable | High Fixed Cost Exposure | High Delay Risk | Flexible → Conservative Loading,Discount / Spot Pricing
DEL-FRA,24-01-2026,896.2773006,0.773765601,2394,627.3941104,0.262069386,1766.60589,Conservative Loading,Stable | High Fixed Cost Exposure | High Delay Risk | Flexible → Conservative Loading,Discount / Spot Pricing
DEL-FRA,25-01-2026,-39.62842878,0,2394,-27.73990015,0,2421.7399,Conservative Loading,Volatile | High Fixed Cost Exposure | High Delay Risk | Flexible → Conservative Loading,Discount / Spot Pricing
DEL-FRA,26-01-2026,949.1680877,0.31748474,2394,664.4176614,0.277534529,1729.582339,Conservative Loading,Volatile | High Fixed Cost Exposure | High Delay Risk | Flexible → Conservative Loading,Discount / Spot Pricing
DEL-FRA,27-01-2026,121.4609697,0.755910628,2394,85.02267882,0.035514903,2308.977321,Conservative Loading,Stable | High Fixed Cost Exposure | High Delay Risk | Flexible → Conservative Loading,Discount / Spot Pricing
DEL-FRA,28-01-2026,-48.22087306,0,2394,-33.75461114,0,2427.754611,Conservative Loading,Volatile | High Fixed Cost Exposure | High Delay Risk | Flexible → Conservative Loading,Discount / Spot Pricing
DEL-FRA,29-01-2026,192.3267581,0.978072469,2394,134.6287306,0.056235894,2259.371269,Conservative Loading,Stable | High Fixed Cost Exposure | High Delay Risk | Flexible → Conservative Loading,Discount / Spot Pricing
DEL-FRA,30-01-2026,-81.01431236,0,2394,-56.71001865,0,2450.710019,Conservative Loading,Volatile | High Fixed Cost Exposure | High Delay Risk | Flexible → Conservative Loading,Discount / Spot Pricing
DEL-FRA,31-01-2026,72.01317048,0.503662713,2394,50.40921934,0.021056483,2343.590781,Conservative Loading,Volatile | High Fixed Cost Exposure | High Delay Risk | Flexible → Conservative Loading,Discount / Spot Pricing
DEL-FRA,01-02-2026,1792.32532,0.455810495,2394,1254.627724,0.524071731,1139.372276,Conservative Loading,Volatile | High Fixed Cost Exposure | High Delay Risk | Flexible → Conservative Loading,Discount / Spot Pricing
DEL-FRA,02-02-2026,188.5527819,0.981159285,2394,131.9869473,0.055132392,2262.013053,Conservative Loading,Stable | High Fixed Cost Exposure | High Delay Risk | Flexible → Conservative Loading,Discount / Spot Pricing
DEL-FRA,03-02-2026,99.62123939,0.649632452,2394,69.73486758,0.029129017,2324.265132,Conservative Loading,Volatile | High Fixed Cost Exposure | High Delay Risk | Flexible → Conservative Loading,Discount / Spot Pricing
DEL-FRA,04-02-2026,244.9059631,0.78302348,2394,171.4341742,0.071609931,2222.565826,Conservative Loading,Stable | High Fixed Cost Exposure | High Delay Risk | Flexible → Conservative Loading,Discount / Spot Pricing
DEL-FRA,05-02-2026,167.0071331,0.918649611,2394,116.9049932,0.048832495,2277.095007,Conservative Loading,Stable | High Fixed Cost Exposure | High Delay Risk | Flexible → Conservative Loading,Discount / Spot Pricing
DEL-FRA,06-02-2026,-61.42150509,0,2394,-42.99505357,0,2436.995054,Conservative Loading,Volatile | High Fixed Cost Exposure | High Delay Risk | Flexible → Conservative Loading,Discount / Spot Pricing
DEL-FRA,07-02-2026,144.4929111,0.877399332,2394,101.1450378,0.042249389,2292.854962,Conservative Loading,Stable | High Fixed Cost Exposure | High Delay Risk | Flexible → Conservative Loading,Discount / Spot Pricing
DEL-FRA,08-02-2026,351.864447,0.674686109,2394,246.3051129,0.102884341,2147.694887,Conservative Loading,Volatile | High Fixed Cost Exposure | High Delay Risk | Flexible → Conservative Loading,Discount / Spot Pricing
DEL-FRA,09-02-2026,163.1706039,0.931660304,2394,114.2194227,0.047710703,2279.780577,Conservative Loading,Stable | High Fixed Cost Exposure | High Delay Risk | Flexible → Conservative Loading,Discount / Spot Pricing
DEL-FRA,10-02-2026,108.947794,0.641834225,2394,76.26345578,0.03185608,2317.736544,Conservative Loading,Volatile | High Fixed Cost Exposure | High Delay Risk | Flexible → Conservative Loading,Discount / Spot Pricing
DEL-FRA,11-02-2026,159.7240113,0.966138716,2394,111.8068079,0.046702927,2282.193192,Conservative Loading,Stable | High Fixed Cost Exposure | High Delay Risk | Flexible → Conservative Loading,Discount / Spot Pricing
DEL-FRA,12-02-2026,1905.067185,0.93630629,2394,1333.54703,0.557037189,1060.45297,Conservative Loading,Stable | High Fixed Cost Exposure | High Delay Risk | Flexible → Conservative Loading,Discount / Spot Pricing
DEL-FRA,13-02-2026,125.9315648,0.862393234,2394,88.15209538,0.036822095,2305.847905,Conservative Loading,Stable | High Fixed Cost Exposure | High Delay Risk | Flexible → Conservative Loading,Discount / Spot Pricing
DEL-FRA,14-02-2026,234.5083218,0.82121511,2394,164.1558253,0.068569685,2229.844175,Conservative Loading,Stable | High Fixed Cost Exposure | High Delay Risk | Flexible → Conservative Loading,Discount / Spot Pricing
DEL-FRA,15-02-2026,-0.349207631,0,2394,-0.244445342,0,2394.244445,Conservative Loading,Volatile | High Fixed Cost Exposure | High Delay Risk | Flexible → Conservative Loading,Discount / Spot Pricing
DEL-FRA,16-02-2026,-58.16877826,0,2394,-40.71814478,0,2434.718145,Conservative Loading,Volatile | High Fixed Cost Exposure | High Delay Risk | Flexible → Conservative Loading,Discount / Spot Pricing
DEL-FRA,17-02-2026,60.2706629,0.474898765,2394,42.18946403,0.017623001,2351.810536,Conservative Loading,Volatile | High Fixed Cost Exposure | High Delay Risk | Flexible → Conservative Loading,Discount / Spot Pricing
DEL-FRA,18-02-2026,-55.05712987,0,2394,-38.53999091,0,2432.539991,Conservative Loading,Volatile | High Fixed Cost Exposure | High Delay Risk | Flexible → Conservative Loading,Discount / Spot Pricing
DEL-FRA,19-02-2026,144.8145195,0.852126606,2394,101.3701637,0.042343427,2292.629836,Conservative Loading,Stable | High Fixed Cost Exposure | High Delay Risk | Flexible → Conservative Loading,Discount / Spot Pricing
DEL-FRA,20-02-2026,164.4373653,0.987373945,2394,115.1061557,0.048081101,2278.893844,Conservative Loading,Stable | High Fixed Cost Exposure | High Delay Risk | Flexible → Conservative Loading,Discount / Spot Pricing
DEL-FRA,21-02-2026,95.41633068,0.644329819,2394,66.79143148,0.027899512,2327.208569,Conservative Loading,Volatile | High Fixed Cost Exposure | High Delay Risk | Flexible → Conservative Loading,Discount / Spot Pricing
DEL-FRA,22-02-2026,169.4473025,0.967355377,2394,118.6131118,0.049545995,2275.386888,Conservative Loading,Stable | High Fixed Cost Exposure | High Delay Risk | Flexible → Conservative Loading,Discount / Spot Pricing
DEL-FRA,23-02-2026,-83.16946111,0,2394,-58.21862278,0,2452.218623,Conservative Loading,Volatile | High Fixed Cost Exposure | High Delay Risk | Flexible → Conservative Loading,Discount / Spot Pricing
DEL-FRA,24-02-2026,70.17263986,0.456478756,2394,49.1208479,0.020518316,2344.879152,Conservative Loading,Volatile | High Fixed Cost Exposure | High Delay Risk | Flexible → Conservative Loading,Discount / Spot Pricing
DEL-FRA,25-02-2026,72.37663909,0.5071803,2394,50.66364737,0.02116276,2343.336353,Conservative Loading,Volatile | High Fixed Cost Exposure | High Delay Risk | Flexible → Conservative Loading,Discount / Spot Pricing
DEL-FRA,26-02-2026,-67.14709211,0,2394,-47.00296448,0,2441.002964,Conservative Loading,Volatile | High Fixed Cost Exposure | High Delay Risk | Flexible → Conservative Loading,Discount / Spot Pricing
DEL-FRA,27-02-2026,71.56583706,0.519944942,2394,50.09608594,0.020925683,2343.903914,Conservative Loading,Volatile | High Fixed Cost Exposure | High Delay Risk | Flexible → Conservative Loading,Discount / Spot Pricing
DEL-FRA,28-02-2026,1525.376735,0.607696884,2394,1067.763714,0.446016589,1326.236286,Conservative Loading,Volatile | High Fixed Cost Exposure | High Delay Risk | Flexible → Conservative Loading,Discount / Spot Pricing
DEL-FRA,01-03-2026,-21.16225273,0,2394,-14.81357691,0,2408.813577,Conservative Loading,Volatile | High Fixed Cost Exposure | High Delay Risk | Flexible → Conservative Loading,Discount / Spot Pricing
DEL-FRA,01-01-2026,316.2631879,0.647207032,2394,221.3842315,0.092474616,2172.615768,Conservative Loading,Volatile | High Fixed Cost Exposure | High Delay Risk | Flexible → Conservative Loading,Discount / Spot Pricing
DEL-FRA,02-01-2026,106.8827604,0.704699696,2394,74.81793231,0.031252269,2319.182068,Conservative Loading,Volatile | High Fixed Cost Exposure | High Delay Risk | Flexible → Conservative Loading,Discount / Spot Pricing
DEL-FRA,03-01-2026,225.9363963,0.900038966,2394,158.1554774,0.066063274,2235.844523,Conservative Loading,Stable | High Fixed Cost Exposure | High Delay Risk | Flexible → Conservative Loading,Discount / Spot Pricing
DEL-FRA,04-01-2026,284.0753054,0.829544617,2394,198.8527138,0.083062955,2195.147286,Conservative Loading,Stable | High Fixed Cost Exposure | High Delay Risk | Flexible → Conservative Loading,Discount / Spot Pricing
DEL-FRA,05-01-2026,125.8043737,0.834743171,2394,88.06306159,0.036784905,2305.936938,Conservative Loading,Stable | High Fixed Cost Exposure | High Delay Risk | Flexible → Conservative Loading,Discount / Spot Pricing
DEL-FRA,06-01-2026,1762.23352,0.93734877,2394,1233.563464,0.515272959,1160.436536,Conservative Loading,Stable | High Fixed Cost Exposure | High Delay Risk | Flexible → Conservative Loading,Discount / Spot Pricing
DEL-FRA,07-01-2026,1198.598963,0.814592875,2394,839.0192743,0.350467533,1554.980726,Conservative Loading,Stable | High Fixed Cost Exposure | High Delay Risk | Flexible → Conservative Loading,Discount / Spot Pricing
DEL-FRA,08-01-2026,37.66033514,0.310801465,2394,26.3622346,0.011011794,2367.637765,Conservative Loading,Volatile | High Fixed Cost Exposure | High Delay Risk | Flexible → Conservative Loading,Discount / Spot Pricing
DEL-FRA,09-01-2026,219.9352831,0.99957916,2394,153.9546981,0.064308562,2240.045302,Conservative Loading,Stable | High Fixed Cost Exposure | High Delay Risk | Flexible → Conservative Loading,Discount / Spot Pricing
DEL-FRA,10-01-2026,22.39391945,0.182662228,2394,15.67574361,0.00654793,2378.324256,Conservative Loading,Volatile | High Fixed Cost Exposure | High Delay Risk | Flexible → Conservative Loading,Discount / Spot Pricing
DEL-FRA,11-01-2026,195.0002894,0.915234922,2394,136.5002026,0.057017628,2257.499797,Conservative Loading,Stable | High Fixed Cost Exposure | High Delay Risk | Flexible → Conservative Loading,Discount / Spot Pricing
DEL-FRA,12-01-2026,43.93334651,0.32845512,2394,30.75334256,0.012846008,2363.246657,Conservative Loading,Volatile | High Fixed Cost Exposure | High Delay Risk | Flexible → Conservative Loading,Discount / Spot Pricing
DEL-FRA,13-01-2026,56.06096155,0.381086807,2394,39.24267309,0.016392094,2354.757327,Conservative Loading,Volatile | High Fixed Cost Exposure | High Delay Risk | Flexible → Conservative Loading,Discount / Spot Pricing
DEL-FRA,14-01-2026,157.2552912,0.85584348,2394,110.0787038,0.045981079,2283.921296,Conservative Loading,Stable | High Fixed Cost Exposure | High Delay Risk | Flexible → Conservative Loading,Discount / Spot Pricing
DEL-FRA,15-01-2026,-17.60420033,0,2394,-12.32294023,0,2406.32294,Conservative Loading,Volatile | High Fixed Cost Exposure | High Delay Risk | Flexible → Conservative Loading,Discount / Spot Pricing
DEL-FRA,16-01-2026,161.9885207,0.950482719,2394,113.3919645,0.047365065,2280.608036,Conservative Loading,Stable | High Fixed Cost Exposure | High Delay Risk | Flexible → Conservative Loading,Discount / Spot Pricing
DEL-FRA,17-01-2026,128.7424125,0.745293542,2394,90.11968875,0.03764398,2303.880311,Conservative Loading,Volatile | High Fixed Cost Exposure | High Delay Risk | Flexible → Conservative Loading,Discount / Spot Pricing
DEL-FRA,18-01-2026,164.3588128,0.968516298,2394,115.0511689,0.048058132,2278.948831,Conservative Loading,Stable | High Fixed Cost Exposure | High Delay Risk | Flexible → Conservative Loading,Discount / Spot Pricing
DEL-FRA,19-01-2026,63.77115965,0.458334248,2394,44.63981175,0.018646538,2349.360188,Conservative Loading,Volatile | High Fixed Cost Exposure | High Delay Risk | Flexible → Conservative Loading,Discount / Spot Pricing
DEL-FRA,20-01-2026,290.4131721,0.8085744,2394,203.2892205,0.084916132,2190.710779,Conservative Loading,Stable | High Fixed Cost Exposure | High Delay Risk | Flexible → Conservative Loading,Discount / Spot Pricing
DEL-FRA,21-01-2026,153.1917805,0.950540803,2394,107.2342463,0.044792918,2286.765754,Conservative Loading,Stable | High Fixed Cost Exposure | High Delay Risk | Flexible → Conservative Loading,Discount / Spot Pricing
DEL-FRA,22-01-2026,1937.141205,0.560326077,2394,1355.998844,0.566415557,1038.001156,Conservative Loading,Volatile | High Fixed Cost Exposure | High Delay Risk | Flexible → Conservative Loading,Discount / Spot Pricing
DEL-FRA,23-01-2026,99.594663,0.794151233,2394,69.7162641,0.029121246,2324.283736,Conservative Loading,Stable | High Fixed Cost Exposure | High Delay Risk | Flexible → Conservative Loading,Discount / Spot Pricing
DEL-FRA,24-01-2026,17.53968817,0.156660034,2394,12.27778172,0.005128564,2381.722218,Conservative Loading,Volatile | High Fixed Cost Exposure | High Delay Risk | Flexible → Conservative Loading,Discount / Spot Pricing
DEL-FRA,25-01-2026,25.92731498,0.216582656,2394,18.14912049,0.007581086,2375.85088,Conservative Loading,Volatile | High Fixed Cost Exposure | High Delay Risk | Flexible → Conservative Loading,Discount / Spot Pricing
DEL-FRA,26-01-2026,64.69644043,0.507719992,2394,45.2875083,0.018917088,2348.712492,Conservative Loading,Volatile | High Fixed Cost Exposure | High Delay Risk | Flexible → Conservative Loading,Discount / Spot Pricing
DEL-FRA,27-01-2026,127.0452005,0.723987801,2394,88.93164036,0.037147719,2305.06836,Conservative Loading,Volatile | High Fixed Cost Exposure | High Delay Risk | Flexible → Conservative Loading,Discount / Spot Pricing
DEL-FRA,28-01-2026,269.571776,0.698326746,2394,188.7002432,0.078822157,2205.299757,Conservative Loading,Volatile | High Fixed Cost Exposure | High Delay Risk | Flexible → Conservative Loading,Discount / Spot Pricing
DEL-FRA,29-01-2026,869.4040235,0.726651192,2394,608.5828165,0.254211703,1785.417184,Conservative Loading,Volatile | High Fixed Cost Exposure | High Delay Risk | Flexible → Conservative Loading,Discount / Spot Pricing
DEL-FRA,30-01-2026,-6.675844243,0,2394,-4.67309097,0,2398.673091,Conservative Loading,Volatile | High Fixed Cost Exposure | High Delay Risk | Flexible → Conservative Loading,Discount / Spot Pricing
DEL-FRA,31-01-2026,228.5493745,0.970434403,2394,159.9845621,0.066827302,2234.015438,Conservative Loading,Stable | High Fixed Cost Exposure | High Delay Risk | Flexible → Conservative Loading,Discount / Spot Pricing
DEL-FRA,01-02-2026,8.571684614,0.080326919,2394,6.00017923,0.002506341,2387.999821,Conservative Loading,Volatile | High Fixed Cost Exposure | High Delay Risk | Flexible → Conservative Loading,Discount / Spot Pricing
DEL-FRA,02-02-2026,79.35892769,0.52761826,2394,55.55124939,0.023204365,2338.448751,Conservative Loading,Volatile | High Fixed Cost Exposure | High Delay Risk | Flexible → Conservative Loading,Discount / Spot Pricing
DEL-FRA,03-02-2026,698.0749474,0.828390274,2394,488.6524632,0.204115482,1905.347537,Conservative Loading,Stable | High Fixed Cost Exposure | High Delay Risk | Flexible → Conservative Loading,Discount / Spot Pricing
DEL-FRA,04-02-2026,334.2253523,0.615693234,2394,233.9577466,0.097726711,2160.042253,Conservative Loading,Volatile | High Fixed Cost Exposure | High Delay Risk | Flexible → Conservative Loading,Discount / Spot Pricing
DEL-FRA,05-02-2026,234.4993471,0.898815356,2394,164.149543,0.068567061,2229.850457,Conservative Loading,Stable | High Fixed Cost Exposure | High Delay Risk | Flexible → Conservative Loading,Discount / Spot Pricing
DEL-FRA,06-02-2026,37.94642918,0.298231515,2394,26.56250043,0.011095447,2367.4375,Conservative Loading,Volatile | High Fixed Cost Exposure | High Delay Risk | Flexible → Conservative Loading,Discount / Spot Pricing
DEL-FRA,07-02-2026,160.5389817,0.938422483,2394,112.3772872,0.046941223,2281.622713,Conservative Loading,Stable | High Fixed Cost Exposure | High Delay Risk | Flexible → Conservative Loading,Discount / Spot Pricing
DEL-FRA,08-02-2026,210.7343759,0.927456931,2394,147.5140632,0.061618239,2246.485937,Conservative Loading,Stable | High Fixed Cost Exposure | High Delay Risk | Flexible → Conservative Loading,Discount / Spot Pricing
DEL-FRA,09-02-2026,-10.36682973,0,2394,-7.25678081,0,2401.256781,Conservative Loading,Volatile | High Fixed Cost Exposure | High Delay Risk | Flexible → Conservative Loading,Discount / Spot Pricing
DEL-FRA,10-02-2026,272.8528614,0.802864193,2394,190.997003,0.079781538,2203.002997,Conservative Loading,Stable | High Fixed Cost Exposure | High Delay Risk | Flexible → Conservative Loading,Discount / Spot Pricing
DEL-FRA,11-02-2026,31.89676872,0.249991738,2394,22.32773811,0.009326541,2371.672262,Conservative Loading,Volatile | High Fixed Cost Exposure | High Delay Risk | Flexible → Conservative Loading,Discount / Spot Pricing
DEL-FRA,12-02-2026,1060.482375,0.926866413,2394,742.3376623,0.310082566,1651.662338,Conservative Loading,Stable | High Fixed Cost Exposure | High Delay Risk | Flexible → Conservative Loading,Discount / Spot Pricing
DEL-FRA,13-02-2026,1574.055315,0.427257569,2394,1101.838721,0.460250092,1292.161279,Conservative Loading,Volatile | High Fixed Cost Exposure | High Delay Risk | Flexible → Conservative Loading,Discount / Spot Pricing
DEL-FRA,14-02-2026,2079.29351,0.68983612,2394,1455.505457,0.607980559,938.4945428,Conservative Loading,Volatile | High Fixed Cost Exposure | High Delay Risk | Flexible → Conservative Loading,Discount / Spot Pricing
DEL-FRA,15-02-2026,268.2311664,0.682892073,2394,187.7618165,0.078430166,2206.238184,Conservative Loading,Volatile | High Fixed Cost Exposure | High Delay Risk | Flexible → Conservative Loading,Discount / Spot Pricing
DEL-FRA,16-02-2026,1209.010882,0.958059804,2394,846.3076175,0.353511954,1547.692382,Conservative Loading,Stable | High Fixed Cost Exposure | High Delay Risk | Flexible → Conservative Loading,Discount / Spot Pricing
DEL-FRA,17-02-2026,115.8156233,0.738978892,2394,81.07093629,0.033864217,2312.929064,Conservative Loading,Volatile | High Fixed Cost Exposure | High Delay Risk | Flexible → Conservative Loading,Discount / Spot Pricing
DEL-FRA,18-02-2026,13.52974732,0.114063408,2394,9.470823121,0.003956066,2384.529177,Conservative Loading,Volatile | High Fixed Cost Exposure | High Delay Risk | Flexible → Conservative Loading,Discount / Spot Pricing
DEL-FRA,19-02-2026,1296.840783,0.844481572,2394,907.7885484,0.379193212,1486.211452,Conservative Loading,Stable | High Fixed Cost Exposure | High Delay Risk | Flexible → Conservative Loading,Discount / Spot Pricing
DEL-FRA,20-02-2026,139.142557,0.843364348,2394,97.39978992,0.040684958,2296.60021,Conservative Loading,Stable | High Fixed Cost Exposure | High Delay Risk | Flexible → Conservative Loading,Discount / Spot Pricing
DEL-FRA,21-02-2026,296.2561236,0.691540819,2394,207.3792866,0.086624598,2186.620713,Conservative Loading,Volatile | High Fixed Cost Exposure | High Delay Risk | Flexible → Conservative Loading,Discount / Spot Pricing
DEL-FRA,22-02-2026,2017.047765,0.778520786,2394,1411.933435,0.589780048,982.0665648,Conservative Loading,Stable | High Fixed Cost Exposure | High Delay Risk | Flexible → Conservative Loading,Discount / Spot Pricing
DEL-FRA,23-02-2026,286.5900972,0.827847761,2394,200.613068,0.083798274,2193.386932,Conservative Loading,Stable | High Fixed Cost Exposure | High Delay Risk | Flexible → Conservative Loading,Discount / Spot Pricing
DEL-FRA,24-02-2026,38.03899664,0.305517488,2394,26.62729765,0.011122514,2367.372702,Conservative Loading,Volatile | High Fixed Cost Exposure | High Delay Risk | Flexible → Conservative Loading,Discount / Spot Pricing
DEL-FRA,25-02-2026,1404.984257,0.975713869,2394,983.4889801,0.41081411,1410.51102,Conservative Loading,Stable | High Fixed Cost Exposure | High Delay Risk | Flexible → Conservative Loading,Discount / Spot Pricing
DEL-FRA,26-02-2026,210.0829385,0.968109999,2394,147.058057,0.06142776,2246.941943,Conservative Loading,Stable | High Fixed Cost Exposure | High Delay Risk | Flexible → Conservative Loading,Discount / Spot Pricing
DEL-FRA,27-02-2026,-48.88786919,0,2394,-34.22150843,0,2428.221508,Conservative Loading,Volatile | High Fixed Cost Exposure | High Delay Risk | Flexible → Conservative Loading,Discount / Spot Pricing
DEL-FRA,28-02-2026,221.3894497,0.936734418,2394,154.9726148,0.064733757,2239.027385,Conservative Loading,Stable | High Fixed Cost Exposure | High Delay Risk | Flexible → Conservative Loading,Discount / Spot Pricing
DEL-FRA,01-03-2026,95.69788363,0.627142982,2394,66.98851854,0.027981837,2327.011481,Conservative Loading,Volatile | High Fixed Cost Exposure | High Delay Risk | Flexible → Conservative Loading,Discount / Spot Pricing
DEL-MUM,01-01-2026,329.5524661,0.636432992,1800,296.5972195,0.164776233,1503.402781,Balanced Allocation,Volatile | High Fixed Cost Exposure | Low Delay Risk | Locked → Balanced Allocation,Standard Contract Pricing
DEL-MUM,02-01-2026,229.7582197,0.83592071,1800,241.2461307,0.134025628,1558.753869,Maximize Utilization,Stable | High Fixed Cost Exposure | Low Delay Risk | Locked → Maximize Utilization,Premium / Priority Pricing
DEL-MUM,03-01-2026,202.5734703,0.985567952,1800,212.7021438,0.118167858,1587.297856,Maximize Utilization,Stable | High Fixed Cost Exposure | Low Delay Risk | Locked → Maximize Utilization,Premium / Priority Pricing
DEL-MUM,04-01-2026,297.1886953,0.783833847,1800,312.0481301,0.173360072,1487.95187,Maximize Utilization,Stable | High Fixed Cost Exposure | Low Delay Risk | Locked → Maximize Utilization,Premium / Priority Pricing
DEL-MUM,05-01-2026,272.6465419,0.78976732,1800,286.278869,0.159043816,1513.721131,Maximize Utilization,Stable | High Fixed Cost Exposure | Low Delay Risk | Locked → Maximize Utilization,Premium / Priority Pricing
DEL-MUM,06-01-2026,67.08463058,0.512820666,1800,60.37616752,0.033542315,1739.623832,Balanced Allocation,Volatile | High Fixed Cost Exposure | Low Delay Risk | Locked → Balanced Allocation,Standard Contract Pricing
DEL-MUM,07-01-2026,467.1945991,0.684344718,1800,420.4751392,0.2335973,1379.524861,Balanced Allocation,Volatile | High Fixed Cost Exposure | Low Delay Risk | Locked → Balanced Allocation,Standard Contract Pricing
DEL-MUM,08-01-2026,353.4750269,0.656785168,1800,318.1275242,0.176737513,1481.872476,Balanced Allocation,Volatile | High Fixed Cost Exposure | Low Delay Risk | Locked → Balanced Allocation,Standard Contract Pricing
DEL-MUM,09-01-2026,297.8010478,0.775472972,1800,312.6911002,0.173717278,1487.3089,Maximize Utilization,Stable | High Fixed Cost Exposure | Low Delay Risk | Locked → Maximize Utilization,Premium / Priority Pricing
DEL-MUM,10-01-2026,352.0169313,0.665476729,1800,316.8152381,0.176008466,1483.184762,Balanced Allocation,Volatile | High Fixed Cost Exposure | Low Delay Risk | Locked → Balanced Allocation,Standard Contract Pricing
DEL-MUM,11-01-2026,239.3195089,0.833814999,1800,251.2854844,0.139603047,1548.714516,Maximize Utilization,Stable | High Fixed Cost Exposure | Low Delay Risk | Locked → Maximize Utilization,Premium / Priority Pricing
DEL-MUM,12-01-2026,328.5359638,0.788256381,1800,344.962762,0.191645979,1455.037238,Maximize Utilization,Stable | High Fixed Cost Exposure | Low Delay Risk | Locked → Maximize Utilization,Premium / Priority Pricing
DEL-MUM,13-01-2026,1091.710199,0.898168394,1800,1146.295709,0.636830949,653.7042912,Maximize Utilization,Stable | High Fixed Cost Exposure | Low Delay Risk | Locked → Maximize Utilization,Premium / Priority Pricing
DEL-MUM,14-01-2026,46.49249469,0.367361635,1800,41.84324522,0.023246247,1758.156755,Balanced Allocation,Volatile | High Fixed Cost Exposure | Low Delay Risk | Locked → Balanced Allocation,Standard Contract Pricing
DEL-MUM,15-01-2026,253.7094564,0.895405148,1800,266.3949292,0.147997183,1533.605071,Maximize Utilization,Stable | High Fixed Cost Exposure | Low Delay Risk | Locked → Maximize Utilization,Premium / Priority Pricing
DEL-MUM,16-01-2026,39.88711433,0.334412216,1800,35.89840289,0.019943557,1764.101597,Balanced Allocation,Volatile | High Fixed Cost Exposure | Low Delay Risk | Locked → Balanced Allocation,Standard Contract Pricing
DEL-MUM,17-01-2026,325.1354965,0.753266771,1800,341.3922714,0.189662373,1458.607729,Maximize Utilization,Stable | High Fixed Cost Exposure | Low Delay Risk | Locked → Maximize Utilization,Premium / Priority Pricing
DEL-MUM,18-01-2026,339.6640173,0.673244135,1800,305.6976156,0.169832009,1494.302384,Balanced Allocation,Volatile | High Fixed Cost Exposure | Low Delay Risk | Locked → Balanced Allocation,Standard Contract Pricing
DEL-MUM,19-01-2026,2115.643077,0.534976284,1800,1800,1,0,Balanced Allocation,Volatile | High Fixed Cost Exposure | Low Delay Risk | Locked → Balanced Allocation,Standard Contract Pricing
DEL-MUM,20-01-2026,1701.893037,0.875585837,1800,1786.987689,0.992770938,13.0123109,Maximize Utilization,Stable | High Fixed Cost Exposure | Low Delay Risk | Locked → Maximize Utilization,Premium / Priority Pricing
DEL-MUM,21-01-2026,98.35184537,0.68308045,1800,88.51666083,0.049175923,1711.483339,Balanced Allocation,Volatile | High Fixed Cost Exposure | Low Delay Risk | Locked → Balanced Allocation,Standard Contract Pricing
DEL-MUM,22-01-2026,33.28333106,0.277550105,1800,29.95499795,0.016641666,1770.045002,Balanced Allocation,Volatile | High Fixed Cost Exposure | Low Delay Risk | Locked → Balanced Allocation,Standard Contract Pricing
DEL-MUM,23-01-2026,149.3570478,0.960646056,1800,156.8249002,0.087124945,1643.1751,Maximize Utilization,Stable | High Fixed Cost Exposure | Low Delay Risk | Locked → Maximize Utilization,Premium / Priority Pricing
DEL-MUM,24-01-2026,82.67163305,0.547900229,1800,74.40446975,0.041335817,1725.59553,Balanced Allocation,Volatile | High Fixed Cost Exposure | Low Delay Risk | Locked → Balanced Allocation,Standard Contract Pricing
DEL-MUM,25-01-2026,860.8719317,0.945440076,1800,903.9155283,0.502175294,896.0844717,Maximize Utilization,Stable | High Fixed Cost Exposure | Low Delay Risk | Locked → Maximize Utilization,Premium / Priority Pricing
DEL-MUM,26-01-2026,229.5335989,0.79359632,1800,241.0102789,0.133894599,1558.989721,Maximize Utilization,Stable | High Fixed Cost Exposure | Low Delay Risk | Locked → Maximize Utilization,Premium / Priority Pricing
DEL-MUM,27-01-2026,127.935951,0.774433603,1800,134.3327486,0.074629305,1665.667251,Maximize Utilization,Stable | High Fixed Cost Exposure | Low Delay Risk | Locked → Maximize Utilization,Premium / Priority Pricing
DEL-MUM,28-01-2026,146.7583728,0.880949181,1800,154.0962914,0.085609051,1645.903709,Maximize Utilization,Stable | High Fixed Cost Exposure | Low Delay Risk | Locked → Maximize Utilization,Premium / Priority Pricing
DEL-MUM,29-01-2026,290.8695585,0.79942644,1800,305.4130364,0.169673909,1494.586964,Maximize Utilization,Stable | High Fixed Cost Exposure | Low Delay Risk | Locked → Maximize Utilization,Premium / Priority Pricing
DEL-MUM,30-01-2026,291.9454943,0.785246322,1800,306.542769,0.170301538,1493.457231,Maximize Utilization,Stable | High Fixed Cost Exposure | Low Delay Risk | Locked → Maximize Utilization,Premium / Priority Pricing
DEL-MUM,31-01-2026,223.2102881,0.88351591,1800,234.3708025,0.130206001,1565.629198,Maximize Utilization,Stable | High Fixed Cost Exposure | Low Delay Risk | Locked → Maximize Utilization,Premium / Priority Pricing
DEL-MUM,01-02-2026,360.9053458,0.602023972,1800,324.8148112,0.180452673,1475.185189,Balanced Allocation,Volatile | High Fixed Cost Exposure | Low Delay Risk | Locked → Balanced Allocation,Standard Contract Pricing
DEL-MUM,02-02-2026,206.7602821,0.937587976,1800,217.0982962,0.120610165,1582.901704,Maximize Utilization,Stable | High Fixed Cost Exposure | Low Delay Risk | Locked → Maximize Utilization,Premium / Priority Pricing
DEL-MUM,03-02-2026,381.1210927,0.583374442,1800,343.0089834,0.190560546,1456.991017,Balanced Allocation,Volatile | High Fixed Cost Exposure | Low Delay Risk | Locked → Balanced Allocation,Standard Contract Pricing
DEL-MUM,04-02-2026,1253.224361,0.742859377,1800,1127.901925,0.626612181,672.098075,Balanced Allocation,Volatile | High Fixed Cost Exposure | Low Delay Risk | Locked → Balanced Allocation,Standard Contract Pricing
DEL-MUM,05-02-2026,278.7808226,0.744716835,1800,250.9027403,0.139390411,1549.09726,Balanced Allocation,Volatile | High Fixed Cost Exposure | Low Delay Risk | Locked → Balanced Allocation,Standard Contract Pricing
DEL-MUM,06-02-2026,295.8203272,0.684040229,1800,266.2382944,0.147910164,1533.761706,Balanced Allocation,Volatile | High Fixed Cost Exposure | Low Delay Risk | Locked → Balanced Allocation,Standard Contract Pricing
DEL-MUM,07-02-2026,487.7993709,0.606918782,1800,439.0194338,0.243899685,1360.980566,Balanced Allocation,Volatile | High Fixed Cost Exposure | Low Delay Risk | Locked → Balanced Allocation,Standard Contract Pricing
DEL-MUM,08-02-2026,1653.622937,0.7453286,1800,1488.260644,0.826811469,311.7393564,Balanced Allocation,Volatile | High Fixed Cost Exposure | Low Delay Risk | Locked → Balanced Allocation,Standard Contract Pricing
DEL-MUM,09-02-2026,1761.310525,0.977458208,1800,1800,1,0,Maximize Utilization,Stable | High Fixed Cost Exposure | Low Delay Risk | Locked → Maximize Utilization,Premium / Priority Pricing
DEL-MUM,10-02-2026,412.5928092,0.554225879,1800,371.3335283,0.206296405,1428.666472,Balanced Allocation,Volatile | High Fixed Cost Exposure | Low Delay Risk | Locked → Balanced Allocation,Standard Contract Pricing
DEL-MUM,11-02-2026,348.4202576,0.710460957,1800,313.5782318,0.174210129,1486.421768,Balanced Allocation,Volatile | High Fixed Cost Exposure | Low Delay Risk | Locked → Balanced Allocation,Standard Contract Pricing
DEL-MUM,12-02-2026,71.65234461,0.535855029,1800,64.48711015,0.035826172,1735.51289,Balanced Allocation,Volatile | High Fixed Cost Exposure | Low Delay Risk | Locked → Balanced Allocation,Standard Contract Pricing
DEL-MUM,13-02-2026,425.8984435,0.584261806,1800,383.3085992,0.212949222,1416.691401,Balanced Allocation,Volatile | High Fixed Cost Exposure | Low Delay Risk | Locked → Balanced Allocation,Standard Contract Pricing
DEL-MUM,14-02-2026,169.6608711,0.992145748,1800,178.1439146,0.098968841,1621.856085,Maximize Utilization,Stable | High Fixed Cost Exposure | Low Delay Risk | Locked → Maximize Utilization,Premium / Priority Pricing
DEL-MUM,15-02-2026,1005.02192,0.890234037,1800,1055.273016,0.586262786,744.7269844,Maximize Utilization,Stable | High Fixed Cost Exposure | Low Delay Risk | Locked → Maximize Utilization,Premium / Priority Pricing
DEL-MUM,16-02-2026,114.2786386,0.817414308,1800,119.9925705,0.066662539,1680.00743,Maximize Utilization,Stable | High Fixed Cost Exposure | Low Delay Risk | Locked → Maximize Utilization,Premium / Priority Pricing
DEL-MUM,17-02-2026,201.0739294,0.865534067,1800,211.1276258,0.117293125,1588.872374,Maximize Utilization,Stable | High Fixed Cost Exposure | Low Delay Risk | Locked → Maximize Utilization,Premium / Priority Pricing
DEL-MUM,18-02-2026,2277.452094,0.74975264,1800,1800,1,0,Balanced Allocation,Volatile | High Fixed Cost Exposure | Low Delay Risk | Locked → Balanced Allocation,Standard Contract Pricing
DEL-MUM,19-02-2026,1787.913581,0.773945618,1800,1800,1,0,Maximize Utilization,Stable | High Fixed Cost Exposure | Low Delay Risk | Locked → Maximize Utilization,Premium / Priority Pricing
DEL-MUM,20-02-2026,237.2967212,0.887100212,1800,249.1615573,0.138423087,1550.838443,Maximize Utilization,Stable | High Fixed Cost Exposure | Low Delay Risk | Locked → Maximize Utilization,Premium / Priority Pricing
DEL-MUM,21-02-2026,287.1602788,0.865236454,1800,301.5182927,0.167510163,1498.481707,Maximize Utilization,Stable | High Fixed Cost Exposure | Low Delay Risk | Locked → Maximize Utilization,Premium / Priority Pricing
DEL-MUM,22-02-2026,254.7651439,0.869609144,1800,267.5034011,0.148613001,1532.496599,Maximize Utilization,Stable | High Fixed Cost Exposure | Low Delay Risk | Locked → Maximize Utilization,Premium / Priority Pricing
DEL-MUM,23-02-2026,1853.916746,0.814777953,1800,1800,1,0,Maximize Utilization,Stable | High Fixed Cost Exposure | Low Delay Risk | Locked → Maximize Utilization,Premium / Priority Pricing
DEL-MUM,24-02-2026,2246.030804,0.75078434,1800,1800,1,0,Maximize Utilization,Stable | High Fixed Cost Exposure | Low Delay Risk | Locked → Maximize Utilization,Premium / Priority Pricing
DEL-MUM,25-02-2026,312.5961463,0.6752981,1800,281.3365317,0.156298073,1518.663468,Balanced Allocation,Volatile | High Fixed Cost Exposure | Low Delay Risk | Locked → Balanced Allocation,Standard Contract Pricing
DEL-MUM,26-02-2026,312.7428315,0.729876463,1800,281.4685484,0.156371416,1518.531452,Balanced Allocation,Volatile | High Fixed Cost Exposure | Low Delay Risk | Locked → Balanced Allocation,Standard Contract Pricing
DEL-MUM,27-02-2026,103.3760385,0.718983882,1800,93.03843468,0.051688019,1706.961565,Balanced Allocation,Volatile | High Fixed Cost Exposure | Low Delay Risk | Locked → Balanced Allocation,Standard Contract Pricing
DEL-MUM,28-02-2026,247.3684479,0.841479264,1800,259.7368703,0.144298261,1540.26313,Maximize Utilization,Stable | High Fixed Cost Exposure | Low Delay Risk | Locked → Maximize Utilization,Premium / Priority Pricing
DEL-MUM,01-03-2026,187.184551,0.93308587,1800,196.5437785,0.109190988,1603.456221,Maximize Utilization,Stable | High Fixed Cost Exposure | Low Delay Risk | Locked → Maximize Utilization,Premium / Priority Pricing
DEL-MUM,01-01-2026,232.1071022,0.898755288,1800,243.7124573,0.13539581,1556.287543,Maximize Utilization,Stable | High Fixed Cost Exposure | Low Delay Risk | Locked → Maximize Utilization,Premium / Priority Pricing
DEL-MUM,02-01-2026,222.6182207,0.96809847,1800,233.7491317,0.129860629,1566.250868,Maximize Utilization,Stable | High Fixed Cost Exposure | Low Delay Risk | Locked → Maximize Utilization,Premium / Priority Pricing
DEL-MUM,03-01-2026,133.6237461,0.844261234,1800,140.3049334,0.077947185,1659.695067,Maximize Utilization,Stable | High Fixed Cost Exposure | Low Delay Risk | Locked → Maximize Utilization,Premium / Priority Pricing
DEL-MUM,04-01-2026,240.9947926,0.873624039,1800,253.0445322,0.140580296,1546.955468,Maximize Utilization,Stable | High Fixed Cost Exposure | Low Delay Risk | Locked → Maximize Utilization,Premium / Priority Pricing
DEL-MUM,05-01-2026,76.16858975,0.550134906,1800,68.55173077,0.038084295,1731.448269,Balanced Allocation,Volatile | High Fixed Cost Exposure | Low Delay Risk | Locked → Balanced Allocation,Standard Contract Pricing
DEL-MUM,06-01-2026,445.2099545,0.575314355,1800,400.688959,0.222604977,1399.311041,Balanced Allocation,Volatile | High Fixed Cost Exposure | Low Delay Risk | Locked → Balanced Allocation,Standard Contract Pricing
DEL-MUM,07-01-2026,407.3716948,0.650760118,1800,366.6345253,0.203685847,1433.365475,Balanced Allocation,Volatile | High Fixed Cost Exposure | Low Delay Risk | Locked → Balanced Allocation,Standard Contract Pricing
DEL-MUM,08-01-2026,1367.739858,0.797718335,1800,1436.126851,0.797848251,363.873149,Maximize Utilization,Stable | High Fixed Cost Exposure | Low Delay Risk | Locked → Maximize Utilization,Premium / Priority Pricing
DEL-MUM,09-01-2026,291.2624296,0.769533025,1800,305.8255511,0.169903084,1494.174449,Maximize Utilization,Stable | High Fixed Cost Exposure | Low Delay Risk | Locked → Maximize Utilization,Premium / Priority Pricing
DEL-MUM,10-01-2026,113.7749145,0.799776099,1800,119.4636602,0.0663687,1680.53634,Maximize Utilization,Stable | High Fixed Cost Exposure | Low Delay Risk | Locked → Maximize Utilization,Premium / Priority Pricing
DEL-MUM,11-01-2026,212.171014,0.923986652,1800,222.7795647,0.123766425,1577.220435,Maximize Utilization,Stable | High Fixed Cost Exposure | Low Delay Risk | Locked → Maximize Utilization,Premium / Priority Pricing
DEL-MUM,12-01-2026,895.1483644,0.994246897,1800,939.9057826,0.522169879,860.0942174,Maximize Utilization,Stable | High Fixed Cost Exposure | Low Delay Risk | Locked → Maximize Utilization,Premium / Priority Pricing
DEL-MUM,13-01-2026,975.6090194,0.852686505,1800,1024.38947,0.569105261,775.6105296,Maximize Utilization,Stable | High Fixed Cost Exposure | Low Delay Risk | Locked → Maximize Utilization,Premium / Priority Pricing
DEL-MUM,14-01-2026,198.2341843,0.999679729,1800,208.1458936,0.115636608,1591.854106,Maximize Utilization,Stable | High Fixed Cost Exposure | Low Delay Risk | Locked → Maximize Utilization,Premium / Priority Pricing
DEL-MUM,15-01-2026,369.6249187,0.781366451,1800,388.1061646,0.215614536,1411.893835,Maximize Utilization,Stable | High Fixed Cost Exposure | Low Delay Risk | Locked → Maximize Utilization,Premium / Priority Pricing
DEL-MUM,16-01-2026,351.9409756,0.62776947,1800,316.746878,0.175970488,1483.253122,Balanced Allocation,Volatile | High Fixed Cost Exposure | Low Delay Risk | Locked → Balanced Allocation,Standard Contract Pricing
DEL-MUM,17-01-2026,89.09068499,0.612423326,1800,80.18161649,0.044545342,1719.818384,Balanced Allocation,Volatile | High Fixed Cost Exposure | Low Delay Risk | Locked → Balanced Allocation,Standard Contract Pricing
DEL-MUM,18-01-2026,254.5758484,0.829373742,1800,267.3046408,0.148502578,1532.695359,Maximize Utilization,Stable | High Fixed Cost Exposure | Low Delay Risk | Locked → Maximize Utilization,Premium / Priority Pricing
DEL-MUM,19-01-2026,436.3876947,0.74746635,1800,392.7489253,0.218193847,1407.251075,Balanced Allocation,Volatile | High Fixed Cost Exposure | Low Delay Risk | Locked → Balanced Allocation,Standard Contract Pricing
DEL-MUM,20-01-2026,316.6970068,0.649545709,1800,285.0273061,0.158348503,1514.972694,Balanced Allocation,Volatile | High Fixed Cost Exposure | Low Delay Risk | Locked → Balanced Allocation,Standard Contract Pricing
DEL-MUM,21-01-2026,1105.440361,0.997141509,1800,1160.712379,0.64484021,639.2876212,Maximize Utilization,Stable | High Fixed Cost Exposure | Low Delay Risk | Locked → Maximize Utilization,Premium / Priority Pricing
DEL-MUM,22-01-2026,425.4881249,0.591250534,1800,382.9393124,0.212744062,1417.060688,Balanced Allocation,Volatile | High Fixed Cost Exposure | Low Delay Risk | Locked → Balanced Allocation,Standard Contract Pricing
DEL-MUM,23-01-2026,1946.232171,0.899140323,1800,1800,1,0,Maximize Utilization,Stable | High Fixed Cost Exposure | Low Delay Risk | Locked → Maximize Utilization,Premium / Priority Pricing
DEL-MUM,24-01-2026,389.916978,0.60477134,1800,350.9252802,0.194958489,1449.07472,Balanced Allocation,Volatile | High Fixed Cost Exposure | Low Delay Risk | Locked → Balanced Allocation,Standard Contract Pricing
DEL-MUM,25-01-2026,1594.349,0.938130898,1800,1674.06645,0.930036916,125.9335503,Maximize Utilization,Stable | High Fixed Cost Exposure | Low Delay Risk | Locked → Maximize Utilization,Premium / Priority Pricing
DEL-MUM,26-01-2026,251.7566849,0.844158393,1800,264.3445191,0.146858066,1535.655481,Maximize Utilization,Stable | High Fixed Cost Exposure | Low Delay Risk | Locked → Maximize Utilization,Premium / Priority Pricing
DEL-MUM,27-01-2026,784.892514,0.95152657,1800,824.1371397,0.457853967,975.8628603,Maximize Utilization,Stable | High Fixed Cost Exposure | Low Delay Risk | Locked → Maximize Utilization,Premium / Priority Pricing
DEL-MUM,28-01-2026,145.4033728,0.807110152,1800,152.6735415,0.084818634,1647.326459,Maximize Utilization,Stable | High Fixed Cost Exposure | Low Delay Risk | Locked → Maximize Utilization,Premium / Priority Pricing
DEL-MUM,29-01-2026,646.4114941,0.788874303,1800,678.7320688,0.377073372,1121.267931,Maximize Utilization,Stable | High Fixed Cost Exposure | Low Delay Risk | Locked → Maximize Utilization,Premium / Priority Pricing
DEL-MUM,30-01-2026,162.5649689,0.97314137,1800,170.6932174,0.094829565,1629.306783,Maximize Utilization,Stable | High Fixed Cost Exposure | Low Delay Risk | Locked → Maximize Utilization,Premium / Priority Pricing
DEL-MUM,31-01-2026,242.357615,0.788407281,1800,254.4754957,0.141375275,1545.524504,Maximize Utilization,Stable | High Fixed Cost Exposure | Low Delay Risk | Locked → Maximize Utilization,Premium / Priority Pricing
DEL-MUM,01-02-2026,68.88576068,0.518031431,1800,61.99718462,0.03444288,1738.002815,Balanced Allocation,Volatile | High Fixed Cost Exposure | Low Delay Risk | Locked → Balanced Allocation,Standard Contract Pricing
DEL-MUM,02-02-2026,75.77176006,0.607944437,1800,68.19458405,0.03788588,1731.805416,Balanced Allocation,Volatile | High Fixed Cost Exposure | Low Delay Risk | Locked → Balanced Allocation,Standard Contract Pricing
DEL-MUM,03-02-2026,232.7120884,0.96062922,1800,244.3476929,0.135748718,1555.652307,Maximize Utilization,Stable | High Fixed Cost Exposure | Low Delay Risk | Locked → Maximize Utilization,Premium / Priority Pricing
DEL-MUM,04-02-2026,455.7125767,0.690362962,1800,410.141319,0.227856288,1389.858681,Balanced Allocation,Volatile | High Fixed Cost Exposure | Low Delay Risk | Locked → Balanced Allocation,Standard Contract Pricing
DEL-MUM,05-02-2026,258.420711,0.767933961,1800,271.3417466,0.150745415,1528.658253,Maximize Utilization,Stable | High Fixed Cost Exposure | Low Delay Risk | Locked → Maximize Utilization,Premium / Priority Pricing
DEL-MUM,06-02-2026,298.0526692,0.638501773,1800,268.2474023,0.149026335,1531.752598,Balanced Allocation,Volatile | High Fixed Cost Exposure | Low Delay Risk | Locked → Balanced Allocation,Standard Contract Pricing
DEL-MUM,07-02-2026,421.6050647,0.691238427,1800,379.4445582,0.210802532,1420.555442,Balanced Allocation,Volatile | High Fixed Cost Exposure | Low Delay Risk | Locked → Balanced Allocation,Standard Contract Pricing
DEL-MUM,08-02-2026,102.4852039,0.711008136,1800,92.23668351,0.051242602,1707.763316,Balanced Allocation,Volatile | High Fixed Cost Exposure | Low Delay Risk | Locked → Balanced Allocation,Standard Contract Pricing
DEL-MUM,09-02-2026,383.8900233,0.733395896,1800,345.501021,0.191945012,1454.498979,Balanced Allocation,Volatile | High Fixed Cost Exposure | Low Delay Risk | Locked → Balanced Allocation,Standard Contract Pricing
DEL-MUM,10-02-2026,373.0633056,0.52453152,1800,335.7569751,0.186531653,1464.243025,Balanced Allocation,Volatile | High Fixed Cost Exposure | Low Delay Risk | Locked → Balanced Allocation,Standard Contract Pricing
DEL-MUM,11-02-2026,323.7077047,0.687032036,1800,291.3369343,0.161853852,1508.663066,Balanced Allocation,Volatile | High Fixed Cost Exposure | Low Delay Risk | Locked → Balanced Allocation,Standard Contract Pricing
DEL-MUM,12-02-2026,211.4640225,0.923694183,1800,222.0372236,0.123354013,1577.962776,Maximize Utilization,Stable | High Fixed Cost Exposure | Low Delay Risk | Locked → Maximize Utilization,Premium / Priority Pricing
DEL-MUM,13-02-2026,1807.947772,0.658264549,1800,1627.152995,0.903973886,172.8470055,Balanced Allocation,Volatile | High Fixed Cost Exposure | Low Delay Risk | Locked → Balanced Allocation,Standard Contract Pricing
DEL-MUM,14-02-2026,965.6030002,0.792267531,1800,1013.88315,0.563268417,786.1168498,Maximize Utilization,Stable | High Fixed Cost Exposure | Low Delay Risk | Locked → Maximize Utilization,Premium / Priority Pricing
DEL-MUM,15-02-2026,403.9152782,0.68724217,1800,363.5237504,0.201957639,1436.47625,Balanced Allocation,Volatile | High Fixed Cost Exposure | Low Delay Risk | Locked → Balanced Allocation,Standard Contract Pricing
DEL-MUM,16-02-2026,270.447647,0.733575702,1800,243.4028823,0.135223824,1556.597118,Balanced Allocation,Volatile | High Fixed Cost Exposure | Low Delay Risk | Locked → Balanced Allocation,Standard Contract Pricing
DEL-MUM,17-02-2026,219.6530813,0.880642822,1800,230.6357354,0.128130964,1569.364265,Maximize Utilization,Stable | High Fixed Cost Exposure | Low Delay Risk | Locked → Maximize Utilization,Premium / Priority Pricing
DEL-MUM,18-02-2026,305.2205572,0.755526291,1800,320.4815851,0.178045325,1479.518415,Maximize Utilization,Stable | High Fixed Cost Exposure | Low Delay Risk | Locked → Maximize Utilization,Premium / Priority Pricing
DEL-MUM,19-02-2026,2276.849386,0.774036887,1800,1800,1,0,Maximize Utilization,Stable | High Fixed Cost Exposure | Low Delay Risk | Locked → Maximize Utilization,Premium / Priority Pricing
DEL-MUM,20-02-2026,214.8030711,0.940402913,1800,225.5432246,0.125301791,1574.456775,Maximize Utilization,Stable | High Fixed Cost Exposure | Low Delay Risk | Locked → Maximize Utilization,Premium / Priority Pricing
DEL-MUM,21-02-2026,173.4892699,0.965614019,1800,182.1637334,0.101202074,1617.836267,Maximize Utilization,Stable | High Fixed Cost Exposure | Low Delay Risk | Locked → Maximize Utilization,Premium / Priority Pricing
DEL-MUM,22-02-2026,373.2647324,0.529897838,1800,335.9382592,0.186632366,1464.061741,Balanced Allocation,Volatile | High Fixed Cost Exposure | Low Delay Risk | Locked → Balanced Allocation,Standard Contract Pricing
DEL-MUM,23-02-2026,242.2139449,0.909826488,1800,254.3246421,0.141291468,1545.675358,Maximize Utilization,Stable | High Fixed Cost Exposure | Low Delay Risk | Locked → Maximize Utilization,Premium / Priority Pricing
DEL-MUM,24-02-2026,1813.784482,0.970282643,1800,1800,1,0,Maximize Utilization,Stable | High Fixed Cost Exposure | Low Delay Risk | Locked → Maximize Utilization,Premium / Priority Pricing
DEL-MUM,25-02-2026,279.1051103,0.743404826,1800,251.1945993,0.139552555,1548.805401,Balanced Allocation,Volatile | High Fixed Cost Exposure | Low Delay Risk | Locked → Balanced Allocation,Standard Contract Pricing
DEL-MUM,26-02-2026,2193.249527,0.868685429,1800,1800,1,0,Maximize Utilization,Stable | High Fixed Cost Exposure | Low Delay Risk | Locked → Maximize Utilization,Premium / Priority Pricing
DEL-MUM,27-02-2026,278.5779096,0.798691562,1800,292.506805,0.162503781,1507.493195,Maximize Utilization,Stable | High Fixed Cost Exposure | Low Delay Risk | Locked → Maximize Utilization,Premium / Priority Pricing
DEL-MUM,28-02-2026,348.3517053,0.748269302,1800,313.5165347,0.174175853,1486.483465,Balanced Allocation,Volatile | High Fixed Cost Exposure | Low Delay Risk | Locked → Balanced Allocation,Standard Contract Pricing
DEL-MUM,01-03-2026,383.9062766,0.637871214,1800,345.5156489,0.191953138,1454.484351,Balanced Allocation,Volatile | High Fixed Cost Exposure | Low Delay Risk | Locked → Balanced Allocation,Standard Contract Pricing
DEL-MUM,01-01-2026,238.9515546,0.941388012,1800,250.8991323,0.139388407,1549.100868,Maximize Utilization,Stable | High Fixed Cost Exposure | Low Delay Risk | Locked → Maximize Utilization,Premium / Priority Pricing
DEL-MUM,02-01-2026,92.82350932,0.580389605,1800,83.54115839,0.046411755,1716.458842,Balanced Allocation,Volatile | High Fixed Cost Exposure | Low Delay Risk | Locked → Balanced Allocation,Standard Contract Pricing
DEL-MUM,03-01-2026,-2.004455573,0,1800,-1.804010016,0,1801.80401,Balanced Allocation,Volatile | High Fixed Cost Exposure | Low Delay Risk | Locked → Balanced Allocation,Standard Contract Pricing
DEL-MUM,04-01-2026,136.66538,0.790808471,1800,143.498649,0.079721472,1656.501351,Maximize Utilization,Stable | High Fixed Cost Exposure | Low Delay Risk | Locked → Maximize Utilization,Premium / Priority Pricing
DEL-MUM,05-01-2026,-75.90940086,0,1800,-68.31846078,0,1868.318461,Balanced Allocation,Volatile | High Fixed Cost Exposure | Low Delay Risk | Locked → Balanced Allocation,Standard Contract Pricing
DEL-MUM,06-01-2026,96.26131798,0.612657968,1800,86.63518618,0.048130659,1713.364814,Balanced Allocation,Volatile | High Fixed Cost Exposure | Low Delay Risk | Locked → Balanced Allocation,Standard Contract Pricing
DEL-MUM,07-01-2026,50.86868913,0.405481821,1800,45.78182022,0.025434345,1754.21818,Balanced Allocation,Volatile | High Fixed Cost Exposure | Low Delay Risk | Locked → Balanced Allocation,Standard Contract Pricing
DEL-MUM,08-01-2026,-52.95135008,0,1800,-47.65621507,0,1847.656215,Balanced Allocation,Volatile | High Fixed Cost Exposure | Low Delay Risk | Locked → Balanced Allocation,Standard Contract Pricing
DEL-MUM,09-01-2026,191.0660243,0.96358411,1800,200.6193255,0.111455181,1599.380674,Maximize Utilization,Stable | High Fixed Cost Exposure | Low Delay Risk | Locked → Maximize Utilization,Premium / Priority Pricing
DEL-MUM,10-01-2026,234.4002087,0.722839252,1800,210.9601878,0.117200104,1589.039812,Balanced Allocation,Volatile | High Fixed Cost Exposure | Low Delay Risk | Locked → Balanced Allocation,Standard Contract Pricing
DEL-MUM,11-01-2026,95.22945524,0.67982508,1800,85.70650972,0.047614728,1714.29349,Balanced Allocation,Volatile | High Fixed Cost Exposure | Low Delay Risk | Locked → Balanced Allocation,Standard Contract Pricing
DEL-MUM,12-01-2026,116.2328969,0.823970358,1800,122.0445418,0.067802523,1677.955458,Maximize Utilization,Stable | High Fixed Cost Exposure | Low Delay Risk | Locked → Maximize Utilization,Premium / Priority Pricing
DEL-MUM,13-01-2026,1995.632856,0.977377581,1800,1800,1,0,Maximize Utilization,Stable | High Fixed Cost Exposure | Low Delay Risk | Locked → Maximize Utilization,Premium / Priority Pricing
DEL-MUM,14-01-2026,195.8708416,0.982725525,1800,205.6643836,0.114257991,1594.335616,Maximize Utilization,Stable | High Fixed Cost Exposure | Low Delay Risk | Locked → Maximize Utilization,Premium / Priority Pricing
DEL-MUM,15-01-2026,333.7306293,0.77767127,1800,350.4171607,0.1946762,1449.582839,Maximize Utilization,Stable | High Fixed Cost Exposure | Low Delay Risk | Locked → Maximize Utilization,Premium / Priority Pricing
DEL-MUM,16-01-2026,1076.79614,0.972022768,1800,1130.635947,0.628131082,669.3640527,Maximize Utilization,Stable | High Fixed Cost Exposure | Low Delay Risk | Locked → Maximize Utilization,Premium / Priority Pricing
DEL-MUM,17-01-2026,-23.24403278,0,1800,-20.9196295,0,1820.919629,Balanced Allocation,Volatile | High Fixed Cost Exposure | Low Delay Risk | Locked → Balanced Allocation,Standard Contract Pricing
DEL-MUM,18-01-2026,1550.650818,0.770811777,1800,1628.183359,0.90454631,171.8166413,Maximize Utilization,Stable | High Fixed Cost Exposure | Low Delay Risk | Locked → Maximize Utilization,Premium / Priority Pricing
DEL-MUM,19-01-2026,1543.130477,0.896029707,1800,1620.287001,0.900159445,179.7129994,Maximize Utilization,Stable | High Fixed Cost Exposure | Low Delay Risk | Locked → Maximize Utilization,Premium / Priority Pricing
DEL-MUM,20-01-2026,30.55930451,0.256841953,1800,27.50337406,0.015279652,1772.496626,Balanced Allocation,Volatile | High Fixed Cost Exposure | Low Delay Risk | Locked → Balanced Allocation,Standard Contract Pricing
DEL-MUM,21-01-2026,791.2472877,0.657473428,1800,712.1225589,0.395623644,1087.877441,Balanced Allocation,Volatile | High Fixed Cost Exposure | Low Delay Risk | Locked → Balanced Allocation,Standard Contract Pricing
DEL-MUM,22-01-2026,269.6623839,0.769053231,1800,283.1455031,0.157303057,1516.854497,Maximize Utilization,Stable | High Fixed Cost Exposure | Low Delay Risk | Locked → Maximize Utilization,Premium / Priority Pricing
DEL-MUM,23-01-2026,107.4338738,0.790962473,1800,112.8055675,0.06266976,1687.194432,Maximize Utilization,Stable | High Fixed Cost Exposure | Low Delay Risk | Locked → Maximize Utilization,Premium / Priority Pricing
DEL-MUM,24-01-2026,112.4379683,0.733603127,1800,101.1941715,0.056218984,1698.805829,Balanced Allocation,Volatile | High Fixed Cost Exposure | Low Delay Risk | Locked → Balanced Allocation,Standard Contract Pricing
DEL-MUM,25-01-2026,24.00399715,0.210660693,1800,21.60359744,0.012001999,1778.396403,Balanced Allocation,Volatile | High Fixed Cost Exposure | Low Delay Risk | Locked → Balanced Allocation,Standard Contract Pricing
DEL-MUM,26-01-2026,116.8208846,0.722318686,1800,105.1387961,0.058410442,1694.861204,Balanced Allocation,Volatile | High Fixed Cost Exposure | Low Delay Risk | Locked → Balanced Allocation,Standard Contract Pricing
DEL-MUM,27-01-2026,154.4662246,0.897922117,1800,162.1895359,0.090105298,1637.810464,Maximize Utilization,Stable | High Fixed Cost Exposure | Low Delay Risk | Locked → Maximize Utilization,Premium / Priority Pricing
DEL-MUM,28-01-2026,70.99866727,0.537822355,1800,63.89880054,0.035499334,1736.101199,Balanced Allocation,Volatile | High Fixed Cost Exposure | Low Delay Risk | Locked → Balanced Allocation,Standard Contract Pricing
DEL-MUM,29-01-2026,59.99510091,0.458569749,1800,53.99559082,0.02999755,1746.004409,Balanced Allocation,Volatile | High Fixed Cost Exposure | Low Delay Risk | Locked → Balanced Allocation,Standard Contract Pricing
DEL-MUM,30-01-2026,216.247407,0.836046859,1800,227.0597774,0.126144321,1572.940223,Maximize Utilization,Stable | High Fixed Cost Exposure | Low Delay Risk | Locked → Maximize Utilization,Premium / Priority Pricing
DEL-MUM,31-01-2026,8.754289386,0.075474077,1800,7.878860448,0.004377145,1792.12114,Balanced Allocation,Volatile | High Fixed Cost Exposure | Low Delay Risk | Locked → Balanced Allocation,Standard Contract Pricing
DEL-MUM,01-02-2026,260.4335413,0.853647717,1800,273.4552184,0.151919566,1526.544782,Maximize Utilization,Stable | High Fixed Cost Exposure | Low Delay Risk | Locked → Maximize Utilization,Premium / Priority Pricing
DEL-MUM,02-02-2026,8.492487927,0.078490339,1800,7.643239134,0.004246244,1792.356761,Balanced Allocation,Volatile | High Fixed Cost Exposure | Low Delay Risk | Locked → Balanced Allocation,Standard Contract Pricing
DEL-MUM,03-02-2026,119.1286005,0.739297131,1800,107.2157404,0.0595643,1692.78426,Balanced Allocation,Volatile | High Fixed Cost Exposure | Low Delay Risk | Locked → Balanced Allocation,Standard Contract Pricing
DEL-MUM,04-02-2026,1444.14924,0.749142648,1800,1299.734316,0.72207462,500.2656838,Balanced Allocation,Volatile | High Fixed Cost Exposure | Low Delay Risk | Locked → Balanced Allocation,Standard Contract Pricing
DEL-MUM,05-02-2026,31.16288731,0.260622634,1800,28.04659858,0.015581444,1771.953401,Balanced Allocation,Volatile | High Fixed Cost Exposure | Low Delay Risk | Locked → Balanced Allocation,Standard Contract Pricing
DEL-MUM,06-02-2026,45.11387692,0.349751207,1800,40.60248923,0.022556938,1759.397511,Balanced Allocation,Volatile | High Fixed Cost Exposure | Low Delay Risk | Locked → Balanced Allocation,Standard Contract Pricing
DEL-MUM,07-02-2026,159.0573148,0.960451911,1800,167.0101805,0.092783434,1632.989819,Maximize Utilization,Stable | High Fixed Cost Exposure | Low Delay Risk | Locked → Maximize Utilization,Premium / Priority Pricing
DEL-MUM,08-02-2026,36.91146647,0.299783438,1800,33.22031982,0.018455733,1766.77968,Balanced Allocation,Volatile | High Fixed Cost Exposure | Low Delay Risk | Locked → Balanced Allocation,Standard Contract Pricing
DEL-MUM,09-02-2026,52.43766922,0.425341147,1800,47.19390229,0.026218835,1752.806098,Balanced Allocation,Volatile | High Fixed Cost Exposure | Low Delay Risk | Locked → Balanced Allocation,Standard Contract Pricing
DEL-MUM,10-02-2026,25.24615005,0.188379445,1800,22.72153504,0.012623075,1777.278465,Balanced Allocation,Volatile | High Fixed Cost Exposure | Low Delay Risk | Locked → Balanced Allocation,Standard Contract Pricing
DEL-MUM,11-02-2026,199.1872003,0.950358702,1800,209.1465604,0.116192534,1590.85344,Maximize Utilization,Stable | High Fixed Cost Exposure | Low Delay Risk | Locked → Maximize Utilization,Premium / Priority Pricing
DEL-MUM,12-02-2026,186.2440542,0.932623589,1800,195.5562569,0.108642365,1604.443743,Maximize Utilization,Stable | High Fixed Cost Exposure | Low Delay Risk | Locked → Maximize Utilization,Premium / Priority Pricing
DEL-MUM,13-02-2026,2011.467909,0.960625271,1800,1800,1,0,Maximize Utilization,Stable | High Fixed Cost Exposure | Low Delay Risk | Locked → Maximize Utilization,Premium / Priority Pricing
DEL-MUM,14-02-2026,118.8199201,0.760938069,1800,124.7609161,0.06931162,1675.239084,Maximize Utilization,Stable | High Fixed Cost Exposure | Low Delay Risk | Locked → Maximize Utilization,Premium / Priority Pricing
DEL-MUM,15-02-2026,284.5554808,0.714753459,1800,256.0999327,0.14227774,1543.900067,Balanced Allocation,Volatile | High Fixed Cost Exposure | Low Delay Risk | Locked → Balanced Allocation,Standard Contract Pricing
DEL-MUM,16-02-2026,21.20939731,0.176639515,1800,19.08845758,0.010604699,1780.911542,Balanced Allocation,Volatile | High Fixed Cost Exposure | Low Delay Risk | Locked → Balanced Allocation,Standard Contract Pricing
DEL-MUM,17-02-2026,270.9836385,0.797290369,1800,284.5328205,0.158073789,1515.46718,Maximize Utilization,Stable | High Fixed Cost Exposure | Low Delay Risk | Locked → Maximize Utilization,Premium / Priority Pricing
DEL-MUM,18-02-2026,1258.736759,0.447704179,1800,1132.863083,0.62936838,667.1369168,Balanced Allocation,Volatile | High Fixed Cost Exposure | Low Delay Risk | Locked → Balanced Allocation,Standard Contract Pricing
DEL-MUM,19-02-2026,213.3060701,0.875633439,1800,223.9713736,0.124428541,1576.028626,Maximize Utilization,Stable | High Fixed Cost Exposure | Low Delay Risk | Locked → Maximize Utilization,Premium / Priority Pricing
DEL-MUM,20-02-2026,211.5905795,0.881465719,1800,222.1701085,0.123427838,1577.829891,Maximize Utilization,Stable | High Fixed Cost Exposure | Low Delay Risk | Locked → Maximize Utilization,Premium / Priority Pricing
DEL-MUM,21-02-2026,159.4922345,0.953854669,1800,167.4668462,0.093037137,1632.533154,Maximize Utilization,Stable | High Fixed Cost Exposure | Low Delay Risk | Locked → Maximize Utilization,Premium / Priority Pricing
DEL-MUM,22-02-2026,118.9602403,0.816710559,1800,124.9082524,0.069393474,1675.091748,Maximize Utilization,Stable | High Fixed Cost Exposure | Low Delay Risk | Locked → Maximize Utilization,Premium / Priority Pricing
DEL-MUM,23-02-2026,302.2636256,0.7984261,1800,317.3768069,0.176320448,1482.623193,Maximize Utilization,Stable | High Fixed Cost Exposure | Low Delay Risk | Locked → Maximize Utilization,Premium / Priority Pricing
DEL-MUM,24-02-2026,62.81517506,0.440710458,1800,56.53365755,0.031407588,1743.466342,Balanced Allocation,Volatile | High Fixed Cost Exposure | Low Delay Risk | Locked → Balanced Allocation,Standard Contract Pricing
DEL-MUM,25-02-2026,139.1819287,0.864817032,1800,146.1410251,0.081189458,1653.858975,Maximize Utilization,Stable | High Fixed Cost Exposure | Low Delay Risk | Locked → Maximize Utilization,Premium / Priority Pricing
DEL-MUM,26-02-2026,-38.93024751,0,1800,-35.03722276,0,1835.037223,Balanced Allocation,Volatile | High Fixed Cost Exposure | Low Delay Risk | Locked → Balanced Allocation,Standard Contract Pricing
DEL-MUM,27-02-2026,60.91112397,0.442226962,1800,54.82001157,0.030455562,1745.179988,Balanced Allocation,Volatile | High Fixed Cost Exposure | Low Delay Risk | Locked → Balanced Allocation,Standard Contract Pricing
DEL-MUM,28-02-2026,85.86345157,0.514415269,1800,77.27710642,0.042931726,1722.722894,Balanced Allocation,Volatile | High Fixed Cost Exposure | Low Delay Risk | Locked → Balanced Allocation,Standard Contract Pricing
DEL-MUM,01-03-2026,148.7045669,0.84265264,1800,156.1397953,0.086744331,1643.860205,Maximize Utilization,Stable | High Fixed Cost Exposure | Low Delay Risk | Locked → Maximize Utilization,Premium / Priority Pricing
DEL-MUM,01-01-2026,16.73046888,0.145936087,1800,15.05742199,0.008365234,1784.942578,Balanced Allocation,Volatile | High Fixed Cost Exposure | Low Delay Risk | Locked → Balanced Allocation,Standard Contract Pricing
DEL-MUM,02-01-2026,228.1882915,0.733964484,1800,205.3694623,0.114094146,1594.630538,Balanced Allocation,Volatile | High Fixed Cost Exposure | Low Delay Risk | Locked → Balanced Allocation,Standard Contract Pricing
DEL-MUM,03-01-2026,1.22100909,0.011784485,1800,1.098908181,0.000610505,1798.901092,Balanced Allocation,Volatile | High Fixed Cost Exposure | Low Delay Risk | Locked → Balanced Allocation,Standard Contract Pricing
DEL-MUM,04-01-2026,-23.20601713,0,1800,-20.88541542,0,1820.885415,Balanced Allocation,Volatile | High Fixed Cost Exposure | Low Delay Risk | Locked → Balanced Allocation,Standard Contract Pricing
DEL-MUM,05-01-2026,237.3192259,0.732257597,1800,213.5873033,0.118659613,1586.412697,Balanced Allocation,Volatile | High Fixed Cost Exposure | Low Delay Risk | Locked → Balanced Allocation,Standard Contract Pricing
DEL-MUM,06-01-2026,86.6590653,0.663434936,1800,77.99315877,0.043329533,1722.006841,Balanced Allocation,Volatile | High Fixed Cost Exposure | Low Delay Risk | Locked → Balanced Allocation,Standard Contract Pricing
DEL-MUM,07-01-2026,54.41967106,0.43597608,1800,48.97770396,0.027209836,1751.022296,Balanced Allocation,Volatile | High Fixed Cost Exposure | Low Delay Risk | Locked → Balanced Allocation,Standard Contract Pricing
DEL-MUM,08-01-2026,-73.23897749,0,1800,-65.91507974,0,1865.91508,Balanced Allocation,Volatile | High Fixed Cost Exposure | Low Delay Risk | Locked → Balanced Allocation,Standard Contract Pricing
DEL-MUM,09-01-2026,90.14489916,0.581859235,1800,81.13040925,0.04507245,1718.869591,Balanced Allocation,Volatile | High Fixed Cost Exposure | Low Delay Risk | Locked → Balanced Allocation,Standard Contract Pricing
DEL-MUM,10-01-2026,269.0926546,0.765524264,1800,282.5472874,0.156970715,1517.452713,Maximize Utilization,Stable | High Fixed Cost Exposure | Low Delay Risk | Locked → Maximize Utilization,Premium / Priority Pricing
DEL-MUM,11-01-2026,172.9027636,0.993274558,1800,181.5479018,0.100859945,1618.452098,Maximize Utilization,Stable | High Fixed Cost Exposure | Low Delay Risk | Locked → Maximize Utilization,Premium / Priority Pricing
DEL-MUM,12-01-2026,127.8558547,0.762606878,1800,134.2486474,0.074582582,1665.751353,Maximize Utilization,Stable | High Fixed Cost Exposure | Low Delay Risk | Locked → Maximize Utilization,Premium / Priority Pricing
DEL-MUM,13-01-2026,1074.229498,0.42661113,1800,966.8065479,0.537114749,833.1934521,Balanced Allocation,Volatile | High Fixed Cost Exposure | Low Delay Risk | Locked → Balanced Allocation,Standard Contract Pricing
DEL-MUM,14-01-2026,191.8479112,0.878774495,1800,201.4403067,0.111911282,1598.559693,Maximize Utilization,Stable | High Fixed Cost Exposure | Low Delay Risk | Locked → Maximize Utilization,Premium / Priority Pricing
DEL-MUM,15-01-2026,-32.9238497,0,1800,-29.63146473,0,1829.631465,Balanced Allocation,Volatile | High Fixed Cost Exposure | Low Delay Risk | Locked → Balanced Allocation,Standard Contract Pricing
DEL-MUM,16-01-2026,41.47462253,0.325782362,1800,37.32716028,0.020737311,1762.67284,Balanced Allocation,Volatile | High Fixed Cost Exposure | Low Delay Risk | Locked → Balanced Allocation,Standard Contract Pricing
DEL-MUM,17-01-2026,175.9950414,0.918361376,1800,184.7947934,0.102663774,1615.205207,Maximize Utilization,Stable | High Fixed Cost Exposure | Low Delay Risk | Locked → Maximize Utilization,Premium / Priority Pricing
DEL-MUM,18-01-2026,65.98613983,0.509134172,1800,59.38752585,0.03299307,1740.612474,Balanced Allocation,Volatile | High Fixed Cost Exposure | Low Delay Risk | Locked → Balanced Allocation,Standard Contract Pricing
DEL-MUM,19-01-2026,1828.707829,0.946306495,1800,1800,1,0,Maximize Utilization,Stable | High Fixed Cost Exposure | Low Delay Risk | Locked → Maximize Utilization,Premium / Priority Pricing
DEL-MUM,20-01-2026,197.8249461,0.830621206,1800,207.7161934,0.115397885,1592.283807,Maximize Utilization,Stable | High Fixed Cost Exposure | Low Delay Risk | Locked → Maximize Utilization,Premium / Priority Pricing
DEL-MUM,21-01-2026,66.33303298,0.473215714,1800,59.69972969,0.033166516,1740.30027,Balanced Allocation,Volatile | High Fixed Cost Exposure | Low Delay Risk | Locked → Balanced Allocation,Standard Contract Pricing
DEL-MUM,22-01-2026,94.28974456,0.605736895,1800,84.86077011,0.047144872,1715.13923,Balanced Allocation,Volatile | High Fixed Cost Exposure | Low Delay Risk | Locked → Balanced Allocation,Standard Contract Pricing
DEL-MUM,23-01-2026,-62.86722177,0,1800,-56.58049959,0,1856.5805,Balanced Allocation,Volatile | High Fixed Cost Exposure | Low Delay Risk | Locked → Balanced Allocation,Standard Contract Pricing
DEL-MUM,24-01-2026,1915.462412,0.933335906,1800,1800,1,0,Maximize Utilization,Stable | High Fixed Cost Exposure | Low Delay Risk | Locked → Maximize Utilization,Premium / Priority Pricing
DEL-MUM,25-01-2026,66.70548786,0.51437355,1800,60.03493907,0.033352744,1739.965061,Balanced Allocation,Volatile | High Fixed Cost Exposure | Low Delay Risk | Locked → Balanced Allocation,Standard Contract Pricing
DEL-MUM,26-01-2026,-1.113667915,0,1800,-1.002301123,0,1801.002301,Balanced Allocation,Volatile | High Fixed Cost Exposure | Low Delay Risk | Locked → Balanced Allocation,Standard Contract Pricing
DEL-MUM,27-01-2026,-49.6430475,0,1800,-44.67874275,0,1844.678743,Balanced Allocation,Volatile | High Fixed Cost Exposure | Low Delay Risk | Locked → Balanced Allocation,Standard Contract Pricing
DEL-MUM,28-01-2026,205.7910005,0.821567738,1800,216.0805506,0.12004475,1583.919449,Maximize Utilization,Stable | High Fixed Cost Exposure | Low Delay Risk | Locked → Maximize Utilization,Premium / Priority Pricing
DEL-MUM,29-01-2026,92.35427564,0.651064411,1800,83.11884808,0.046177138,1716.881152,Balanced Allocation,Volatile | High Fixed Cost Exposure | Low Delay Risk | Locked → Balanced Allocation,Standard Contract Pricing
DEL-MUM,30-01-2026,72.6498754,0.568055431,1800,65.38488786,0.036324938,1734.615112,Balanced Allocation,Volatile | High Fixed Cost Exposure | Low Delay Risk | Locked → Balanced Allocation,Standard Contract Pricing
DEL-MUM,31-01-2026,54.63972065,0.418888347,1800,49.17574859,0.02731986,1750.824251,Balanced Allocation,Volatile | High Fixed Cost Exposure | Low Delay Risk | Locked → Balanced Allocation,Standard Contract Pricing
DEL-MUM,01-02-2026,-98.28925187,0,1800,-88.46032668,0,1888.460327,Balanced Allocation,Volatile | High Fixed Cost Exposure | Low Delay Risk | Locked → Balanced Allocation,Standard Contract Pricing
DEL-MUM,02-02-2026,-4.046870045,0,1800,-3.64218304,0,1803.642183,Balanced Allocation,Volatile | High Fixed Cost Exposure | Low Delay Risk | Locked → Balanced Allocation,Standard Contract Pricing
DEL-MUM,03-02-2026,3.430418803,0.031677879,1800,3.087376923,0.001715209,1796.912623,Balanced Allocation,Volatile | High Fixed Cost Exposure | Low Delay Risk | Locked → Balanced Allocation,Standard Contract Pricing
DEL-MUM,04-02-2026,-12.05983029,0,1800,-10.85384726,0,1810.853847,Balanced Allocation,Volatile | High Fixed Cost Exposure | Low Delay Risk | Locked → Balanced Allocation,Standard Contract Pricing
DEL-MUM,05-02-2026,-81.90408336,0,1800,-73.71367502,0,1873.713675,Balanced Allocation,Volatile | High Fixed Cost Exposure | Low Delay Risk | Locked → Balanced Allocation,Standard Contract Pricing
DEL-MUM,06-02-2026,129.6207391,0.803687715,1800,136.1017761,0.075612098,1663.898224,Maximize Utilization,Stable | High Fixed Cost Exposure | Low Delay Risk | Locked → Maximize Utilization,Premium / Priority Pricing
DEL-MUM,07-02-2026,14.79863131,0.133274257,1800,13.31876818,0.007399316,1786.681232,Balanced Allocation,Volatile | High Fixed Cost Exposure | Low Delay Risk | Locked → Balanced Allocation,Standard Contract Pricing
DEL-MUM,08-02-2026,153.3966963,0.937985891,1800,161.0665311,0.089481406,1638.933469,Maximize Utilization,Stable | High Fixed Cost Exposure | Low Delay Risk | Locked → Maximize Utilization,Premium / Priority Pricing
DEL-MUM,09-02-2026,-19.35442224,0,1800,-17.41898002,0,1817.41898,Balanced Allocation,Volatile | High Fixed Cost Exposure | Low Delay Risk | Locked → Balanced Allocation,Standard Contract Pricing
DEL-MUM,10-02-2026,-90.8695286,0,1800,-81.78257574,0,1881.782576,Balanced Allocation,Volatile | High Fixed Cost Exposure | Low Delay Risk | Locked → Balanced Allocation,Standard Contract Pricing
DEL-MUM,11-02-2026,2167.570212,0.722754344,1800,1800,1,0,Balanced Allocation,Volatile | High Fixed Cost Exposure | Low Delay Risk | Locked → Balanced Allocation,Standard Contract Pricing
DEL-MUM,12-02-2026,-13.17172838,0,1800,-11.85455554,0,1811.854556,Balanced Allocation,Volatile | High Fixed Cost Exposure | Low Delay Risk | Locked → Balanced Allocation,Standard Contract Pricing
DEL-MUM,13-02-2026,-108.2862537,0,1800,-97.45762837,0,1897.457628,Balanced Allocation,Volatile | High Fixed Cost Exposure | Low Delay Risk | Locked → Balanced Allocation,Standard Contract Pricing
DEL-MUM,14-02-2026,-103.261753,0,1800,-92.93557772,0,1892.935578,Balanced Allocation,Volatile | High Fixed Cost Exposure | Low Delay Risk | Locked → Balanced Allocation,Standard Contract Pricing
DEL-MUM,15-02-2026,-106.6741134,0,1800,-96.00670202,0,1896.006702,Balanced Allocation,Volatile | High Fixed Cost Exposure | Low Delay Risk | Locked → Balanced Allocation,Standard Contract Pricing
DEL-MUM,16-02-2026,70.88658472,0.573620118,1800,63.79792625,0.035443292,1736.202074,Balanced Allocation,Volatile | High Fixed Cost Exposure | Low Delay Risk | Locked → Balanced Allocation,Standard Contract Pricing
DEL-MUM,17-02-2026,-61.74648808,0,1800,-55.57183928,0,1855.571839,Balanced Allocation,Volatile | High Fixed Cost Exposure | Low Delay Risk | Locked → Balanced Allocation,Standard Contract Pricing
DEL-MUM,18-02-2026,-82.8542984,0,1800,-74.56886856,0,1874.568869,Balanced Allocation,Volatile | High Fixed Cost Exposure | Low Delay Risk | Locked → Balanced Allocation,Standard Contract Pricing
DEL-MUM,19-02-2026,150.8045778,0.97775683,1800,158.3448067,0.087969337,1641.655193,Maximize Utilization,Stable | High Fixed Cost Exposure | Low Delay Risk | Locked → Maximize Utilization,Premium / Priority Pricing
DEL-MUM,20-02-2026,-30.85519516,0,1800,-27.76967565,0,1827.769676,Balanced Allocation,Volatile | High Fixed Cost Exposure | Low Delay Risk | Locked → Balanced Allocation,Standard Contract Pricing
DEL-MUM,21-02-2026,70.40707696,0.573528748,1800,63.36636926,0.035203538,1736.633631,Balanced Allocation,Volatile | High Fixed Cost Exposure | Low Delay Risk | Locked → Balanced Allocation,Standard Contract Pricing
DEL-MUM,22-02-2026,12.30529061,0.108484879,1800,11.07476155,0.006152645,1788.925238,Balanced Allocation,Volatile | High Fixed Cost Exposure | Low Delay Risk | Locked → Balanced Allocation,Standard Contract Pricing
DEL-MUM,23-02-2026,1335.271033,0.448521938,1800,1201.74393,0.667635517,598.2560703,Balanced Allocation,Volatile | High Fixed Cost Exposure | Low Delay Risk | Locked → Balanced Allocation,Standard Contract Pricing
DEL-MUM,24-02-2026,183.4071321,0.928719115,1800,192.5774887,0.106987494,1607.422511,Maximize Utilization,Stable | High Fixed Cost Exposure | Low Delay Risk | Locked → Maximize Utilization,Premium / Priority Pricing
DEL-MUM,25-02-2026,47.34952084,0.368951971,1800,42.61456876,0.02367476,1757.385431,Balanced Allocation,Volatile | High Fixed Cost Exposure | Low Delay Risk | Locked → Balanced Allocation,Standard Contract Pricing
DEL-MUM,26-02-2026,59.78565867,0.472531851,1800,53.8070928,0.029892829,1746.192907,Balanced Allocation,Volatile | High Fixed Cost Exposure | Low Delay Risk | Locked → Balanced Allocation,Standard Contract Pricing
DEL-MUM,27-02-2026,851.016167,0.612038484,1800,765.9145503,0.425508084,1034.08545,Balanced Allocation,Volatile | High Fixed Cost Exposure | Low Delay Risk | Locked → Balanced Allocation,Standard Contract Pricing
DEL-MUM,28-02-2026,964.9205305,0.956214597,1800,1013.166557,0.562870309,786.833443,Maximize Utilization,Stable | High Fixed Cost Exposure | Low Delay Risk | Locked → Maximize Utilization,Premium / Priority Pricing
DEL-MUM,01-03-2026,682.7608316,0.801581305,1800,716.8988732,0.398277152,1083.101127,Maximize Utilization,Stable | High Fixed Cost Exposure | Low Delay Risk | Locked → Maximize Utilization,Premium / Priority Pricing
DEL-MUM,01-01-2026,-140.7309431,0,1800,-126.6578488,0,1926.657849,Balanced Allocation,Volatile | High Fixed Cost Exposure | Low Delay Risk | Locked → Balanced Allocation,Standard Contract Pricing
DEL-MUM,02-01-2026,-157.1030171,0,1800,-141.3927154,0,1941.392715,Balanced Allocation,Volatile | High Fixed Cost Exposure | Low Delay Risk | Locked → Balanced Allocation,Standard Contract Pricing
DEL-MUM,03-01-2026,565.9526964,0.74151677,1800,509.3574267,0.282976348,1290.642573,Balanced Allocation,Volatile | High Fixed Cost Exposure | Low Delay Risk | Locked → Balanced Allocation,Standard Contract Pricing
DEL-MUM,04-01-2026,237.1314817,0.844147297,1800,248.9880558,0.138326698,1551.011944,Maximize Utilization,Stable | High Fixed Cost Exposure | Low Delay Risk | Locked → Maximize Utilization,Premium / Priority Pricing
DEL-MUM,05-01-2026,156.4784846,0.887388157,1800,164.3024089,0.091279116,1635.697591,Maximize Utilization,Stable | High Fixed Cost Exposure | Low Delay Risk | Locked → Maximize Utilization,Premium / Priority Pricing
DEL-MUM,06-01-2026,71.87180804,0.574343626,1800,64.68462723,0.035935904,1735.315373,Balanced Allocation,Volatile | High Fixed Cost Exposure | Low Delay Risk | Locked → Balanced Allocation,Standard Contract Pricing
DEL-MUM,07-01-2026,208.9601699,0.870267781,1800,219.4081784,0.121893432,1580.591822,Maximize Utilization,Stable | High Fixed Cost Exposure | Low Delay Risk | Locked → Maximize Utilization,Premium / Priority Pricing
DEL-MUM,08-01-2026,13.29027269,0.117399719,1800,11.96124542,0.006645136,1788.038755,Balanced Allocation,Volatile | High Fixed Cost Exposure | Low Delay Risk | Locked → Balanced Allocation,Standard Contract Pricing
DEL-MUM,09-01-2026,99.82218456,0.684141795,1800,89.8399661,0.049911092,1710.160034,Balanced Allocation,Volatile | High Fixed Cost Exposure | Low Delay Risk | Locked → Balanced Allocation,Standard Contract Pricing
DEL-MUM,10-01-2026,218.6761018,0.784735628,1800,229.6099069,0.127561059,1570.390093,Maximize Utilization,Stable | High Fixed Cost Exposure | Low Delay Risk | Locked → Maximize Utilization,Premium / Priority Pricing
DEL-MUM,11-01-2026,19.40313993,0.166235315,1800,17.46282594,0.00970157,1782.537174,Balanced Allocation,Volatile | High Fixed Cost Exposure | Low Delay Risk | Locked → Balanced Allocation,Standard Contract Pricing
DEL-MUM,12-01-2026,78.705107,0.591324887,1800,70.8345963,0.039352553,1729.165404,Balanced Allocation,Volatile | High Fixed Cost Exposure | Low Delay Risk | Locked → Balanced Allocation,Standard Contract Pricing
DEL-MUM,13-01-2026,-106.3057374,0,1800,-95.67516362,0,1895.675164,Balanced Allocation,Volatile | High Fixed Cost Exposure | Low Delay Risk | Locked → Balanced Allocation,Standard Contract Pricing
DEL-MUM,14-01-2026,1187.109282,0.711898808,1800,1068.398354,0.593554641,731.6016459,Balanced Allocation,Volatile | High Fixed Cost Exposure | Low Delay Risk | Locked → Balanced Allocation,Standard Contract Pricing
DEL-MUM,15-01-2026,159.6760797,0.962768055,1800,167.6598837,0.09314438,1632.340116,Maximize Utilization,Stable | High Fixed Cost Exposure | Low Delay Risk | Locked → Maximize Utilization,Premium / Priority Pricing
DEL-MUM,16-01-2026,102.5046676,0.727104817,1800,92.25420081,0.051252334,1707.745799,Balanced Allocation,Volatile | High Fixed Cost Exposure | Low Delay Risk | Locked → Balanced Allocation,Standard Contract Pricing
DEL-MUM,17-01-2026,27.15169012,0.237311567,1800,24.4365211,0.013575845,1775.563479,Balanced Allocation,Volatile | High Fixed Cost Exposure | Low Delay Risk | Locked → Balanced Allocation,Standard Contract Pricing
DEL-MUM,18-01-2026,-35.18841493,0,1800,-31.66957343,0,1831.669573,Balanced Allocation,Volatile | High Fixed Cost Exposure | Low Delay Risk | Locked → Balanced Allocation,Standard Contract Pricing
DEL-MUM,19-01-2026,55.49605977,0.423821099,1800,49.94645379,0.02774803,1750.053546,Balanced Allocation,Volatile | High Fixed Cost Exposure | Low Delay Risk | Locked → Balanced Allocation,Standard Contract Pricing
DEL-MUM,20-01-2026,-63.17794682,0,1800,-56.86015214,0,1856.860152,Balanced Allocation,Volatile | High Fixed Cost Exposure | Low Delay Risk | Locked → Balanced Allocation,Standard Contract Pricing
DEL-MUM,21-01-2026,75.01359804,0.557740256,1800,67.51223823,0.037506799,1732.487762,Balanced Allocation,Volatile | High Fixed Cost Exposure | Low Delay Risk | Locked → Balanced Allocation,Standard Contract Pricing
DEL-MUM,22-01-2026,143.5403694,0.814824908,1800,150.7173879,0.083731882,1649.282612,Maximize Utilization,Stable | High Fixed Cost Exposure | Low Delay Risk | Locked → Maximize Utilization,Premium / Priority Pricing
DEL-MUM,23-01-2026,693.2494136,0.521113098,1800,623.9244722,0.346624707,1176.075528,Balanced Allocation,Volatile | High Fixed Cost Exposure | Low Delay Risk | Locked → Balanced Allocation,Standard Contract Pricing
DEL-MUM,24-01-2026,22.59175609,0.195024336,1800,20.33258048,0.011295878,1779.66742,Balanced Allocation,Volatile | High Fixed Cost Exposure | Low Delay Risk | Locked → Balanced Allocation,Standard Contract Pricing
DEL-MUM,25-01-2026,20.9358776,0.172296275,1800,18.84228984,0.010467939,1781.15771,Balanced Allocation,Volatile | High Fixed Cost Exposure | Low Delay Risk | Locked → Balanced Allocation,Standard Contract Pricing
DEL-MUM,26-01-2026,135.2936882,0.895567351,1800,142.0583726,0.078921318,1657.941627,Maximize Utilization,Stable | High Fixed Cost Exposure | Low Delay Risk | Locked → Maximize Utilization,Premium / Priority Pricing
DEL-MUM,27-01-2026,1671.444249,0,1800,1504.299824,0.835722124,295.7001763,Balanced Allocation,Volatile | High Fixed Cost Exposure | Low Delay Risk | Locked → Balanced Allocation,Standard Contract Pricing
DEL-MUM,28-01-2026,70.01088584,0.553390936,1800,63.00979725,0.035005443,1736.990203,Balanced Allocation,Volatile | High Fixed Cost Exposure | Low Delay Risk | Locked → Balanced Allocation,Standard Contract Pricing
DEL-MUM,29-01-2026,-57.86721043,0,1800,-52.08048939,0,1852.080489,Balanced Allocation,Volatile | High Fixed Cost Exposure | Low Delay Risk | Locked → Balanced Allocation,Standard Contract Pricing
DEL-MUM,30-01-2026,60.18925521,0.485514512,1800,54.17032969,0.030094628,1745.82967,Balanced Allocation,Volatile | High Fixed Cost Exposure | Low Delay Risk | Locked → Balanced Allocation,Standard Contract Pricing
DEL-MUM,31-01-2026,-90.40207815,0,1800,-81.36187033,0,1881.36187,Balanced Allocation,Volatile | High Fixed Cost Exposure | Low Delay Risk | Locked → Balanced Allocation,Standard Contract Pricing
DEL-MUM,01-02-2026,715.3087432,0.626330389,1800,643.7778689,0.357654372,1156.222131,Balanced Allocation,Volatile | High Fixed Cost Exposure | Low Delay Risk | Locked → Balanced Allocation,Standard Contract Pricing
DEL-MUM,02-02-2026,1400.122266,0.950623004,1800,1470.128379,0.816737989,329.8716207,Maximize Utilization,Stable | High Fixed Cost Exposure | Low Delay Risk | Locked → Maximize Utilization,Premium / Priority Pricing
DEL-MUM,03-02-2026,1687.944476,0,1800,1519.150028,0.843972238,280.8499715,Balanced Allocation,Volatile | High Fixed Cost Exposure | Low Delay Risk | Locked → Balanced Allocation,Standard Contract Pricing
DEL-MUM,04-02-2026,1872.720308,0.852439843,1800,1800,1,0,Maximize Utilization,Stable | High Fixed Cost Exposure | Low Delay Risk | Locked → Maximize Utilization,Premium / Priority Pricing
DEL-MUM,05-02-2026,78.46049714,0.665816992,1800,70.61444743,0.039230249,1729.385553,Balanced Allocation,Volatile | High Fixed Cost Exposure | Low Delay Risk | Locked → Balanced Allocation,Standard Contract Pricing
DEL-MUM,06-02-2026,111.7364036,0.753361658,1800,117.3232237,0.065179569,1682.676776,Maximize Utilization,Stable | High Fixed Cost Exposure | Low Delay Risk | Locked → Maximize Utilization,Premium / Priority Pricing
DEL-MUM,07-02-2026,77.54598167,0.557791072,1800,69.7913835,0.038772991,1730.208616,Balanced Allocation,Volatile | High Fixed Cost Exposure | Low Delay Risk | Locked → Balanced Allocation,Standard Contract Pricing
DEL-MUM,08-02-2026,-139.3577019,0,1800,-125.4219317,0,1925.421932,Balanced Allocation,Volatile | High Fixed Cost Exposure | Low Delay Risk | Locked → Balanced Allocation,Standard Contract Pricing
DEL-MUM,09-02-2026,1851.231413,0.666986591,1800,1666.108271,0.925615706,133.8917286,Balanced Allocation,Volatile | High Fixed Cost Exposure | Low Delay Risk | Locked → Balanced Allocation,Standard Contract Pricing
DEL-MUM,10-02-2026,483.7446355,0.630171271,1800,435.370172,0.241872318,1364.629828,Balanced Allocation,Volatile | High Fixed Cost Exposure | Low Delay Risk | Locked → Balanced Allocation,Standard Contract Pricing
DEL-MUM,11-02-2026,-99.72423715,0,1800,-89.75181344,0,1889.751813,Balanced Allocation,Volatile | High Fixed Cost Exposure | Low Delay Risk | Locked → Balanced Allocation,Standard Contract Pricing
DEL-MUM,12-02-2026,1102.618417,0.552136783,1800,992.3565757,0.551309209,807.6434243,Balanced Allocation,Volatile | High Fixed Cost Exposure | Low Delay Risk | Locked → Balanced Allocation,Standard Contract Pricing
DEL-MUM,13-02-2026,53.275342,0.37349012,1800,47.9478078,0.026637671,1752.052192,Balanced Allocation,Volatile | High Fixed Cost Exposure | Low Delay Risk | Locked → Balanced Allocation,Standard Contract Pricing
DEL-MUM,14-02-2026,1035.656745,0.710777195,1800,932.0910703,0.517828372,867.9089297,Balanced Allocation,Volatile | High Fixed Cost Exposure | Low Delay Risk | Locked → Balanced Allocation,Standard Contract Pricing
DEL-MUM,15-02-2026,1761.991121,0.731003026,1800,1585.792009,0.880995561,214.207991,Balanced Allocation,Volatile | High Fixed Cost Exposure | Low Delay Risk | Locked → Balanced Allocation,Standard Contract Pricing
DEL-MUM,16-02-2026,123.9038142,0.844066133,1800,130.0990049,0.072277225,1669.900995,Maximize Utilization,Stable | High Fixed Cost Exposure | Low Delay Risk | Locked → Maximize Utilization,Premium / Priority Pricing
DEL-MUM,17-02-2026,198.9900545,0.826571314,1800,208.9395573,0.116077532,1591.060443,Maximize Utilization,Stable | High Fixed Cost Exposure | Low Delay Risk | Locked → Maximize Utilization,Premium / Priority Pricing
DEL-MUM,18-02-2026,515.6262009,0.703336538,1800,464.0635808,0.2578131,1335.936419,Balanced Allocation,Volatile | High Fixed Cost Exposure | Low Delay Risk | Locked → Balanced Allocation,Standard Contract Pricing
DEL-MUM,19-02-2026,1257.164272,0.656577143,1800,1131.447844,0.628582136,668.5521556,Balanced Allocation,Volatile | High Fixed Cost Exposure | Low Delay Risk | Locked → Balanced Allocation,Standard Contract Pricing
DEL-MUM,20-02-2026,98.28702878,0.693689258,1800,88.45832591,0.049143514,1711.541674,Balanced Allocation,Volatile | High Fixed Cost Exposure | Low Delay Risk | Locked → Balanced Allocation,Standard Contract Pricing
DEL-MUM,21-02-2026,39.97890321,0.339046568,1800,35.98101289,0.019989452,1764.018987,Balanced Allocation,Volatile | High Fixed Cost Exposure | Low Delay Risk | Locked → Balanced Allocation,Standard Contract Pricing
DEL-MUM,22-02-2026,1623.381889,0.891969438,1800,1704.550983,0.946972769,95.44901652,Maximize Utilization,Stable | High Fixed Cost Exposure | Low Delay Risk | Locked → Maximize Utilization,Premium / Priority Pricing
DEL-MUM,23-02-2026,16.69236994,0.142909597,1800,15.02313295,0.008346185,1784.976867,Balanced Allocation,Volatile | High Fixed Cost Exposure | Low Delay Risk | Locked → Balanced Allocation,Standard Contract Pricing
DEL-MUM,24-02-2026,63.47240743,0.47336301,1800,57.12516669,0.031736204,1742.874833,Balanced Allocation,Volatile | High Fixed Cost Exposure | Low Delay Risk | Locked → Balanced Allocation,Standard Contract Pricing
DEL-MUM,25-02-2026,339.4097698,0.737055857,1800,305.4687928,0.169704885,1494.531207,Balanced Allocation,Volatile | High Fixed Cost Exposure | Low Delay Risk | Locked → Balanced Allocation,Standard Contract Pricing
DEL-MUM,26-02-2026,11.51873342,0.102372058,1800,10.36686008,0.005759367,1789.63314,Balanced Allocation,Volatile | High Fixed Cost Exposure | Low Delay Risk | Locked → Balanced Allocation,Standard Contract Pricing
DEL-MUM,27-02-2026,-108.4641267,0,1800,-97.61771399,0,1897.617714,Balanced Allocation,Volatile | High Fixed Cost Exposure | Low Delay Risk | Locked → Balanced Allocation,Standard Contract Pricing
DEL-MUM,28-02-2026,2083.679432,0.393951743,1800,1800,1,0,Balanced Allocation,Volatile | High Fixed Cost Exposure | Low Delay Risk | Locked → Balanced Allocation,Standard Contract Pricing
DEL-MUM,01-03-2026,17.33980653,0.147876108,1800,15.60582588,0.008669903,1784.394174,Balanced Allocation,Volatile | High Fixed Cost Exposure | Low Delay Risk | Locked → Balanced Allocation,Standard Contract Pricing
DEL-BLR,01-01-2026,1294.635161,0.85247539,2275,906.244613,0.39834928,1368.755387,Conservative Loading,Stable | High Fixed Cost Exposure | High Delay Risk | Locked → Conservative Loading,Discount / Spot Pricing
DEL-BLR,02-01-2026,1312.485371,0.892442474,2275,918.7397599,0.403841653,1356.26024,Conservative Loading,Stable | High Fixed Cost Exposure | High Delay Risk | Locked → Conservative Loading,Discount / Spot Pricing
DEL-BLR,03-01-2026,351.0741752,0.753701592,2275,245.7519227,0.108022823,2029.248077,Conservative Loading,Stable | High Fixed Cost Exposure | High Delay Risk | Locked → Conservative Loading,Discount / Spot Pricing
DEL-BLR,04-01-2026,102.3059118,0.648505585,2275,71.61413823,0.031478742,2203.385862,Conservative Loading,Volatile | High Fixed Cost Exposure | High Delay Risk | Locked → Conservative Loading,Discount / Spot Pricing
DEL-BLR,05-01-2026,1165.126866,0.864363982,2275,815.5888062,0.358500574,1459.411194,Conservative Loading,Stable | High Fixed Cost Exposure | High Delay Risk | Locked → Conservative Loading,Discount / Spot Pricing
DEL-BLR,06-01-2026,98.79679206,0.617305152,2275,69.15775444,0.030399013,2205.842246,Conservative Loading,Volatile | High Fixed Cost Exposure | High Delay Risk | Locked → Conservative Loading,Discount / Spot Pricing
DEL-BLR,07-01-2026,165.7793329,0.991334876,2275,116.045533,0.051009026,2158.954467,Conservative Loading,Stable | High Fixed Cost Exposure | High Delay Risk | Locked → Conservative Loading,Discount / Spot Pricing
DEL-BLR,08-01-2026,27.99201286,0.254728905,2275,19.594409,0.008612927,2255.405591,Conservative Loading,Volatile | High Fixed Cost Exposure | High Delay Risk | Locked → Conservative Loading,Discount / Spot Pricing
DEL-BLR,09-01-2026,152.2524136,0.994310856,2275,106.5766895,0.046846897,2168.42331,Conservative Loading,Stable | High Fixed Cost Exposure | High Delay Risk | Locked → Conservative Loading,Discount / Spot Pricing
DEL-BLR,10-01-2026,32.81726969,0.256385222,2275,22.97208879,0.010097621,2252.027911,Conservative Loading,Volatile | High Fixed Cost Exposure | High Delay Risk | Locked → Conservative Loading,Discount / Spot Pricing
DEL-BLR,11-01-2026,252.3443414,0.85416974,2275,176.641039,0.077644413,2098.358961,Conservative Loading,Stable | High Fixed Cost Exposure | High Delay Risk | Locked → Conservative Loading,Discount / Spot Pricing
DEL-BLR,12-01-2026,236.4105919,0.858254572,2275,165.4874143,0.072741721,2109.512586,Conservative Loading,Stable | High Fixed Cost Exposure | High Delay Risk | Locked → Conservative Loading,Discount / Spot Pricing
DEL-BLR,13-01-2026,234.4084312,0.892757259,2275,164.0859019,0.072125671,2110.914098,Conservative Loading,Stable | High Fixed Cost Exposure | High Delay Risk | Locked → Conservative Loading,Discount / Spot Pricing
DEL-BLR,14-01-2026,389.8192359,0.554357925,2275,272.8734651,0.11994438,2002.126535,Conservative Loading,Volatile | High Fixed Cost Exposure | High Delay Risk | Locked → Conservative Loading,Discount / Spot Pricing
DEL-BLR,15-01-2026,150.004645,0.790076181,2275,105.0032515,0.046155275,2169.996748,Conservative Loading,Stable | High Fixed Cost Exposure | High Delay Risk | Locked → Conservative Loading,Discount / Spot Pricing
DEL-BLR,16-01-2026,203.1995971,0.956128002,2275,142.239718,0.062522953,2132.760282,Conservative Loading,Stable | High Fixed Cost Exposure | High Delay Risk | Locked → Conservative Loading,Discount / Spot Pricing
DEL-BLR,17-01-2026,251.5373632,0.826221301,2275,176.0761542,0.077396112,2098.923846,Conservative Loading,Stable | High Fixed Cost Exposure | High Delay Risk | Locked → Conservative Loading,Discount / Spot Pricing
DEL-BLR,18-01-2026,370.5567512,0.681006109,2275,259.3897258,0.114017462,2015.610274,Conservative Loading,Volatile | High Fixed Cost Exposure | High Delay Risk | Locked → Conservative Loading,Discount / Spot Pricing
DEL-BLR,19-01-2026,1220.111765,0.977217223,2275,854.0782352,0.375419004,1420.921765,Conservative Loading,Stable | High Fixed Cost Exposure | High Delay Risk | Locked → Conservative Loading,Discount / Spot Pricing
DEL-BLR,20-01-2026,433.3817043,0.651408614,2275,303.367193,0.133348217,1971.632807,Conservative Loading,Volatile | High Fixed Cost Exposure | High Delay Risk | Locked → Conservative Loading,Discount / Spot Pricing
DEL-BLR,21-01-2026,2271.185203,0.666006349,2275,1589.829642,0.698826216,685.1703582,Conservative Loading,Volatile | High Fixed Cost Exposure | High Delay Risk | Locked → Conservative Loading,Discount / Spot Pricing
DEL-BLR,22-01-2026,224.2719183,0.925712949,2275,156.9903428,0.069006744,2118.009657,Conservative Loading,Stable | High Fixed Cost Exposure | High Delay Risk | Locked → Conservative Loading,Discount / Spot Pricing
DEL-BLR,23-01-2026,247.3067119,0.941184555,2275,173.1146983,0.076094373,2101.885302,Conservative Loading,Stable | High Fixed Cost Exposure | High Delay Risk | Locked → Conservative Loading,Discount / Spot Pricing
DEL-BLR,24-01-2026,121.0658433,0.748868549,2275,84.7460903,0.037251029,2190.25391,Conservative Loading,Volatile | High Fixed Cost Exposure | High Delay Risk | Locked → Conservative Loading,Discount / Spot Pricing
DEL-BLR,25-01-2026,325.1211417,0.813936244,2275,227.5847992,0.100037274,2047.415201,Conservative Loading,Stable | High Fixed Cost Exposure | High Delay Risk | Locked → Conservative Loading,Discount / Spot Pricing
DEL-BLR,26-01-2026,366.3603772,0.638281912,2275,256.452264,0.11272627,2018.547736,Conservative Loading,Volatile | High Fixed Cost Exposure | High Delay Risk | Locked → Conservative Loading,Discount / Spot Pricing
DEL-BLR,27-01-2026,39.31659951,0.340137431,2275,27.52161966,0.012097415,2247.47838,Conservative Loading,Volatile | High Fixed Cost Exposure | High Delay Risk | Locked → Conservative Loading,Discount / Spot Pricing
DEL-BLR,28-01-2026,1778.245296,0.919819881,2275,1244.771707,0.547152399,1030.228293,Conservative Loading,Stable | High Fixed Cost Exposure | High Delay Risk | Locked → Conservative Loading,Discount / Spot Pricing
DEL-BLR,29-01-2026,159.0776442,0.918581134,2275,111.354351,0.048946967,2163.645649,Conservative Loading,Stable | High Fixed Cost Exposure | High Delay Risk | Locked → Conservative Loading,Discount / Spot Pricing
DEL-BLR,30-01-2026,79.68142207,0.54758841,2275,55.77699545,0.024517361,2219.223005,Conservative Loading,Volatile | High Fixed Cost Exposure | High Delay Risk | Locked → Conservative Loading,Discount / Spot Pricing
DEL-BLR,31-01-2026,117.2270772,0.82850841,2275,82.05895406,0.03606987,2192.941046,Conservative Loading,Stable | High Fixed Cost Exposure | High Delay Risk | Locked → Conservative Loading,Discount / Spot Pricing
DEL-BLR,01-02-2026,46.62124014,0.348462766,2275,32.6348681,0.014344997,2242.365132,Conservative Loading,Volatile | High Fixed Cost Exposure | High Delay Risk | Locked → Conservative Loading,Discount / Spot Pricing
DEL-BLR,02-02-2026,312.8530174,0.723142918,2275,218.9971122,0.096262467,2056.002888,Conservative Loading,Volatile | High Fixed Cost Exposure | High Delay Risk | Locked → Conservative Loading,Discount / Spot Pricing
DEL-BLR,03-02-2026,256.9391464,0.792282624,2275,179.8574025,0.079058199,2095.142597,Conservative Loading,Stable | High Fixed Cost Exposure | High Delay Risk | Locked → Conservative Loading,Discount / Spot Pricing
DEL-BLR,04-02-2026,195.0994554,0.923217866,2275,136.5696188,0.060030602,2138.430381,Conservative Loading,Stable | High Fixed Cost Exposure | High Delay Risk | Locked → Conservative Loading,Discount / Spot Pricing
DEL-BLR,05-02-2026,97.00845226,0.737124794,2275,67.90591658,0.029848755,2207.094083,Conservative Loading,Volatile | High Fixed Cost Exposure | High Delay Risk | Locked → Conservative Loading,Discount / Spot Pricing
DEL-BLR,06-02-2026,166.5574436,0.914052108,2275,116.5902105,0.051248444,2158.409789,Conservative Loading,Stable | High Fixed Cost Exposure | High Delay Risk | Locked → Conservative Loading,Discount / Spot Pricing
DEL-BLR,07-02-2026,2016.108484,0.960822489,2275,1411.275939,0.620341072,863.7240614,Conservative Loading,Stable | High Fixed Cost Exposure | High Delay Risk | Locked → Conservative Loading,Discount / Spot Pricing
DEL-BLR,08-02-2026,29.56964831,0.268142456,2275,20.69875382,0.009098353,2254.301246,Conservative Loading,Volatile | High Fixed Cost Exposure | High Delay Risk | Locked → Conservative Loading,Discount / Spot Pricing
DEL-BLR,09-02-2026,304.3603178,0.669986765,2275,213.0522224,0.093649329,2061.947778,Conservative Loading,Volatile | High Fixed Cost Exposure | High Delay Risk | Locked → Conservative Loading,Discount / Spot Pricing
DEL-BLR,10-02-2026,169.7769701,0.972986796,2275,118.8438791,0.052239068,2156.156121,Conservative Loading,Stable | High Fixed Cost Exposure | High Delay Risk | Locked → Conservative Loading,Discount / Spot Pricing
DEL-BLR,11-02-2026,200.239898,0.9571529,2275,140.1679286,0.061612276,2134.832071,Conservative Loading,Stable | High Fixed Cost Exposure | High Delay Risk | Locked → Conservative Loading,Discount / Spot Pricing
DEL-BLR,12-02-2026,109.4922835,0.736109508,2275,76.64459846,0.033689933,2198.355402,Conservative Loading,Volatile | High Fixed Cost Exposure | High Delay Risk | Locked → Conservative Loading,Discount / Spot Pricing
DEL-BLR,13-02-2026,258.7849992,0.732225129,2275,181.1494994,0.079626154,2093.850501,Conservative Loading,Volatile | High Fixed Cost Exposure | High Delay Risk | Locked → Conservative Loading,Discount / Spot Pricing
DEL-BLR,14-02-2026,688.1097332,0.717172004,2275,481.6768132,0.211726072,1793.323187,Conservative Loading,Volatile | High Fixed Cost Exposure | High Delay Risk | Locked → Conservative Loading,Discount / Spot Pricing
DEL-BLR,15-02-2026,220.5224789,0.882859811,2275,154.3657352,0.06785307,2120.634265,Conservative Loading,Stable | High Fixed Cost Exposure | High Delay Risk | Locked → Conservative Loading,Discount / Spot Pricing
DEL-BLR,16-02-2026,277.7396386,0.613656227,2275,194.417747,0.08545835,2080.582253,Conservative Loading,Volatile | High Fixed Cost Exposure | High Delay Risk | Locked → Conservative Loading,Discount / Spot Pricing
DEL-BLR,17-02-2026,335.7491637,0.710639118,2275,235.0244146,0.103307435,2039.975585,Conservative Loading,Volatile | High Fixed Cost Exposure | High Delay Risk | Locked → Conservative Loading,Discount / Spot Pricing
DEL-BLR,18-02-2026,1402.608196,0.909058918,2275,981.8257374,0.431571753,1293.174263,Conservative Loading,Stable | High Fixed Cost Exposure | High Delay Risk | Locked → Conservative Loading,Discount / Spot Pricing
DEL-BLR,19-02-2026,286.9382041,0.822946031,2275,200.8567429,0.088288678,2074.143257,Conservative Loading,Stable | High Fixed Cost Exposure | High Delay Risk | Locked → Conservative Loading,Discount / Spot Pricing
DEL-BLR,20-02-2026,323.2252853,0.834932723,2275,226.2576997,0.099453934,2048.7423,Conservative Loading,Stable | High Fixed Cost Exposure | High Delay Risk | Locked → Conservative Loading,Discount / Spot Pricing
DEL-BLR,21-02-2026,225.5771149,0.942009894,2275,157.9039804,0.069408343,2117.09602,Conservative Loading,Stable | High Fixed Cost Exposure | High Delay Risk | Locked → Conservative Loading,Discount / Spot Pricing
DEL-BLR,22-02-2026,418.0219383,0.607334419,2275,292.6153568,0.128622135,1982.384643,Conservative Loading,Volatile | High Fixed Cost Exposure | High Delay Risk | Locked → Conservative Loading,Discount / Spot Pricing
DEL-BLR,23-02-2026,136.4427808,0.888511398,2275,95.50994654,0.041982394,2179.490053,Conservative Loading,Stable | High Fixed Cost Exposure | High Delay Risk | Locked → Conservative Loading,Discount / Spot Pricing
DEL-BLR,24-02-2026,42.64922555,0.307595861,2275,29.85445788,0.013122839,2245.145542,Conservative Loading,Volatile | High Fixed Cost Exposure | High Delay Risk | Locked → Conservative Loading,Discount / Spot Pricing
DEL-BLR,25-02-2026,146.5930193,0.872776976,2275,102.6151135,0.045105544,2172.384886,Conservative Loading,Stable | High Fixed Cost Exposure | High Delay Risk | Locked → Conservative Loading,Discount / Spot Pricing
DEL-BLR,26-02-2026,323.3293862,0.731887688,2275,226.3305703,0.099485965,2048.66943,Conservative Loading,Volatile | High Fixed Cost Exposure | High Delay Risk | Locked → Conservative Loading,Discount / Spot Pricing
DEL-BLR,27-02-2026,284.0721834,0.763665567,2275,198.8505284,0.087406826,2076.149472,Conservative Loading,Stable | High Fixed Cost Exposure | High Delay Risk | Locked → Conservative Loading,Discount / Spot Pricing
DEL-BLR,28-02-2026,53.50167906,0.429160684,2275,37.45117534,0.016462055,2237.548825,Conservative Loading,Volatile | High Fixed Cost Exposure | High Delay Risk | Locked → Conservative Loading,Discount / Spot Pricing
DEL-BLR,01-03-2026,46.59293937,0.376777276,2275,32.61505756,0.014336289,2242.384942,Conservative Loading,Volatile | High Fixed Cost Exposure | High Delay Risk | Locked → Conservative Loading,Discount / Spot Pricing
DEL-BLR,01-01-2026,237.5807256,0.803132694,2275,166.3065079,0.073101762,2108.693492,Conservative Loading,Stable | High Fixed Cost Exposure | High Delay Risk | Locked → Conservative Loading,Discount / Spot Pricing
DEL-BLR,02-01-2026,117.3704181,0.821989629,2275,82.15929264,0.036113975,2192.840707,Conservative Loading,Stable | High Fixed Cost Exposure | High Delay Risk | Locked → Conservative Loading,Discount / Spot Pricing
DEL-BLR,03-01-2026,231.0530802,0.844627639,2275,161.7371561,0.071093255,2113.262844,Conservative Loading,Stable | High Fixed Cost Exposure | High Delay Risk | Locked → Conservative Loading,Discount / Spot Pricing
DEL-BLR,04-01-2026,348.9165485,0.630968293,2275,244.2415839,0.107358938,2030.758416,Conservative Loading,Volatile | High Fixed Cost Exposure | High Delay Risk | Locked → Conservative Loading,Discount / Spot Pricing
DEL-BLR,05-01-2026,1151.641909,0.957177015,2275,806.1493366,0.354351357,1468.850663,Conservative Loading,Stable | High Fixed Cost Exposure | High Delay Risk | Locked → Conservative Loading,Discount / Spot Pricing
DEL-BLR,06-01-2026,262.7134524,0.812776173,2275,183.8994167,0.080834908,2091.100583,Conservative Loading,Stable | High Fixed Cost Exposure | High Delay Risk | Locked → Conservative Loading,Discount / Spot Pricing
DEL-BLR,07-01-2026,159.8995275,0.964540683,2275,111.9296692,0.049199855,2163.070331,Conservative Loading,Stable | High Fixed Cost Exposure | High Delay Risk | Locked → Conservative Loading,Discount / Spot Pricing
DEL-BLR,08-01-2026,1936.419059,0.646562079,2275,1355.493341,0.595821249,919.5066589,Conservative Loading,Volatile | High Fixed Cost Exposure | High Delay Risk | Locked → Conservative Loading,Discount / Spot Pricing
DEL-BLR,09-01-2026,262.7571812,0.611230726,2275,183.9300268,0.080848363,2091.069973,Conservative Loading,Volatile | High Fixed Cost Exposure | High Delay Risk | Locked → Conservative Loading,Discount / Spot Pricing
DEL-BLR,10-01-2026,2165.842024,0.723569866,2275,1516.089417,0.66641293,758.9105834,Conservative Loading,Volatile | High Fixed Cost Exposure | High Delay Risk | Locked → Conservative Loading,Discount / Spot Pricing
DEL-BLR,11-01-2026,1166.285135,0.870943498,2275,816.3995946,0.358856965,1458.600405,Conservative Loading,Stable | High Fixed Cost Exposure | High Delay Risk | Locked → Conservative Loading,Discount / Spot Pricing
DEL-BLR,12-01-2026,489.575677,0.463970225,2275,342.7029739,0.15063867,1932.297026,Conservative Loading,Volatile | High Fixed Cost Exposure | High Delay Risk | Locked → Conservative Loading,Discount / Spot Pricing
DEL-BLR,13-01-2026,437.7130182,0.586501013,2275,306.3991127,0.134680929,1968.600887,Conservative Loading,Volatile | High Fixed Cost Exposure | High Delay Risk | Locked → Conservative Loading,Discount / Spot Pricing
DEL-BLR,14-01-2026,177.0443165,0.974127905,2275,123.9310216,0.054475174,2151.068978,Conservative Loading,Stable | High Fixed Cost Exposure | High Delay Risk | Locked → Conservative Loading,Discount / Spot Pricing
DEL-BLR,15-01-2026,142.740671,0.953767426,2275,99.91846969,0.043920206,2175.08153,Conservative Loading,Stable | High Fixed Cost Exposure | High Delay Risk | Locked → Conservative Loading,Discount / Spot Pricing
DEL-BLR,16-01-2026,1822.331036,0.768079955,2275,1275.631725,0.560717242,999.368275,Conservative Loading,Stable | High Fixed Cost Exposure | High Delay Risk | Locked → Conservative Loading,Discount / Spot Pricing
DEL-BLR,17-01-2026,179.2728447,0.918805224,2275,125.4909913,0.055160875,2149.509009,Conservative Loading,Stable | High Fixed Cost Exposure | High Delay Risk | Locked → Conservative Loading,Discount / Spot Pricing
DEL-BLR,18-01-2026,296.2143248,0.854545801,2275,207.3500274,0.091142869,2067.649973,Conservative Loading,Stable | High Fixed Cost Exposure | High Delay Risk | Locked → Conservative Loading,Discount / Spot Pricing
DEL-BLR,19-01-2026,248.1508575,0.866950862,2275,173.7056003,0.07635411,2101.2944,Conservative Loading,Stable | High Fixed Cost Exposure | High Delay Risk | Locked → Conservative Loading,Discount / Spot Pricing
DEL-BLR,20-01-2026,204.3044805,0.992371257,2275,143.0131363,0.062862917,2131.986864,Conservative Loading,Stable | High Fixed Cost Exposure | High Delay Risk | Locked → Conservative Loading,Discount / Spot Pricing
DEL-BLR,21-01-2026,1755.964026,0.949797871,2275,1229.174818,0.540296623,1045.825182,Conservative Loading,Stable | High Fixed Cost Exposure | High Delay Risk | Locked → Conservative Loading,Discount / Spot Pricing
DEL-BLR,22-01-2026,404.9781859,0.558189391,2275,283.4847301,0.124608673,1991.51527,Conservative Loading,Volatile | High Fixed Cost Exposure | High Delay Risk | Locked → Conservative Loading,Discount / Spot Pricing
DEL-BLR,23-01-2026,371.8047374,0.627535753,2275,260.2633162,0.114401458,2014.736684,Conservative Loading,Volatile | High Fixed Cost Exposure | High Delay Risk | Locked → Conservative Loading,Discount / Spot Pricing
DEL-BLR,24-01-2026,506.8584613,0.649692429,2275,354.8009229,0.15595645,1920.199077,Conservative Loading,Volatile | High Fixed Cost Exposure | High Delay Risk | Locked → Conservative Loading,Discount / Spot Pricing
DEL-BLR,25-01-2026,267.1221464,0.709301948,2275,186.9855025,0.08219143,2088.014498,Conservative Loading,Volatile | High Fixed Cost Exposure | High Delay Risk | Locked → Conservative Loading,Discount / Spot Pricing
DEL-BLR,26-01-2026,1124.124842,0.698033153,2275,786.8873895,0.345884567,1488.112611,Conservative Loading,Volatile | High Fixed Cost Exposure | High Delay Risk | Locked → Conservative Loading,Discount / Spot Pricing
DEL-BLR,27-01-2026,319.2485968,0.71186635,2275,223.4740178,0.098230337,2051.525982,Conservative Loading,Volatile | High Fixed Cost Exposure | High Delay Risk | Locked → Conservative Loading,Discount / Spot Pricing
DEL-BLR,28-01-2026,350.3801398,0.634660586,2275,245.2660979,0.107809274,2029.733902,Conservative Loading,Volatile | High Fixed Cost Exposure | High Delay Risk | Locked → Conservative Loading,Discount / Spot Pricing
DEL-BLR,29-01-2026,173.873425,0.967415093,2275,121.7113975,0.053499515,2153.288602,Conservative Loading,Stable | High Fixed Cost Exposure | High Delay Risk | Locked → Conservative Loading,Discount / Spot Pricing
DEL-BLR,30-01-2026,64.07501603,0.498379614,2275,44.85251122,0.01971539,2230.147489,Conservative Loading,Volatile | High Fixed Cost Exposure | High Delay Risk | Locked → Conservative Loading,Discount / Spot Pricing
DEL-BLR,31-01-2026,292.6743716,0.723867913,2275,204.8720601,0.090053653,2070.12794,Conservative Loading,Volatile | High Fixed Cost Exposure | High Delay Risk | Locked → Conservative Loading,Discount / Spot Pricing
DEL-BLR,01-02-2026,153.273903,0.8745473,2275,107.2917321,0.047161201,2167.708268,Conservative Loading,Stable | High Fixed Cost Exposure | High Delay Risk | Locked → Conservative Loading,Discount / Spot Pricing
DEL-BLR,02-02-2026,144.7250083,0.946194202,2275,101.3075058,0.044530772,2173.692494,Conservative Loading,Stable | High Fixed Cost Exposure | High Delay Risk | Locked → Conservative Loading,Discount / Spot Pricing
DEL-BLR,03-02-2026,214.4785202,0.931881591,2275,150.1349642,0.065993391,2124.865036,Conservative Loading,Stable | High Fixed Cost Exposure | High Delay Risk | Locked → Conservative Loading,Discount / Spot Pricing
DEL-BLR,04-02-2026,230.8686678,0.874466449,2275,161.6080675,0.071036513,2113.391933,Conservative Loading,Stable | High Fixed Cost Exposure | High Delay Risk | Locked → Conservative Loading,Discount / Spot Pricing
DEL-BLR,05-02-2026,86.07316061,0.643646008,2275,60.25121243,0.026484049,2214.748788,Conservative Loading,Volatile | High Fixed Cost Exposure | High Delay Risk | Locked → Conservative Loading,Discount / Spot Pricing
DEL-BLR,06-02-2026,2502.330652,0.686170584,2275,1751.631456,0.769947893,523.3685437,Conservative Loading,Volatile | High Fixed Cost Exposure | High Delay Risk | Locked → Conservative Loading,Discount / Spot Pricing
DEL-BLR,07-02-2026,258.8834061,0.709196634,2275,181.2183842,0.079656433,2093.781616,Conservative Loading,Volatile | High Fixed Cost Exposure | High Delay Risk | Locked → Conservative Loading,Discount / Spot Pricing
DEL-BLR,08-02-2026,1462.044192,0.882674792,2275,1023.430935,0.449859751,1251.569065,Conservative Loading,Stable | High Fixed Cost Exposure | High Delay Risk | Locked → Conservative Loading,Discount / Spot Pricing
DEL-BLR,09-02-2026,339.4489851,0.69617381,2275,237.6142895,0.104445842,2037.38571,Conservative Loading,Volatile | High Fixed Cost Exposure | High Delay Risk | Locked → Conservative Loading,Discount / Spot Pricing
DEL-BLR,10-02-2026,89.83024688,0.674298546,2275,62.88117282,0.027640076,2212.118827,Conservative Loading,Volatile | High Fixed Cost Exposure | High Delay Risk | Locked → Conservative Loading,Discount / Spot Pricing
DEL-BLR,11-02-2026,145.5250439,0.856032136,2275,101.8675307,0.044776937,2173.132469,Conservative Loading,Stable | High Fixed Cost Exposure | High Delay Risk | Locked → Conservative Loading,Discount / Spot Pricing
DEL-BLR,12-02-2026,246.1025088,0.783440988,2275,172.2717561,0.075723849,2102.728244,Conservative Loading,Stable | High Fixed Cost Exposure | High Delay Risk | Locked → Conservative Loading,Discount / Spot Pricing
DEL-BLR,13-02-2026,378.030129,0.561633702,2275,264.6210903,0.116316963,2010.37891,Conservative Loading,Volatile | High Fixed Cost Exposure | High Delay Risk | Locked → Conservative Loading,Discount / Spot Pricing
DEL-BLR,14-02-2026,260.7254625,0.687530304,2275,182.5078237,0.080223219,2092.492176,Conservative Loading,Volatile | High Fixed Cost Exposure | High Delay Risk | Locked → Conservative Loading,Discount / Spot Pricing
DEL-BLR,15-02-2026,392.6695548,0.666093189,2275,274.8686883,0.120821401,2000.131312,Conservative Loading,Volatile | High Fixed Cost Exposure | High Delay Risk | Locked → Conservative Loading,Discount / Spot Pricing
DEL-BLR,16-02-2026,265.9080272,0.692043081,2275,186.1356191,0.081817855,2088.864381,Conservative Loading,Volatile | High Fixed Cost Exposure | High Delay Risk | Locked → Conservative Loading,Discount / Spot Pricing
DEL-BLR,17-02-2026,198.8909756,0.986640831,2275,139.2236829,0.061197223,2135.776317,Conservative Loading,Stable | High Fixed Cost Exposure | High Delay Risk | Locked → Conservative Loading,Discount / Spot Pricing
DEL-BLR,18-02-2026,953.9104315,0.957304513,2275,667.7373021,0.293510902,1607.262698,Conservative Loading,Stable | High Fixed Cost Exposure | High Delay Risk | Locked → Conservative Loading,Discount / Spot Pricing
DEL-BLR,19-02-2026,217.8938419,0.983916914,2275,152.5256893,0.067044259,2122.474311,Conservative Loading,Stable | High Fixed Cost Exposure | High Delay Risk | Locked → Conservative Loading,Discount / Spot Pricing
DEL-BLR,20-02-2026,322.6513402,0.74236593,2275,225.8559381,0.099277335,2049.144062,Conservative Loading,Volatile | High Fixed Cost Exposure | High Delay Risk | Locked → Conservative Loading,Discount / Spot Pricing
DEL-BLR,21-02-2026,279.9452006,0.761136323,2275,195.9616404,0.086136985,2079.03836,Conservative Loading,Stable | High Fixed Cost Exposure | High Delay Risk | Locked → Conservative Loading,Discount / Spot Pricing
DEL-BLR,22-02-2026,324.6549131,0.680911554,2275,227.2584391,0.099893819,2047.741561,Conservative Loading,Volatile | High Fixed Cost Exposure | High Delay Risk | Locked → Conservative Loading,Discount / Spot Pricing
DEL-BLR,23-02-2026,254.876321,0.835302242,2275,178.4134247,0.078423483,2096.586575,Conservative Loading,Stable | High Fixed Cost Exposure | High Delay Risk | Locked → Conservative Loading,Discount / Spot Pricing
DEL-BLR,24-02-2026,115.8462321,0.80301843,2275,81.09236246,0.035644994,2193.907638,Conservative Loading,Stable | High Fixed Cost Exposure | High Delay Risk | Locked → Conservative Loading,Discount / Spot Pricing
DEL-BLR,25-02-2026,311.6788573,0.789125319,2275,218.1752001,0.095901187,2056.8248,Conservative Loading,Stable | High Fixed Cost Exposure | High Delay Risk | Locked → Conservative Loading,Discount / Spot Pricing
DEL-BLR,26-02-2026,66.93093791,0.523682428,2275,46.85165654,0.020594135,2228.148343,Conservative Loading,Volatile | High Fixed Cost Exposure | High Delay Risk | Locked → Conservative Loading,Discount / Spot Pricing
DEL-BLR,27-02-2026,191.1152456,0.970714166,2275,133.780672,0.058804691,2141.219328,Conservative Loading,Stable | High Fixed Cost Exposure | High Delay Risk | Locked → Conservative Loading,Discount / Spot Pricing
DEL-BLR,28-02-2026,212.7587415,0.880906067,2275,148.9311191,0.065464228,2126.068881,Conservative Loading,Stable | High Fixed Cost Exposure | High Delay Risk | Locked → Conservative Loading,Discount / Spot Pricing
DEL-BLR,01-03-2026,1262.080675,0.841228077,2275,883.4564727,0.388332515,1391.543527,Conservative Loading,Stable | High Fixed Cost Exposure | High Delay Risk | Locked → Conservative Loading,Discount / Spot Pricing
DEL-BLR,01-01-2026,386.6671314,0.61697735,2275,270.666992,0.118974502,2004.333008,Conservative Loading,Volatile | High Fixed Cost Exposure | High Delay Risk | Locked → Conservative Loading,Discount / Spot Pricing
DEL-BLR,02-01-2026,197.8376765,0.763296118,2275,138.4863735,0.060873131,2136.513626,Conservative Loading,Stable | High Fixed Cost Exposure | High Delay Risk | Locked → Conservative Loading,Discount / Spot Pricing
DEL-BLR,03-01-2026,585.2024488,0.497334727,2275,409.6417142,0.180062292,1865.358286,Conservative Loading,Volatile | High Fixed Cost Exposure | High Delay Risk | Locked → Conservative Loading,Discount / Spot Pricing
DEL-BLR,04-01-2026,217.278876,0.860539398,2275,152.0952132,0.066855039,2122.904787,Conservative Loading,Stable | High Fixed Cost Exposure | High Delay Risk | Locked → Conservative Loading,Discount / Spot Pricing
DEL-BLR,05-01-2026,351.2267868,0.660320894,2275,245.8587508,0.108069781,2029.141249,Conservative Loading,Volatile | High Fixed Cost Exposure | High Delay Risk | Locked → Conservative Loading,Discount / Spot Pricing
DEL-BLR,06-01-2026,520.6663363,0.574655138,2275,364.4664354,0.160205027,1910.533565,Conservative Loading,Volatile | High Fixed Cost Exposure | High Delay Risk | Locked → Conservative Loading,Discount / Spot Pricing
DEL-BLR,07-01-2026,469.1036191,0.571053107,2275,328.3725334,0.144339575,1946.627467,Conservative Loading,Volatile | High Fixed Cost Exposure | High Delay Risk | Locked → Conservative Loading,Discount / Spot Pricing
DEL-BLR,08-01-2026,451.1534638,0.610306556,2275,315.8074246,0.13881645,1959.192575,Conservative Loading,Volatile | High Fixed Cost Exposure | High Delay Risk | Locked → Conservative Loading,Discount / Spot Pricing
DEL-BLR,09-01-2026,260.4163998,0.707604906,2275,182.2914798,0.080128123,2092.70852,Conservative Loading,Volatile | High Fixed Cost Exposure | High Delay Risk | Locked → Conservative Loading,Discount / Spot Pricing
DEL-BLR,10-01-2026,2040.692777,0.635115526,2275,1428.484944,0.62790547,846.5150562,Conservative Loading,Volatile | High Fixed Cost Exposure | High Delay Risk | Locked → Conservative Loading,Discount / Spot Pricing
DEL-BLR,11-01-2026,156.03975,0.992908642,2275,109.227825,0.048012231,2165.772175,Conservative Loading,Stable | High Fixed Cost Exposure | High Delay Risk | Locked → Conservative Loading,Discount / Spot Pricing
DEL-BLR,12-01-2026,401.5429349,0.492974349,2275,281.0800545,0.123551672,1993.919946,Conservative Loading,Volatile | High Fixed Cost Exposure | High Delay Risk | Locked → Conservative Loading,Discount / Spot Pricing
DEL-BLR,13-01-2026,209.5830489,0.849460443,2275,146.7081343,0.064487092,2128.291866,Conservative Loading,Stable | High Fixed Cost Exposure | High Delay Risk | Locked → Conservative Loading,Discount / Spot Pricing
DEL-BLR,14-01-2026,396.985527,0.45529583,2275,277.8898689,0.122149393,1997.110131,Conservative Loading,Volatile | High Fixed Cost Exposure | High Delay Risk | Locked → Conservative Loading,Discount / Spot Pricing
DEL-BLR,15-01-2026,492.6811177,0.61063318,2275,344.8767824,0.15159419,1930.123218,Conservative Loading,Volatile | High Fixed Cost Exposure | High Delay Risk | Locked → Conservative Loading,Discount / Spot Pricing
DEL-BLR,16-01-2026,1201.594491,0.999496006,2275,841.1161437,0.369721382,1433.883856,Conservative Loading,Stable | High Fixed Cost Exposure | High Delay Risk | Locked → Conservative Loading,Discount / Spot Pricing
DEL-BLR,17-01-2026,391.7927233,0.603805858,2275,274.2549063,0.120551607,2000.745094,Conservative Loading,Volatile | High Fixed Cost Exposure | High Delay Risk | Locked → Conservative Loading,Discount / Spot Pricing
DEL-BLR,18-01-2026,226.767877,0.864109608,2275,158.7375139,0.069774731,2116.262486,Conservative Loading,Stable | High Fixed Cost Exposure | High Delay Risk | Locked → Conservative Loading,Discount / Spot Pricing
DEL-BLR,19-01-2026,431.3261175,0.691364804,2275,301.9282822,0.132715728,1973.071718,Conservative Loading,Volatile | High Fixed Cost Exposure | High Delay Risk | Locked → Conservative Loading,Discount / Spot Pricing
DEL-BLR,20-01-2026,449.8515197,0.61802718,2275,314.8960638,0.138415852,1960.103936,Conservative Loading,Volatile | High Fixed Cost Exposure | High Delay Risk | Locked → Conservative Loading,Discount / Spot Pricing
DEL-BLR,21-01-2026,305.8138772,0.551668958,2275,214.0697141,0.094096578,2060.930286,Conservative Loading,Volatile | High Fixed Cost Exposure | High Delay Risk | Locked → Conservative Loading,Discount / Spot Pricing
DEL-BLR,22-01-2026,406.6185842,0.471514569,2275,284.6330089,0.125113411,1990.366991,Conservative Loading,Volatile | High Fixed Cost Exposure | High Delay Risk | Locked → Conservative Loading,Discount / Spot Pricing
DEL-BLR,23-01-2026,1765.047358,0.812717478,2275,1235.533151,0.543091495,1039.466849,Conservative Loading,Stable | High Fixed Cost Exposure | High Delay Risk | Locked → Conservative Loading,Discount / Spot Pricing
DEL-BLR,24-01-2026,206.5976004,0.850197809,2275,144.6183203,0.063568492,2130.38168,Conservative Loading,Stable | High Fixed Cost Exposure | High Delay Risk | Locked → Conservative Loading,Discount / Spot Pricing
DEL-BLR,25-01-2026,331.8105465,0.6895174,2275,232.2673826,0.102095553,2042.732617,Conservative Loading,Volatile | High Fixed Cost Exposure | High Delay Risk | Locked → Conservative Loading,Discount / Spot Pricing
DEL-BLR,26-01-2026,219.1527737,0.777284057,2275,153.4069416,0.067431623,2121.593058,Conservative Loading,Stable | High Fixed Cost Exposure | High Delay Risk | Locked → Conservative Loading,Discount / Spot Pricing
DEL-BLR,27-01-2026,458.3290353,0.580811884,2275,320.8303247,0.141024319,1954.169675,Conservative Loading,Volatile | High Fixed Cost Exposure | High Delay Risk | Locked → Conservative Loading,Discount / Spot Pricing
DEL-BLR,28-01-2026,497.40807,0.514724067,2275,348.185649,0.153048637,1926.814351,Conservative Loading,Volatile | High Fixed Cost Exposure | High Delay Risk | Locked → Conservative Loading,Discount / Spot Pricing
DEL-BLR,29-01-2026,139.9424455,0.993735782,2275,97.95971185,0.043059214,2177.040288,Conservative Loading,Stable | High Fixed Cost Exposure | High Delay Risk | Locked → Conservative Loading,Discount / Spot Pricing
DEL-BLR,30-01-2026,176.0147449,0.841035608,2275,123.2103214,0.054158383,2151.789679,Conservative Loading,Stable | High Fixed Cost Exposure | High Delay Risk | Locked → Conservative Loading,Discount / Spot Pricing
DEL-BLR,31-01-2026,267.3271794,0.664496117,2275,187.1290256,0.082254517,2087.870974,Conservative Loading,Volatile | High Fixed Cost Exposure | High Delay Risk | Locked → Conservative Loading,Discount / Spot Pricing
DEL-BLR,01-02-2026,508.9925678,0.462274209,2275,356.2947975,0.156613098,1918.705203,Conservative Loading,Volatile | High Fixed Cost Exposure | High Delay Risk | Locked → Conservative Loading,Discount / Spot Pricing
DEL-BLR,02-02-2026,463.9680803,0.484536297,2275,324.7776562,0.142759409,1950.222344,Conservative Loading,Volatile | High Fixed Cost Exposure | High Delay Risk | Locked → Conservative Loading,Discount / Spot Pricing
DEL-BLR,03-02-2026,2280.472114,0.600549256,2275,1596.33048,0.701683727,678.6695205,Conservative Loading,Volatile | High Fixed Cost Exposure | High Delay Risk | Locked → Conservative Loading,Discount / Spot Pricing
DEL-BLR,04-02-2026,524.3091099,0.474478925,2275,367.0163769,0.16132588,1907.983623,Conservative Loading,Volatile | High Fixed Cost Exposure | High Delay Risk | Locked → Conservative Loading,Discount / Spot Pricing
DEL-BLR,05-02-2026,2150.232891,0.892208249,2275,1505.163024,0.66161012,769.836976,Conservative Loading,Stable | High Fixed Cost Exposure | High Delay Risk | Locked → Conservative Loading,Discount / Spot Pricing
DEL-BLR,06-02-2026,145.2325139,0.955613911,2275,101.6627597,0.044686927,2173.33724,Conservative Loading,Stable | High Fixed Cost Exposure | High Delay Risk | Locked → Conservative Loading,Discount / Spot Pricing
DEL-BLR,07-02-2026,176.8972954,0.935450864,2275,123.8281068,0.054429937,2151.171893,Conservative Loading,Stable | High Fixed Cost Exposure | High Delay Risk | Locked → Conservative Loading,Discount / Spot Pricing
DEL-BLR,08-02-2026,550.0157469,0.458658658,2275,385.0110229,0.169235614,1889.988977,Conservative Loading,Volatile | High Fixed Cost Exposure | High Delay Risk | Locked → Conservative Loading,Discount / Spot Pricing
DEL-BLR,09-02-2026,549.0021555,0.57392998,2275,384.3015089,0.16892374,1890.698491,Conservative Loading,Volatile | High Fixed Cost Exposure | High Delay Risk | Locked → Conservative Loading,Discount / Spot Pricing
DEL-BLR,10-02-2026,246.2872197,0.726687997,2275,172.4010538,0.075780683,2102.598946,Conservative Loading,Volatile | High Fixed Cost Exposure | High Delay Risk | Locked → Conservative Loading,Discount / Spot Pricing
DEL-BLR,11-02-2026,689.608393,0.707120623,2275,482.7258751,0.212187198,1792.274125,Conservative Loading,Volatile | High Fixed Cost Exposure | High Delay Risk | Locked → Conservative Loading,Discount / Spot Pricing
DEL-BLR,12-02-2026,328.1810921,0.807429006,2275,229.7267645,0.100978798,2045.273236,Conservative Loading,Stable | High Fixed Cost Exposure | High Delay Risk | Locked → Conservative Loading,Discount / Spot Pricing
DEL-BLR,13-02-2026,2417.726343,0.65429453,2275,1692.40844,0.743915798,582.5915598,Conservative Loading,Volatile | High Fixed Cost Exposure | High Delay Risk | Locked → Conservative Loading,Discount / Spot Pricing
DEL-BLR,14-02-2026,290.9659212,0.762988212,2275,203.6761449,0.089527976,2071.323855,Conservative Loading,Stable | High Fixed Cost Exposure | High Delay Risk | Locked → Conservative Loading,Discount / Spot Pricing
DEL-BLR,15-02-2026,446.1191935,0.522247216,2275,312.2834354,0.137267444,1962.716565,Conservative Loading,Volatile | High Fixed Cost Exposure | High Delay Risk | Locked → Conservative Loading,Discount / Spot Pricing
DEL-BLR,16-02-2026,273.8030882,0.70208604,2275,191.6621617,0.084247104,2083.337838,Conservative Loading,Volatile | High Fixed Cost Exposure | High Delay Risk | Locked → Conservative Loading,Discount / Spot Pricing
DEL-BLR,17-02-2026,143.5361145,0.88737262,2275,100.4752802,0.044164958,2174.52472,Conservative Loading,Stable | High Fixed Cost Exposure | High Delay Risk | Locked → Conservative Loading,Discount / Spot Pricing
DEL-BLR,18-02-2026,175.805851,0.893851918,2275,123.0640957,0.054094108,2151.935904,Conservative Loading,Stable | High Fixed Cost Exposure | High Delay Risk | Locked → Conservative Loading,Discount / Spot Pricing
DEL-BLR,19-02-2026,256.5225672,0.81733039,2275,179.5657971,0.078930021,2095.434203,Conservative Loading,Stable | High Fixed Cost Exposure | High Delay Risk | Locked → Conservative Loading,Discount / Spot Pricing
DEL-BLR,20-02-2026,476.1355024,0.62366631,2275,333.2948517,0.146503232,1941.705148,Conservative Loading,Volatile | High Fixed Cost Exposure | High Delay Risk | Locked → Conservative Loading,Discount / Spot Pricing
DEL-BLR,21-02-2026,207.9233856,0.80692428,2275,145.5463699,0.063976426,2129.45363,Conservative Loading,Stable | High Fixed Cost Exposure | High Delay Risk | Locked → Conservative Loading,Discount / Spot Pricing
DEL-BLR,22-02-2026,228.7222134,0.835445589,2275,160.1055494,0.070376066,2114.894451,Conservative Loading,Stable | High Fixed Cost Exposure | High Delay Risk | Locked → Conservative Loading,Discount / Spot Pricing
DEL-BLR,23-02-2026,448.4247488,0.620978069,2275,313.8973241,0.137976846,1961.102676,Conservative Loading,Volatile | High Fixed Cost Exposure | High Delay Risk | Locked → Conservative Loading,Discount / Spot Pricing
DEL-BLR,24-02-2026,510.8847839,0.623987164,2275,357.6193488,0.157195318,1917.380651,Conservative Loading,Volatile | High Fixed Cost Exposure | High Delay Risk | Locked → Conservative Loading,Discount / Spot Pricing
DEL-BLR,25-02-2026,157.9056339,0.891754873,2275,110.5339437,0.048586349,2164.466056,Conservative Loading,Stable | High Fixed Cost Exposure | High Delay Risk | Locked → Conservative Loading,Discount / Spot Pricing
DEL-BLR,26-02-2026,255.7459728,0.703924,2275,179.0221809,0.078691069,2095.977819,Conservative Loading,Volatile | High Fixed Cost Exposure | High Delay Risk | Locked → Conservative Loading,Discount / Spot Pricing
DEL-BLR,27-02-2026,545.3618933,0.575075626,2275,381.7533253,0.167803659,1893.246675,Conservative Loading,Volatile | High Fixed Cost Exposure | High Delay Risk | Locked → Conservative Loading,Discount / Spot Pricing
DEL-BLR,28-02-2026,498.1392423,0.568207357,2275,348.6974696,0.153273613,1926.30253,Conservative Loading,Volatile | High Fixed Cost Exposure | High Delay Risk | Locked → Conservative Loading,Discount / Spot Pricing
DEL-BLR,01-03-2026,1396.171651,0.895524136,2275,977.3201555,0.429591277,1297.679844,Conservative Loading,Stable | High Fixed Cost Exposure | High Delay Risk | Locked → Conservative Loading,Discount / Spot Pricing
DEL-BLR,01-01-2026,34.39351091,0.275447518,2275,24.07545763,0.010582619,2250.924542,Conservative Loading,Volatile | High Fixed Cost Exposure | High Delay Risk | Locked → Conservative Loading,Discount / Spot Pricing
DEL-BLR,02-01-2026,1985.103007,0,2275,1389.572105,0.610800925,885.4278953,Conservative Loading,Volatile | High Fixed Cost Exposure | High Delay Risk | Locked → Conservative Loading,Discount / Spot Pricing
DEL-BLR,03-01-2026,-26.0393715,0,2275,-18.22756005,0,2293.22756,Conservative Loading,Volatile | High Fixed Cost Exposure | High Delay Risk | Locked → Conservative Loading,Discount / Spot Pricing
DEL-BLR,04-01-2026,20.78164335,0.170741131,2275,14.54715035,0.006394352,2260.45285,Conservative Loading,Volatile | High Fixed Cost Exposure | High Delay Risk | Locked → Conservative Loading,Discount / Spot Pricing
DEL-BLR,05-01-2026,154.6516432,0.913467689,2275,108.2561502,0.047585121,2166.74385,Conservative Loading,Stable | High Fixed Cost Exposure | High Delay Risk | Locked → Conservative Loading,Discount / Spot Pricing
DEL-BLR,06-01-2026,118.9599549,0.747424476,2275,83.27196846,0.036603063,2191.728032,Conservative Loading,Volatile | High Fixed Cost Exposure | High Delay Risk | Locked → Conservative Loading,Discount / Spot Pricing
DEL-BLR,07-01-2026,-36.52419562,0,2275,-25.56693693,0,2300.566937,Conservative Loading,Volatile | High Fixed Cost Exposure | High Delay Risk | Locked → Conservative Loading,Discount / Spot Pricing
DEL-BLR,08-01-2026,1181.924334,0.735805602,2275,827.3470335,0.363669026,1447.652966,Conservative Loading,Volatile | High Fixed Cost Exposure | High Delay Risk | Locked → Conservative Loading,Discount / Spot Pricing
DEL-BLR,09-01-2026,141.955918,0.883110965,2275,99.36914257,0.043678744,2175.630857,Conservative Loading,Stable | High Fixed Cost Exposure | High Delay Risk | Locked → Conservative Loading,Discount / Spot Pricing
DEL-BLR,10-01-2026,-119.7052266,0,2275,-83.79365865,0,2358.793659,Conservative Loading,Volatile | High Fixed Cost Exposure | High Delay Risk | Locked → Conservative Loading,Discount / Spot Pricing
DEL-BLR,11-01-2026,-82.36736056,0,2275,-57.65715239,0,2332.657152,Conservative Loading,Volatile | High Fixed Cost Exposure | High Delay Risk | Locked → Conservative Loading,Discount / Spot Pricing
DEL-BLR,12-01-2026,-6.23693877,0,2275,-4.365857139,0,2279.365857,Conservative Loading,Volatile | High Fixed Cost Exposure | High Delay Risk | Locked → Conservative Loading,Discount / Spot Pricing
DEL-BLR,13-01-2026,1895.631288,0.730504138,2275,1326.941902,0.583271166,948.0580981,Conservative Loading,Volatile | High Fixed Cost Exposure | High Delay Risk | Locked → Conservative Loading,Discount / Spot Pricing
DEL-BLR,14-01-2026,140.9412852,0.944173082,2275,98.65889965,0.043366549,2176.3411,Conservative Loading,Stable | High Fixed Cost Exposure | High Delay Risk | Locked → Conservative Loading,Discount / Spot Pricing
DEL-BLR,15-01-2026,1940.952822,0.759382212,2275,1358.666975,0.597216253,916.3330249,Conservative Loading,Stable | High Fixed Cost Exposure | High Delay Risk | Locked → Conservative Loading,Discount / Spot Pricing
DEL-BLR,16-01-2026,111.2114545,0.715311358,2275,77.84801814,0.034218909,2197.151982,Conservative Loading,Volatile | High Fixed Cost Exposure | High Delay Risk | Locked → Conservative Loading,Discount / Spot Pricing
DEL-BLR,17-01-2026,-19.72856184,0,2275,-13.80999329,0,2288.809993,Conservative Loading,Volatile | High Fixed Cost Exposure | High Delay Risk | Locked → Conservative Loading,Discount / Spot Pricing
DEL-BLR,18-01-2026,479.3034803,0.627204073,2275,335.5124362,0.147477994,1939.487564,Conservative Loading,Volatile | High Fixed Cost Exposure | High Delay Risk | Locked → Conservative Loading,Discount / Spot Pricing
DEL-BLR,19-01-2026,178.3093853,0.964668154,2275,124.8165697,0.054864426,2150.18343,Conservative Loading,Stable | High Fixed Cost Exposure | High Delay Risk | Locked → Conservative Loading,Discount / Spot Pricing
DEL-BLR,20-01-2026,82.22164174,0.592234857,2275,57.55514922,0.025298967,2217.444851,Conservative Loading,Volatile | High Fixed Cost Exposure | High Delay Risk | Locked → Conservative Loading,Discount / Spot Pricing
DEL-BLR,21-01-2026,73.248382,0.511785392,2275,51.2738674,0.022537964,2223.726133,Conservative Loading,Volatile | High Fixed Cost Exposure | High Delay Risk | Locked → Conservative Loading,Discount / Spot Pricing
DEL-BLR,22-01-2026,-45.7763754,0,2275,-32.04346278,0,2307.043463,Conservative Loading,Volatile | High Fixed Cost Exposure | High Delay Risk | Locked → Conservative Loading,Discount / Spot Pricing
DEL-BLR,23-01-2026,-97.62991705,0,2275,-68.34094193,0,2343.340942,Conservative Loading,Volatile | High Fixed Cost Exposure | High Delay Risk | Locked → Conservative Loading,Discount / Spot Pricing
DEL-BLR,24-01-2026,86.38385631,0.629752719,2275,60.46869942,0.026579648,2214.531301,Conservative Loading,Volatile | High Fixed Cost Exposure | High Delay Risk | Locked → Conservative Loading,Discount / Spot Pricing
DEL-BLR,25-01-2026,84.29676449,0.622723867,2275,59.00773514,0.025937466,2215.992265,Conservative Loading,Volatile | High Fixed Cost Exposure | High Delay Risk | Locked → Conservative Loading,Discount / Spot Pricing
DEL-BLR,26-01-2026,107.7442014,0.749143254,2275,75.42094096,0.033152062,2199.579059,Conservative Loading,Volatile | High Fixed Cost Exposure | High Delay Risk | Locked → Conservative Loading,Discount / Spot Pricing
DEL-BLR,27-01-2026,-53.00936493,0,2275,-37.10655545,0,2312.106555,Conservative Loading,Volatile | High Fixed Cost Exposure | High Delay Risk | Locked → Conservative Loading,Discount / Spot Pricing
DEL-BLR,28-01-2026,9.035335275,0.080779512,2275,6.324734693,0.002780103,2268.675265,Conservative Loading,Volatile | High Fixed Cost Exposure | High Delay Risk | Locked → Conservative Loading,Discount / Spot Pricing
DEL-BLR,29-01-2026,1364.00144,0.504296109,2275,954.801008,0.419692751,1320.198992,Conservative Loading,Volatile | High Fixed Cost Exposure | High Delay Risk | Locked → Conservative Loading,Discount / Spot Pricing
DEL-BLR,30-01-2026,99.43838304,0.714699666,2275,69.60686813,0.030596426,2205.393132,Conservative Loading,Volatile | High Fixed Cost Exposure | High Delay Risk | Locked → Conservative Loading,Discount / Spot Pricing
DEL-BLR,31-01-2026,229.1837928,0.781604271,2275,160.4286549,0.07051809,2114.571345,Conservative Loading,Stable | High Fixed Cost Exposure | High Delay Risk | Locked → Conservative Loading,Discount / Spot Pricing
DEL-BLR,01-02-2026,69.84505719,0.530592455,2275,48.89154003,0.021490787,2226.10846,Conservative Loading,Volatile | High Fixed Cost Exposure | High Delay Risk | Locked → Conservative Loading,Discount / Spot Pricing
DEL-BLR,02-02-2026,853.9160527,0.503146759,2275,597.7412369,0.262743401,1677.258763,Conservative Loading,Volatile | High Fixed Cost Exposure | High Delay Risk | Locked → Conservative Loading,Discount / Spot Pricing
DEL-BLR,03-02-2026,-14.17788088,0,2275,-9.924516614,0,2284.924517,Conservative Loading,Volatile | High Fixed Cost Exposure | High Delay Risk | Locked → Conservative Loading,Discount / Spot Pricing
DEL-BLR,04-02-2026,17.04439226,0.137105042,2275,11.93107458,0.005244428,2263.068925,Conservative Loading,Volatile | High Fixed Cost Exposure | High Delay Risk | Locked → Conservative Loading,Discount / Spot Pricing
DEL-BLR,05-02-2026,-108.086026,0,2275,-75.66021823,0,2350.660218,Conservative Loading,Volatile | High Fixed Cost Exposure | High Delay Risk | Locked → Conservative Loading,Discount / Spot Pricing
DEL-BLR,06-02-2026,12.76532591,0.111371909,2275,8.935728136,0.003927793,2266.064272,Conservative Loading,Volatile | High Fixed Cost Exposure | High Delay Risk | Locked → Conservative Loading,Discount / Spot Pricing
DEL-BLR,07-02-2026,-14.34466784,0,2275,-10.04126748,0,2285.041267,Conservative Loading,Volatile | High Fixed Cost Exposure | High Delay Risk | Locked → Conservative Loading,Discount / Spot Pricing
DEL-BLR,08-02-2026,2057.747513,0.989244174,2275,1440.423259,0.633153081,834.5767411,Conservative Loading,Stable | High Fixed Cost Exposure | High Delay Risk | Locked → Conservative Loading,Discount / Spot Pricing
DEL-BLR,09-02-2026,1996.810533,0.97201131,2275,1397.767373,0.614403241,877.2326266,Conservative Loading,Stable | High Fixed Cost Exposure | High Delay Risk | Locked → Conservative Loading,Discount / Spot Pricing
DEL-BLR,10-02-2026,1158.259135,0.335834224,2275,810.7813943,0.356387426,1464.218606,Conservative Loading,Volatile | High Fixed Cost Exposure | High Delay Risk | Locked → Conservative Loading,Discount / Spot Pricing
DEL-BLR,11-02-2026,221.7553112,0.905913898,2275,155.2287179,0.068232403,2119.771282,Conservative Loading,Stable | High Fixed Cost Exposure | High Delay Risk | Locked → Conservative Loading,Discount / Spot Pricing
DEL-BLR,12-02-2026,449.9644008,0.895043168,2275,314.9750805,0.138450585,1960.024919,Conservative Loading,Stable | High Fixed Cost Exposure | High Delay Risk | Locked → Conservative Loading,Discount / Spot Pricing
DEL-BLR,13-02-2026,170.9103049,0.979609421,2275,119.6372134,0.052587786,2155.362787,Conservative Loading,Stable | High Fixed Cost Exposure | High Delay Risk | Locked → Conservative Loading,Discount / Spot Pricing
DEL-BLR,14-02-2026,217.9014071,0.802328157,2275,152.530985,0.067046587,2122.469015,Conservative Loading,Stable | High Fixed Cost Exposure | High Delay Risk | Locked → Conservative Loading,Discount / Spot Pricing
DEL-BLR,15-02-2026,1894.017093,0.786737561,2275,1325.811965,0.58277449,949.1880351,Conservative Loading,Stable | High Fixed Cost Exposure | High Delay Risk | Locked → Conservative Loading,Discount / Spot Pricing
DEL-BLR,16-02-2026,101.60457,0.64433712,2275,71.12319901,0.031262945,2203.876801,Conservative Loading,Volatile | High Fixed Cost Exposure | High Delay Risk | Locked → Conservative Loading,Discount / Spot Pricing
DEL-BLR,17-02-2026,-10.52808707,0,2275,-7.369660948,0,2282.369661,Conservative Loading,Volatile | High Fixed Cost Exposure | High Delay Risk | Locked → Conservative Loading,Discount / Spot Pricing
DEL-BLR,18-02-2026,1986.471122,0.739779061,2275,1390.529785,0.611221884,884.4702148,Conservative Loading,Volatile | High Fixed Cost Exposure | High Delay Risk | Locked → Conservative Loading,Discount / Spot Pricing
DEL-BLR,19-02-2026,35.26369198,0.297568973,2275,24.68458439,0.010850367,2250.315416,Conservative Loading,Volatile | High Fixed Cost Exposure | High Delay Risk | Locked → Conservative Loading,Discount / Spot Pricing
DEL-BLR,20-02-2026,104.8138487,0.769909695,2275,73.36969411,0.032250415,2201.630306,Conservative Loading,Stable | High Fixed Cost Exposure | High Delay Risk | Locked → Conservative Loading,Discount / Spot Pricing
DEL-BLR,21-02-2026,53.5954503,0.438298773,2275,37.51681521,0.016490908,2237.483185,Conservative Loading,Volatile | High Fixed Cost Exposure | High Delay Risk | Locked → Conservative Loading,Discount / Spot Pricing
DEL-BLR,22-02-2026,145.0205667,0.960596385,2275,101.5143967,0.044621713,2173.485603,Conservative Loading,Stable | High Fixed Cost Exposure | High Delay Risk | Locked → Conservative Loading,Discount / Spot Pricing
DEL-BLR,23-02-2026,-98.54788047,0,2275,-68.98351633,0,2343.983516,Conservative Loading,Volatile | High Fixed Cost Exposure | High Delay Risk | Locked → Conservative Loading,Discount / Spot Pricing
DEL-BLR,24-02-2026,181.6107675,0.95261768,2275,127.1275373,0.055880236,2147.872463,Conservative Loading,Stable | High Fixed Cost Exposure | High Delay Risk | Locked → Conservative Loading,Discount / Spot Pricing
DEL-BLR,25-02-2026,70.91398984,0.51972241,2275,49.63979289,0.021819689,2225.360207,Conservative Loading,Volatile | High Fixed Cost Exposure | High Delay Risk | Locked → Conservative Loading,Discount / Spot Pricing
DEL-BLR,26-02-2026,-132.8229952,0,2275,-92.97609663,0,2367.976097,Conservative Loading,Volatile | High Fixed Cost Exposure | High Delay Risk | Locked → Conservative Loading,Discount / Spot Pricing
DEL-BLR,27-02-2026,-17.73972411,0,2275,-12.41780687,0,2287.417807,Conservative Loading,Volatile | High Fixed Cost Exposure | High Delay Risk | Locked → Conservative Loading,Discount / Spot Pricing
DEL-BLR,28-02-2026,-77.53391029,0,2275,-54.2737372,0,2329.273737,Conservative Loading,Volatile | High Fixed Cost Exposure | High Delay Risk | Locked → Conservative Loading,Discount / Spot Pricing
DEL-BLR,01-03-2026,-64.17418264,0,2275,-44.92192785,0,2319.921928,Conservative Loading,Volatile | High Fixed Cost Exposure | High Delay Risk | Locked → Conservative Loading,Discount / Spot Pricing
DEL-BLR,01-01-2026,257.9387675,0.806641416,2275,180.5571372,0.079365775,2094.442863,Conservative Loading,Stable | High Fixed Cost Exposure | High Delay Risk | Locked → Conservative Loading,Discount / Spot Pricing
DEL-BLR,02-01-2026,267.2050639,0.829635115,2275,187.0435448,0.082216943,2087.956455,Conservative Loading,Stable | High Fixed Cost Exposure | High Delay Risk | Locked → Conservative Loading,Discount / Spot Pricing
DEL-BLR,03-01-2026,1972.598426,0.949951684,2275,1380.818898,0.606953362,894.1811017,Conservative Loading,Stable | High Fixed Cost Exposure | High Delay Risk | Locked → Conservative Loading,Discount / Spot Pricing
DEL-BLR,04-01-2026,368.373797,0.676672825,2275,257.8616579,0.113345784,2017.138342,Conservative Loading,Volatile | High Fixed Cost Exposure | High Delay Risk | Locked → Conservative Loading,Discount / Spot Pricing
DEL-BLR,05-01-2026,138.9528369,0.823675381,2275,97.2669858,0.042754719,2177.733014,Conservative Loading,Stable | High Fixed Cost Exposure | High Delay Risk | Locked → Conservative Loading,Discount / Spot Pricing
DEL-BLR,06-01-2026,321.9982289,0.737508035,2275,225.3987602,0.099076378,2049.60124,Conservative Loading,Volatile | High Fixed Cost Exposure | High Delay Risk | Locked → Conservative Loading,Discount / Spot Pricing
DEL-BLR,07-01-2026,223.5781363,0.925158956,2275,156.5046954,0.068793273,2118.495305,Conservative Loading,Stable | High Fixed Cost Exposure | High Delay Risk | Locked → Conservative Loading,Discount / Spot Pricing
DEL-BLR,08-01-2026,1704.01074,0.992241579,2275,1192.807518,0.524310997,1082.192482,Conservative Loading,Stable | High Fixed Cost Exposure | High Delay Risk | Locked → Conservative Loading,Discount / Spot Pricing
DEL-BLR,09-01-2026,332.585227,0.660229794,2275,232.8096589,0.102333916,2042.190341,Conservative Loading,Volatile | High Fixed Cost Exposure | High Delay Risk | Locked → Conservative Loading,Discount / Spot Pricing
DEL-BLR,10-01-2026,-17.11523887,0,2275,-11.98066721,0,2286.980667,Conservative Loading,Volatile | High Fixed Cost Exposure | High Delay Risk | Locked → Conservative Loading,Discount / Spot Pricing
DEL-BLR,11-01-2026,242.4509085,0.803132915,2275,169.7156359,0.07460028,2105.284364,Conservative Loading,Stable | High Fixed Cost Exposure | High Delay Risk | Locked → Conservative Loading,Discount / Spot Pricing
DEL-BLR,12-01-2026,1001.444632,0.503134891,2275,701.0112422,0.30813681,1573.988758,Conservative Loading,Volatile | High Fixed Cost Exposure | High Delay Risk | Locked → Conservative Loading,Discount / Spot Pricing
DEL-BLR,13-01-2026,67.8124708,0.510306864,2275,47.46872956,0.020865376,2227.53127,Conservative Loading,Volatile | High Fixed Cost Exposure | High Delay Risk | Locked → Conservative Loading,Discount / Spot Pricing
DEL-BLR,14-01-2026,10.65817633,0.086685278,2275,7.460723432,0.003279439,2267.539277,Conservative Loading,Volatile | High Fixed Cost Exposure | High Delay Risk | Locked → Conservative Loading,Discount / Spot Pricing
DEL-BLR,15-01-2026,234.9022696,0.940821755,2275,164.4315888,0.072277621,2110.568411,Conservative Loading,Stable | High Fixed Cost Exposure | High Delay Risk | Locked → Conservative Loading,Discount / Spot Pricing
DEL-BLR,16-01-2026,-28.59120216,0,2275,-20.01384151,0,2295.013842,Conservative Loading,Volatile | High Fixed Cost Exposure | High Delay Risk | Locked → Conservative Loading,Discount / Spot Pricing
DEL-BLR,17-01-2026,1050.33384,0.985936969,2275,735.2336882,0.323179643,1539.766312,Conservative Loading,Stable | High Fixed Cost Exposure | High Delay Risk | Locked → Conservative Loading,Discount / Spot Pricing
DEL-BLR,18-01-2026,89.16025448,0.594380242,2275,62.41217814,0.027433924,2212.587822,Conservative Loading,Volatile | High Fixed Cost Exposure | High Delay Risk | Locked → Conservative Loading,Discount / Spot Pricing
DEL-BLR,19-01-2026,244.3256691,0.825804416,2275,171.0279684,0.075177129,2103.972032,Conservative Loading,Stable | High Fixed Cost Exposure | High Delay Risk | Locked → Conservative Loading,Discount / Spot Pricing
DEL-BLR,20-01-2026,-42.39432781,0,2275,-29.67602947,0,2304.676029,Conservative Loading,Volatile | High Fixed Cost Exposure | High Delay Risk | Locked → Conservative Loading,Discount / Spot Pricing
DEL-BLR,21-01-2026,1059.775716,0.71778352,2275,741.8430013,0.326084836,1533.156999,Conservative Loading,Volatile | High Fixed Cost Exposure | High Delay Risk | Locked → Conservative Loading,Discount / Spot Pricing
DEL-BLR,22-01-2026,120.5474202,0.826122335,2275,84.38319415,0.037091514,2190.616806,Conservative Loading,Stable | High Fixed Cost Exposure | High Delay Risk | Locked → Conservative Loading,Discount / Spot Pricing
DEL-BLR,23-01-2026,1906.570759,0.924486844,2275,1334.599532,0.586637157,940.4004685,Conservative Loading,Stable | High Fixed Cost Exposure | High Delay Risk | Locked → Conservative Loading,Discount / Spot Pricing
DEL-BLR,24-01-2026,285.8750998,0.871586848,2275,200.1125699,0.087961569,2074.88743,Conservative Loading,Stable | High Fixed Cost Exposure | High Delay Risk | Locked → Conservative Loading,Discount / Spot Pricing
DEL-BLR,25-01-2026,17.09097962,0.149093926,2275,11.96368573,0.005258763,2263.036314,Conservative Loading,Volatile | High Fixed Cost Exposure | High Delay Risk | Locked → Conservative Loading,Discount / Spot Pricing
DEL-BLR,26-01-2026,998.945189,0.708340678,2275,699.2616323,0.30736775,1575.738368,Conservative Loading,Volatile | High Fixed Cost Exposure | High Delay Risk | Locked → Conservative Loading,Discount / Spot Pricing
DEL-BLR,27-01-2026,280.6558375,0.774496732,2275,196.4590863,0.086355642,2078.540914,Conservative Loading,Stable | High Fixed Cost Exposure | High Delay Risk | Locked → Conservative Loading,Discount / Spot Pricing
DEL-BLR,28-01-2026,213.5345448,0.943027736,2275,149.4741814,0.065702937,2125.525819,Conservative Loading,Stable | High Fixed Cost Exposure | High Delay Risk | Locked → Conservative Loading,Discount / Spot Pricing
DEL-BLR,29-01-2026,66.51965897,0.469380437,2275,46.56376128,0.020467587,2228.436239,Conservative Loading,Volatile | High Fixed Cost Exposure | High Delay Risk | Locked → Conservative Loading,Discount / Spot Pricing
DEL-BLR,30-01-2026,293.2943739,0.856318894,2275,205.3060617,0.090244423,2069.693938,Conservative Loading,Stable | High Fixed Cost Exposure | High Delay Risk | Locked → Conservative Loading,Discount / Spot Pricing
DEL-BLR,31-01-2026,242.7524004,0.836927857,2275,169.9266803,0.074693046,2105.07332,Conservative Loading,Stable | High Fixed Cost Exposure | High Delay Risk | Locked → Conservative Loading,Discount / Spot Pricing
DEL-BLR,01-02-2026,297.636417,0.680973412,2275,208.3454919,0.091580436,2066.654508,Conservative Loading,Volatile | High Fixed Cost Exposure | High Delay Risk | Locked → Conservative Loading,Discount / Spot Pricing
DEL-BLR,02-02-2026,130.9526583,0.86401705,2275,91.66686082,0.040293126,2183.333139,Conservative Loading,Stable | High Fixed Cost Exposure | High Delay Risk | Locked → Conservative Loading,Discount / Spot Pricing
DEL-BLR,03-02-2026,145.1002101,0.910725069,2275,101.5701471,0.044646219,2173.429853,Conservative Loading,Stable | High Fixed Cost Exposure | High Delay Risk | Locked → Conservative Loading,Discount / Spot Pricing
DEL-BLR,04-02-2026,232.4458879,0.864707103,2275,162.7121215,0.071521812,2112.287878,Conservative Loading,Stable | High Fixed Cost Exposure | High Delay Risk | Locked → Conservative Loading,Discount / Spot Pricing
DEL-BLR,05-02-2026,214.0096242,0.980592427,2275,149.806737,0.065849115,2125.193263,Conservative Loading,Stable | High Fixed Cost Exposure | High Delay Risk | Locked → Conservative Loading,Discount / Spot Pricing
DEL-BLR,06-02-2026,106.217162,0.716007395,2275,74.35201343,0.032682204,2200.647987,Conservative Loading,Volatile | High Fixed Cost Exposure | High Delay Risk | Locked → Conservative Loading,Discount / Spot Pricing
DEL-BLR,07-02-2026,21.00622297,0.177967828,2275,14.70435608,0.006463453,2260.295644,Conservative Loading,Volatile | High Fixed Cost Exposure | High Delay Risk | Locked → Conservative Loading,Discount / Spot Pricing
DEL-BLR,08-02-2026,191.0956531,0.979629635,2275,133.7669572,0.058798662,2141.233043,Conservative Loading,Stable | High Fixed Cost Exposure | High Delay Risk | Locked → Conservative Loading,Discount / Spot Pricing
DEL-BLR,09-02-2026,73.11593208,0.500215834,2275,51.18115246,0.02249721,2223.818848,Conservative Loading,Volatile | High Fixed Cost Exposure | High Delay Risk | Locked → Conservative Loading,Discount / Spot Pricing
DEL-BLR,10-02-2026,1800.362478,0.782141205,2275,1260.253734,0.553957685,1014.746266,Conservative Loading,Stable | High Fixed Cost Exposure | High Delay Risk | Locked → Conservative Loading,Discount / Spot Pricing
DEL-BLR,11-02-2026,105.2185252,0.711129826,2275,73.65296765,0.032374931,2201.347032,Conservative Loading,Volatile | High Fixed Cost Exposure | High Delay Risk | Locked → Conservative Loading,Discount / Spot Pricing
DEL-BLR,12-02-2026,103.5440801,0.718304865,2275,72.48085609,0.031859717,2202.519144,Conservative Loading,Volatile | High Fixed Cost Exposure | High Delay Risk | Locked → Conservative Loading,Discount / Spot Pricing
DEL-BLR,13-02-2026,152.9870168,0.856048106,2275,107.0909118,0.047072928,2167.909088,Conservative Loading,Stable | High Fixed Cost Exposure | High Delay Risk | Locked → Conservative Loading,Discount / Spot Pricing
DEL-BLR,14-02-2026,-11.8348255,0,2275,-8.284377849,0,2283.284378,Conservative Loading,Volatile | High Fixed Cost Exposure | High Delay Risk | Locked → Conservative Loading,Discount / Spot Pricing
DEL-BLR,15-02-2026,154.3106585,0.819355051,2275,108.017461,0.047480203,2166.982539,Conservative Loading,Stable | High Fixed Cost Exposure | High Delay Risk | Locked → Conservative Loading,Discount / Spot Pricing
DEL-BLR,16-02-2026,1632.569854,0.897459158,2275,1142.798898,0.502329186,1132.201102,Conservative Loading,Stable | High Fixed Cost Exposure | High Delay Risk | Locked → Conservative Loading,Discount / Spot Pricing
DEL-BLR,17-02-2026,191.9279485,0.972937027,2275,134.349564,0.059054753,2140.650436,Conservative Loading,Stable | High Fixed Cost Exposure | High Delay Risk | Locked → Conservative Loading,Discount / Spot Pricing
DEL-BLR,18-02-2026,190.749351,0.985823611,2275,133.5245457,0.058692108,2141.475454,Conservative Loading,Stable | High Fixed Cost Exposure | High Delay Risk | Locked → Conservative Loading,Discount / Spot Pricing
DEL-BLR,19-02-2026,203.5065917,0.995149254,2275,142.4546142,0.062617413,2132.545386,Conservative Loading,Stable | High Fixed Cost Exposure | High Delay Risk | Locked → Conservative Loading,Discount / Spot Pricing
DEL-BLR,20-02-2026,1901.318706,0.740674472,2275,1330.923094,0.58502114,944.0769057,Conservative Loading,Volatile | High Fixed Cost Exposure | High Delay Risk | Locked → Conservative Loading,Discount / Spot Pricing
DEL-BLR,21-02-2026,201.8924211,0.974617587,2275,141.3246948,0.062120745,2133.675305,Conservative Loading,Stable | High Fixed Cost Exposure | High Delay Risk | Locked → Conservative Loading,Discount / Spot Pricing
DEL-BLR,22-02-2026,176.1036152,0.929000514,2275,123.2725307,0.054185728,2151.727469,Conservative Loading,Stable | High Fixed Cost Exposure | High Delay Risk | Locked → Conservative Loading,Discount / Spot Pricing
DEL-BLR,23-02-2026,319.4918542,0.791974625,2275,223.644298,0.098305186,2051.355702,Conservative Loading,Stable | High Fixed Cost Exposure | High Delay Risk | Locked → Conservative Loading,Discount / Spot Pricing
DEL-BLR,24-02-2026,1106.386128,0.891326885,2275,774.4702895,0.340426501,1500.52971,Conservative Loading,Stable | High Fixed Cost Exposure | High Delay Risk | Locked → Conservative Loading,Discount / Spot Pricing
DEL-BLR,25-02-2026,187.915943,0.980399755,2275,131.5411601,0.05782029,2143.45884,Conservative Loading,Stable | High Fixed Cost Exposure | High Delay Risk | Locked → Conservative Loading,Discount / Spot Pricing
DEL-BLR,26-02-2026,82.99931043,0.580928876,2275,58.0995173,0.025538249,2216.900483,Conservative Loading,Volatile | High Fixed Cost Exposure | High Delay Risk | Locked → Conservative Loading,Discount / Spot Pricing
DEL-BLR,27-02-2026,68.26979537,0.49320438,2275,47.78885676,0.021006091,2227.211143,Conservative Loading,Volatile | High Fixed Cost Exposure | High Delay Risk | Locked → Conservative Loading,Discount / Spot Pricing
DEL-BLR,28-02-2026,207.0285888,0.985065541,2275,144.9200122,0.063701104,2130.079988,Conservative Loading,Stable | High Fixed Cost Exposure | High Delay Risk | Locked → Conservative Loading,Discount / Spot Pricing
DEL-BLR,01-03-2026,176.4770897,0.983316326,2275,123.5339628,0.054300643,2151.466037,Conservative Loading,Stable | High Fixed Cost Exposure | High Delay Risk | Locked → Conservative Loading,Discount / Spot Pricing
MUM-DXB,01-01-2026,73.13369427,0.517637163,1820,65.82032484,0.036165014,1754.179675,Balanced Allocation,Volatile | High Fixed Cost Exposure | Low Delay Risk | Locked → Balanced Allocation,Standard Contract Pricing
MUM-DXB,02-01-2026,193.0541959,0.951778114,1820,202.7069057,0.111377421,1617.293094,Maximize Utilization,Stable | High Fixed Cost Exposure | Low Delay Risk | Locked → Maximize Utilization,Premium / Priority Pricing
MUM-DXB,03-01-2026,82.98602543,0.581947448,1820,74.68742288,0.041037046,1745.312577,Balanced Allocation,Volatile | High Fixed Cost Exposure | Low Delay Risk | Locked → Balanced Allocation,Standard Contract Pricing
MUM-DXB,04-01-2026,35.68377926,0.28649504,1820,32.11540133,0.017645825,1787.884599,Balanced Allocation,Volatile | High Fixed Cost Exposure | Low Delay Risk | Locked → Balanced Allocation,Standard Contract Pricing
MUM-DXB,05-01-2026,45.26417316,0.350438304,1820,40.73775584,0.022383382,1779.262244,Balanced Allocation,Volatile | High Fixed Cost Exposure | Low Delay Risk | Locked → Balanced Allocation,Standard Contract Pricing
MUM-DXB,06-01-2026,64.35996671,0.478825764,1820,57.92397004,0.031826357,1762.07603,Balanced Allocation,Volatile | High Fixed Cost Exposure | Low Delay Risk | Locked → Balanced Allocation,Standard Contract Pricing
MUM-DXB,07-01-2026,89.40241459,0.656474032,1820,80.46217313,0.044209985,1739.537827,Balanced Allocation,Volatile | High Fixed Cost Exposure | Low Delay Risk | Locked → Balanced Allocation,Standard Contract Pricing
MUM-DXB,08-01-2026,42.93991117,0.334188956,1820,38.64592005,0.021234022,1781.35408,Balanced Allocation,Volatile | High Fixed Cost Exposure | Low Delay Risk | Locked → Balanced Allocation,Standard Contract Pricing
MUM-DXB,09-01-2026,62.29087581,0.446724146,1820,56.06178823,0.03080318,1763.938212,Balanced Allocation,Volatile | High Fixed Cost Exposure | Low Delay Risk | Locked → Balanced Allocation,Standard Contract Pricing
MUM-DXB,10-01-2026,6.607768687,0.0525828,1820,5.946991818,0.003267578,1814.053008,Balanced Allocation,Volatile | High Fixed Cost Exposure | Low Delay Risk | Locked → Balanced Allocation,Standard Contract Pricing
MUM-DXB,11-01-2026,15.97726529,0.138372677,1820,14.37953876,0.007900845,1805.620461,Balanced Allocation,Volatile | High Fixed Cost Exposure | Low Delay Risk | Locked → Balanced Allocation,Standard Contract Pricing
MUM-DXB,12-01-2026,1237.217009,0.865768514,1820,1299.07786,0.713779044,520.9221403,Maximize Utilization,Stable | High Fixed Cost Exposure | Low Delay Risk | Locked → Maximize Utilization,Premium / Priority Pricing
MUM-DXB,13-01-2026,323.3766237,0.719792847,1820,291.0389613,0.159911517,1528.961039,Balanced Allocation,Volatile | High Fixed Cost Exposure | Low Delay Risk | Locked → Balanced Allocation,Standard Contract Pricing
MUM-DXB,14-01-2026,285.9124586,0.873979413,1820,300.2080815,0.164949495,1519.791918,Maximize Utilization,Stable | High Fixed Cost Exposure | Low Delay Risk | Locked → Maximize Utilization,Premium / Priority Pricing
MUM-DXB,15-01-2026,49.42138413,0.383118884,1820,44.47924572,0.024439146,1775.520754,Balanced Allocation,Volatile | High Fixed Cost Exposure | Low Delay Risk | Locked → Balanced Allocation,Standard Contract Pricing
MUM-DXB,16-01-2026,70.00780806,0.499759687,1820,63.00702726,0.034619246,1756.992973,Balanced Allocation,Volatile | High Fixed Cost Exposure | Low Delay Risk | Locked → Balanced Allocation,Standard Contract Pricing
MUM-DXB,17-01-2026,269.8156252,0.834300042,1820,283.3064065,0.155662861,1536.693594,Maximize Utilization,Stable | High Fixed Cost Exposure | Low Delay Risk | Locked → Maximize Utilization,Premium / Priority Pricing
MUM-DXB,18-01-2026,-43.93605597,0,1820,-39.54245037,0,1859.54245,Balanced Allocation,Volatile | High Fixed Cost Exposure | Low Delay Risk | Locked → Balanced Allocation,Standard Contract Pricing
MUM-DXB,19-01-2026,84.28909684,0.612984986,1820,75.86018716,0.041681422,1744.139813,Balanced Allocation,Volatile | High Fixed Cost Exposure | Low Delay Risk | Locked → Balanced Allocation,Standard Contract Pricing
MUM-DXB,20-01-2026,9.245572217,0.079815787,1820,8.321014995,0.004571986,1811.678985,Balanced Allocation,Volatile | High Fixed Cost Exposure | Low Delay Risk | Locked → Balanced Allocation,Standard Contract Pricing
MUM-DXB,21-01-2026,227.3127538,0.949013193,1820,238.6783915,0.131141973,1581.321609,Maximize Utilization,Stable | High Fixed Cost Exposure | Low Delay Risk | Locked → Maximize Utilization,Premium / Priority Pricing
MUM-DXB,22-01-2026,226.0261637,0.845693317,1820,237.3274719,0.13039971,1582.672528,Maximize Utilization,Stable | High Fixed Cost Exposure | Low Delay Risk | Locked → Maximize Utilization,Premium / Priority Pricing
MUM-DXB,23-01-2026,248.95448,0.84760847,1820,261.4022041,0.143627585,1558.597796,Maximize Utilization,Stable | High Fixed Cost Exposure | Low Delay Risk | Locked → Maximize Utilization,Premium / Priority Pricing
MUM-DXB,24-01-2026,241.1074662,0.802574797,1820,253.1628395,0.139100461,1566.837161,Maximize Utilization,Stable | High Fixed Cost Exposure | Low Delay Risk | Locked → Maximize Utilization,Premium / Priority Pricing
MUM-DXB,25-01-2026,189.2032699,0.955543463,1820,198.6634334,0.109155733,1621.336567,Maximize Utilization,Stable | High Fixed Cost Exposure | Low Delay Risk | Locked → Maximize Utilization,Premium / Priority Pricing
MUM-DXB,26-01-2026,113.363595,0.796179694,1820,119.0317748,0.065402074,1700.968225,Maximize Utilization,Stable | High Fixed Cost Exposure | Low Delay Risk | Locked → Maximize Utilization,Premium / Priority Pricing
MUM-DXB,27-01-2026,692.4061919,0.647268052,1820,623.1655727,0.342398666,1196.834427,Balanced Allocation,Volatile | High Fixed Cost Exposure | Low Delay Risk | Locked → Balanced Allocation,Standard Contract Pricing
MUM-DXB,28-01-2026,81.26370579,0.563180127,1820,73.13733521,0.040185349,1746.862665,Balanced Allocation,Volatile | High Fixed Cost Exposure | Low Delay Risk | Locked → Balanced Allocation,Standard Contract Pricing
MUM-DXB,29-01-2026,1576.83788,0.990126935,1820,1655.679774,0.909714162,164.3202256,Maximize Utilization,Stable | High Fixed Cost Exposure | Low Delay Risk | Locked → Maximize Utilization,Premium / Priority Pricing
MUM-DXB,30-01-2026,147.1751207,0.876592514,1820,154.5338767,0.084908723,1665.466123,Maximize Utilization,Stable | High Fixed Cost Exposure | Low Delay Risk | Locked → Maximize Utilization,Premium / Priority Pricing
MUM-DXB,31-01-2026,1580.824241,0.719065119,1820,1422.741817,0.781726273,397.2581831,Balanced Allocation,Volatile | High Fixed Cost Exposure | Low Delay Risk | Locked → Balanced Allocation,Standard Contract Pricing
MUM-DXB,01-02-2026,-5.479556616,0,1820,-4.931600955,0,1824.931601,Balanced Allocation,Volatile | High Fixed Cost Exposure | Low Delay Risk | Locked → Balanced Allocation,Standard Contract Pricing
MUM-DXB,02-02-2026,-9.131098681,0,1820,-8.217988813,0,1828.217989,Balanced Allocation,Volatile | High Fixed Cost Exposure | Low Delay Risk | Locked → Balanced Allocation,Standard Contract Pricing
MUM-DXB,03-02-2026,172.6833646,0.913070096,1820,181.3175329,0.099625018,1638.682467,Maximize Utilization,Stable | High Fixed Cost Exposure | Low Delay Risk | Locked → Maximize Utilization,Premium / Priority Pricing
MUM-DXB,04-02-2026,190.9464368,0.98540358,1820,200.4937587,0.110161406,1619.506241,Maximize Utilization,Stable | High Fixed Cost Exposure | Low Delay Risk | Locked → Maximize Utilization,Premium / Priority Pricing
MUM-DXB,05-02-2026,1025.918355,0.870549513,1820,1077.214272,0.591875974,742.7857277,Maximize Utilization,Stable | High Fixed Cost Exposure | Low Delay Risk | Locked → Maximize Utilization,Premium / Priority Pricing
MUM-DXB,06-02-2026,22.7017625,0.202204639,1820,20.43158625,0.011226146,1799.568414,Balanced Allocation,Volatile | High Fixed Cost Exposure | Low Delay Risk | Locked → Balanced Allocation,Standard Contract Pricing
MUM-DXB,07-02-2026,341.8816209,0.716245864,1820,307.6934588,0.16906234,1512.306541,Balanced Allocation,Volatile | High Fixed Cost Exposure | Low Delay Risk | Locked → Balanced Allocation,Standard Contract Pricing
MUM-DXB,08-02-2026,1718.877894,0.977342892,1820,1804.821788,0.991660323,15.1782116,Maximize Utilization,Stable | High Fixed Cost Exposure | Low Delay Risk | Locked → Maximize Utilization,Premium / Priority Pricing
MUM-DXB,09-02-2026,56.34152184,0.437282112,1820,50.70736966,0.027861192,1769.29263,Balanced Allocation,Volatile | High Fixed Cost Exposure | Low Delay Risk | Locked → Balanced Allocation,Standard Contract Pricing
MUM-DXB,10-02-2026,94.97527772,0.68572038,1820,85.47774995,0.046965797,1734.52225,Balanced Allocation,Volatile | High Fixed Cost Exposure | Low Delay Risk | Locked → Balanced Allocation,Standard Contract Pricing
MUM-DXB,11-02-2026,1814.306877,0.805057077,1820,1820,1,0,Maximize Utilization,Stable | High Fixed Cost Exposure | Low Delay Risk | Locked → Maximize Utilization,Premium / Priority Pricing
MUM-DXB,12-02-2026,1920.425546,0.973050961,1820,1820,1,0,Maximize Utilization,Stable | High Fixed Cost Exposure | Low Delay Risk | Locked → Maximize Utilization,Premium / Priority Pricing
MUM-DXB,13-02-2026,292.0173798,0.766470014,1820,306.6182488,0.168471565,1513.381751,Maximize Utilization,Stable | High Fixed Cost Exposure | Low Delay Risk | Locked → Maximize Utilization,Premium / Priority Pricing
MUM-DXB,14-02-2026,2030.416768,0.952859938,1820,1820,1,0,Maximize Utilization,Stable | High Fixed Cost Exposure | Low Delay Risk | Locked → Maximize Utilization,Premium / Priority Pricing
MUM-DXB,15-02-2026,197.127833,0.90403117,1820,206.9842246,0.113727596,1613.015775,Maximize Utilization,Stable | High Fixed Cost Exposure | Low Delay Risk | Locked → Maximize Utilization,Premium / Priority Pricing
MUM-DXB,16-02-2026,2308.266811,0.992906018,1820,1820,1,0,Maximize Utilization,Stable | High Fixed Cost Exposure | Low Delay Risk | Locked → Maximize Utilization,Premium / Priority Pricing
MUM-DXB,17-02-2026,1553.029068,0.363931875,1820,1397.726161,0.767981407,422.273839,Balanced Allocation,Volatile | High Fixed Cost Exposure | Low Delay Risk | Locked → Balanced Allocation,Standard Contract Pricing
MUM-DXB,18-02-2026,1973.149405,0.402763466,1820,1775.834465,0.975733222,44.16553533,Balanced Allocation,Volatile | High Fixed Cost Exposure | Low Delay Risk | Locked → Balanced Allocation,Standard Contract Pricing
MUM-DXB,19-02-2026,299.6972731,0.75443617,1820,314.6821368,0.172902273,1505.317863,Maximize Utilization,Stable | High Fixed Cost Exposure | Low Delay Risk | Locked → Maximize Utilization,Premium / Priority Pricing
MUM-DXB,20-02-2026,240.0350426,0.846018304,1820,252.0367948,0.138481755,1567.963205,Maximize Utilization,Stable | High Fixed Cost Exposure | Low Delay Risk | Locked → Maximize Utilization,Premium / Priority Pricing
MUM-DXB,21-02-2026,43.40502295,0.334435961,1820,39.06452066,0.021464022,1780.935479,Balanced Allocation,Volatile | High Fixed Cost Exposure | Low Delay Risk | Locked → Balanced Allocation,Standard Contract Pricing
MUM-DXB,22-02-2026,-15.83566861,0,1820,-14.25210175,0,1834.252102,Balanced Allocation,Volatile | High Fixed Cost Exposure | Low Delay Risk | Locked → Balanced Allocation,Standard Contract Pricing
MUM-DXB,23-02-2026,2266.532457,0.898471,1820,1820,1,0,Maximize Utilization,Stable | High Fixed Cost Exposure | Low Delay Risk | Locked → Maximize Utilization,Premium / Priority Pricing
MUM-DXB,24-02-2026,-15.52776209,0,1820,-13.97498588,0,1833.974986,Balanced Allocation,Volatile | High Fixed Cost Exposure | Low Delay Risk | Locked → Balanced Allocation,Standard Contract Pricing
MUM-DXB,25-02-2026,11.56283455,0.0953673,1820,10.4065511,0.005717885,1809.593449,Balanced Allocation,Volatile | High Fixed Cost Exposure | Low Delay Risk | Locked → Balanced Allocation,Standard Contract Pricing
MUM-DXB,26-02-2026,1712.320737,0.870226782,1820,1797.936773,0.987877348,22.06322658,Maximize Utilization,Stable | High Fixed Cost Exposure | Low Delay Risk | Locked → Maximize Utilization,Premium / Priority Pricing
MUM-DXB,27-02-2026,212.9611111,0.961187374,1820,223.6091666,0.122862179,1596.390833,Maximize Utilization,Stable | High Fixed Cost Exposure | Low Delay Risk | Locked → Maximize Utilization,Premium / Priority Pricing
MUM-DXB,28-02-2026,33.87382958,0.265909542,1820,30.48644663,0.016750795,1789.513553,Balanced Allocation,Volatile | High Fixed Cost Exposure | Low Delay Risk | Locked → Balanced Allocation,Standard Contract Pricing
MUM-DXB,01-03-2026,90.57834808,0.608836249,1820,81.52051327,0.044791491,1738.479487,Balanced Allocation,Volatile | High Fixed Cost Exposure | Low Delay Risk | Locked → Balanced Allocation,Standard Contract Pricing
MUM-DXB,01-01-2026,615.0415635,0.837788112,1820,645.7936417,0.354831671,1174.206358,Maximize Utilization,Stable | High Fixed Cost Exposure | Low Delay Risk | Locked → Maximize Utilization,Premium / Priority Pricing
MUM-DXB,02-01-2026,2461.230479,0.693449547,1820,1820,1,0,Balanced Allocation,Volatile | High Fixed Cost Exposure | Low Delay Risk | Locked → Balanced Allocation,Standard Contract Pricing
MUM-DXB,03-01-2026,72.57352422,0.53763746,1820,65.3161718,0.035888006,1754.683828,Balanced Allocation,Volatile | High Fixed Cost Exposure | Low Delay Risk | Locked → Balanced Allocation,Standard Contract Pricing
MUM-DXB,04-01-2026,198.3579079,0.984105557,1820,208.2758033,0.114437255,1611.724197,Maximize Utilization,Stable | High Fixed Cost Exposure | Low Delay Risk | Locked → Maximize Utilization,Premium / Priority Pricing
MUM-DXB,05-01-2026,155.6689443,0.938562836,1820,163.4523915,0.089809006,1656.547608,Maximize Utilization,Stable | High Fixed Cost Exposure | Low Delay Risk | Locked → Maximize Utilization,Premium / Priority Pricing
MUM-DXB,06-01-2026,189.03485,0.951008449,1820,198.4865925,0.109058567,1621.513408,Maximize Utilization,Stable | High Fixed Cost Exposure | Low Delay Risk | Locked → Maximize Utilization,Premium / Priority Pricing
MUM-DXB,07-01-2026,56.27620854,0.460219196,1820,50.64858769,0.027828894,1769.351412,Balanced Allocation,Volatile | High Fixed Cost Exposure | Low Delay Risk | Locked → Balanced Allocation,Standard Contract Pricing
MUM-DXB,08-01-2026,111.7819691,0.679363573,1820,100.6037722,0.055276798,1719.396228,Balanced Allocation,Volatile | High Fixed Cost Exposure | Low Delay Risk | Locked → Balanced Allocation,Standard Contract Pricing
MUM-DXB,09-01-2026,284.6018478,0.771899188,1820,298.8319401,0.164193374,1521.16806,Maximize Utilization,Stable | High Fixed Cost Exposure | Low Delay Risk | Locked → Maximize Utilization,Premium / Priority Pricing
MUM-DXB,10-01-2026,306.4896328,0.643883289,1820,275.8406695,0.151560807,1544.159331,Balanced Allocation,Volatile | High Fixed Cost Exposure | Low Delay Risk | Locked → Balanced Allocation,Standard Contract Pricing
MUM-DXB,11-01-2026,207.9330747,0.921040631,1820,218.3297284,0.119961389,1601.670272,Maximize Utilization,Stable | High Fixed Cost Exposure | Low Delay Risk | Locked → Maximize Utilization,Premium / Priority Pricing
MUM-DXB,12-01-2026,243.8544095,0.79411653,1820,256.04713,0.140685236,1563.95287,Maximize Utilization,Stable | High Fixed Cost Exposure | Low Delay Risk | Locked → Maximize Utilization,Premium / Priority Pricing
MUM-DXB,13-01-2026,289.3433554,0.827913688,1820,303.8105232,0.166928859,1516.189477,Maximize Utilization,Stable | High Fixed Cost Exposure | Low Delay Risk | Locked → Maximize Utilization,Premium / Priority Pricing
MUM-DXB,14-01-2026,275.4894682,0.756626602,1820,289.2639416,0.158936232,1530.736058,Maximize Utilization,Stable | High Fixed Cost Exposure | Low Delay Risk | Locked → Maximize Utilization,Premium / Priority Pricing
MUM-DXB,15-01-2026,66.93039223,0.539226024,1820,60.237353,0.033097447,1759.762647,Balanced Allocation,Volatile | High Fixed Cost Exposure | Low Delay Risk | Locked → Balanced Allocation,Standard Contract Pricing
MUM-DXB,16-01-2026,51.14490549,0.45037772,1820,46.03041494,0.025291437,1773.969585,Balanced Allocation,Volatile | High Fixed Cost Exposure | Low Delay Risk | Locked → Balanced Allocation,Standard Contract Pricing
MUM-DXB,17-01-2026,199.2908328,0.917818692,1820,209.2553744,0.11497548,1610.744626,Maximize Utilization,Stable | High Fixed Cost Exposure | Low Delay Risk | Locked → Maximize Utilization,Premium / Priority Pricing
MUM-DXB,18-01-2026,114.3155539,0.855517381,1820,120.0313316,0.065951281,1699.968668,Maximize Utilization,Stable | High Fixed Cost Exposure | Low Delay Risk | Locked → Maximize Utilization,Premium / Priority Pricing
MUM-DXB,19-01-2026,148.8509314,0.970646876,1820,156.293478,0.085875537,1663.706522,Maximize Utilization,Stable | High Fixed Cost Exposure | Low Delay Risk | Locked → Maximize Utilization,Premium / Priority Pricing
MUM-DXB,20-01-2026,168.3040199,0.915839035,1820,176.7192209,0.097098473,1643.280779,Maximize Utilization,Stable | High Fixed Cost Exposure | Low Delay Risk | Locked → Maximize Utilization,Premium / Priority Pricing
MUM-DXB,21-01-2026,340.3359923,0.757266655,1820,357.3527919,0.196347688,1462.647208,Maximize Utilization,Stable | High Fixed Cost Exposure | Low Delay Risk | Locked → Maximize Utilization,Premium / Priority Pricing
MUM-DXB,22-01-2026,294.6952396,0.777156937,1820,309.4300015,0.170016484,1510.569998,Maximize Utilization,Stable | High Fixed Cost Exposure | Low Delay Risk | Locked → Maximize Utilization,Premium / Priority Pricing
MUM-DXB,23-01-2026,350.8653444,0.601861604,1820,315.77881,0.173504841,1504.22119,Balanced Allocation,Volatile | High Fixed Cost Exposure | Low Delay Risk | Locked → Balanced Allocation,Standard Contract Pricing
MUM-DXB,24-01-2026,935.5359887,0.949766318,1820,982.3127881,0.539732301,837.6872119,Maximize Utilization,Stable | High Fixed Cost Exposure | Low Delay Risk | Locked → Maximize Utilization,Premium / Priority Pricing
MUM-DXB,25-01-2026,50.11655584,0.403108247,1820,45.10490026,0.024782912,1774.8951,Balanced Allocation,Volatile | High Fixed Cost Exposure | Low Delay Risk | Locked → Balanced Allocation,Standard Contract Pricing
MUM-DXB,26-01-2026,357.8333674,0.614080542,1820,322.0500307,0.176950566,1497.949969,Balanced Allocation,Volatile | High Fixed Cost Exposure | Low Delay Risk | Locked → Balanced Allocation,Standard Contract Pricing
MUM-DXB,27-01-2026,209.3105826,0.988268316,1820,219.7761118,0.120756105,1600.223888,Maximize Utilization,Stable | High Fixed Cost Exposure | Low Delay Risk | Locked → Maximize Utilization,Premium / Priority Pricing
MUM-DXB,28-01-2026,1302.228515,0.700076315,1820,1172.005663,0.643959156,647.9943369,Balanced Allocation,Volatile | High Fixed Cost Exposure | Low Delay Risk | Locked → Balanced Allocation,Standard Contract Pricing
MUM-DXB,29-01-2026,170.0464219,0.974955699,1820,178.548743,0.098103705,1641.451257,Maximize Utilization,Stable | High Fixed Cost Exposure | Low Delay Risk | Locked → Maximize Utilization,Premium / Priority Pricing
MUM-DXB,30-01-2026,1721.830783,0.833711889,1820,1807.922322,0.993363913,12.07767837,Maximize Utilization,Stable | High Fixed Cost Exposure | Low Delay Risk | Locked → Maximize Utilization,Premium / Priority Pricing
MUM-DXB,31-01-2026,138.9125531,0.856712351,1820,145.8581808,0.080141858,1674.141819,Maximize Utilization,Stable | High Fixed Cost Exposure | Low Delay Risk | Locked → Maximize Utilization,Premium / Priority Pricing
MUM-DXB,01-02-2026,155.2428529,0.982626762,1820,163.0049955,0.089563184,1656.995004,Maximize Utilization,Stable | High Fixed Cost Exposure | Low Delay Risk | Locked → Maximize Utilization,Premium / Priority Pricing
MUM-DXB,02-02-2026,364.5884197,0.646841592,1820,328.1295777,0.180290977,1491.870422,Balanced Allocation,Volatile | High Fixed Cost Exposure | Low Delay Risk | Locked → Balanced Allocation,Standard Contract Pricing
MUM-DXB,03-02-2026,416.9568854,0.603258027,1820,375.2611969,0.206187471,1444.738803,Balanced Allocation,Volatile | High Fixed Cost Exposure | Low Delay Risk | Locked → Balanced Allocation,Standard Contract Pricing
MUM-DXB,04-02-2026,1666.885233,0.935221826,1820,1750.229494,0.961664557,69.77050553,Maximize Utilization,Stable | High Fixed Cost Exposure | Low Delay Risk | Locked → Maximize Utilization,Premium / Priority Pricing
MUM-DXB,05-02-2026,321.7911827,0.704438825,1820,289.6120645,0.159127508,1530.387936,Balanced Allocation,Volatile | High Fixed Cost Exposure | Low Delay Risk | Locked → Balanced Allocation,Standard Contract Pricing
MUM-DXB,06-02-2026,72.86565654,0.498641909,1820,65.57909089,0.036032468,1754.420909,Balanced Allocation,Volatile | High Fixed Cost Exposure | Low Delay Risk | Locked → Balanced Allocation,Standard Contract Pricing
MUM-DXB,07-02-2026,89.33638491,0.638957238,1820,80.40274642,0.044177333,1739.597254,Balanced Allocation,Volatile | High Fixed Cost Exposure | Low Delay Risk | Locked → Balanced Allocation,Standard Contract Pricing
MUM-DXB,08-02-2026,932.0320064,0.999721527,1820,978.6336067,0.537710773,841.3663933,Maximize Utilization,Stable | High Fixed Cost Exposure | Low Delay Risk | Locked → Maximize Utilization,Premium / Priority Pricing
MUM-DXB,09-02-2026,239.2110273,0.891387741,1820,251.1715787,0.138006362,1568.828421,Maximize Utilization,Stable | High Fixed Cost Exposure | Low Delay Risk | Locked → Maximize Utilization,Premium / Priority Pricing
MUM-DXB,10-02-2026,172.3267227,0.905322786,1820,180.9430588,0.099419263,1639.056941,Maximize Utilization,Stable | High Fixed Cost Exposure | Low Delay Risk | Locked → Maximize Utilization,Premium / Priority Pricing
MUM-DXB,11-02-2026,151.9800521,0.857484787,1820,159.5790547,0.087680799,1660.420945,Maximize Utilization,Stable | High Fixed Cost Exposure | Low Delay Risk | Locked → Maximize Utilization,Premium / Priority Pricing
MUM-DXB,12-02-2026,164.9836543,0.942212944,1820,173.2328371,0.095182878,1646.767163,Maximize Utilization,Stable | High Fixed Cost Exposure | Low Delay Risk | Locked → Maximize Utilization,Premium / Priority Pricing
MUM-DXB,13-02-2026,289.1777778,0.702013215,1820,260.2600001,0.143,1559.74,Balanced Allocation,Volatile | High Fixed Cost Exposure | Low Delay Risk | Locked → Balanced Allocation,Standard Contract Pricing
MUM-DXB,14-02-2026,195.3309184,0.99616824,1820,205.0974643,0.112690914,1614.902536,Maximize Utilization,Stable | High Fixed Cost Exposure | Low Delay Risk | Locked → Maximize Utilization,Premium / Priority Pricing
MUM-DXB,15-02-2026,114.8838882,0.742640016,1820,103.3954994,0.056810714,1716.604501,Balanced Allocation,Volatile | High Fixed Cost Exposure | Low Delay Risk | Locked → Balanced Allocation,Standard Contract Pricing
MUM-DXB,16-02-2026,129.9566643,0.784893068,1820,136.4544975,0.074974999,1683.545502,Maximize Utilization,Stable | High Fixed Cost Exposure | Low Delay Risk | Locked → Maximize Utilization,Premium / Priority Pricing
MUM-DXB,17-02-2026,43.87589525,0.348907049,1820,39.48830572,0.021696871,1780.511694,Balanced Allocation,Volatile | High Fixed Cost Exposure | Low Delay Risk | Locked → Balanced Allocation,Standard Contract Pricing
MUM-DXB,18-02-2026,2175.385565,0.968144146,1820,1820,1,0,Maximize Utilization,Stable | High Fixed Cost Exposure | Low Delay Risk | Locked → Maximize Utilization,Premium / Priority Pricing
MUM-DXB,19-02-2026,140.3728466,0.893487763,1820,147.391489,0.080984335,1672.608511,Maximize Utilization,Stable | High Fixed Cost Exposure | Low Delay Risk | Locked → Maximize Utilization,Premium / Priority Pricing
MUM-DXB,20-02-2026,2580.159052,0.630169284,1820,1820,1,0,Balanced Allocation,Volatile | High Fixed Cost Exposure | Low Delay Risk | Locked → Balanced Allocation,Standard Contract Pricing
MUM-DXB,21-02-2026,62.0503877,0.474509518,1820,55.84534893,0.030684258,1764.154651,Balanced Allocation,Volatile | High Fixed Cost Exposure | Low Delay Risk | Locked → Balanced Allocation,Standard Contract Pricing
MUM-DXB,22-02-2026,232.7230101,0.977078716,1820,244.3591606,0.134263275,1575.640839,Maximize Utilization,Stable | High Fixed Cost Exposure | Low Delay Risk | Locked → Maximize Utilization,Premium / Priority Pricing
MUM-DXB,23-02-2026,352.1632153,0.653097458,1820,316.9468938,0.174146645,1503.053106,Balanced Allocation,Volatile | High Fixed Cost Exposure | Low Delay Risk | Locked → Balanced Allocation,Standard Contract Pricing
MUM-DXB,24-02-2026,189.3643475,0.945624553,1820,198.8325649,0.109248662,1621.167435,Maximize Utilization,Stable | High Fixed Cost Exposure | Low Delay Risk | Locked → Maximize Utilization,Premium / Priority Pricing
MUM-DXB,25-02-2026,1790.135122,0.647705117,1820,1611.121609,0.885231654,208.8783906,Balanced Allocation,Volatile | High Fixed Cost Exposure | Low Delay Risk | Locked → Balanced Allocation,Standard Contract Pricing
MUM-DXB,26-02-2026,1304.515672,0.585772358,1820,1174.064105,0.645090167,645.9358954,Balanced Allocation,Volatile | High Fixed Cost Exposure | Low Delay Risk | Locked → Balanced Allocation,Standard Contract Pricing
MUM-DXB,27-02-2026,240.4979099,0.811382014,1820,252.5228054,0.138748794,1567.477195,Maximize Utilization,Stable | High Fixed Cost Exposure | Low Delay Risk | Locked → Maximize Utilization,Premium / Priority Pricing
MUM-DXB,28-02-2026,37.92436251,0.322300147,1820,34.13192626,0.018753806,1785.868074,Balanced Allocation,Volatile | High Fixed Cost Exposure | Low Delay Risk | Locked → Balanced Allocation,Standard Contract Pricing
MUM-DXB,01-03-2026,256.49052,0.853051117,1820,269.315046,0.1479753,1550.684954,Maximize Utilization,Stable | High Fixed Cost Exposure | Low Delay Risk | Locked → Maximize Utilization,Premium / Priority Pricing
MUM-DXB,01-01-2026,355.1143059,0.669533725,1820,319.6028753,0.175605975,1500.397125,Balanced Allocation,Volatile | High Fixed Cost Exposure | Low Delay Risk | Locked → Balanced Allocation,Standard Contract Pricing
MUM-DXB,02-01-2026,153.3612169,0.956646072,1820,161.0292777,0.088477625,1658.970722,Maximize Utilization,Stable | High Fixed Cost Exposure | Low Delay Risk | Locked → Maximize Utilization,Premium / Priority Pricing
MUM-DXB,03-01-2026,333.6835688,0.629840833,1820,300.3152119,0.165008358,1519.684788,Balanced Allocation,Volatile | High Fixed Cost Exposure | Low Delay Risk | Locked → Balanced Allocation,Standard Contract Pricing
MUM-DXB,04-01-2026,521.8605619,0.697154424,1820,469.6745057,0.258062915,1350.325494,Balanced Allocation,Volatile | High Fixed Cost Exposure | Low Delay Risk | Locked → Balanced Allocation,Standard Contract Pricing
MUM-DXB,05-01-2026,308.824126,0.770961985,1820,324.2653323,0.178167765,1495.734668,Maximize Utilization,Stable | High Fixed Cost Exposure | Low Delay Risk | Locked → Maximize Utilization,Premium / Priority Pricing
MUM-DXB,06-01-2026,425.6996834,0.620779257,1820,383.129715,0.210510832,1436.870285,Balanced Allocation,Volatile | High Fixed Cost Exposure | Low Delay Risk | Locked → Balanced Allocation,Standard Contract Pricing
MUM-DXB,07-01-2026,534.0510395,0.551172026,1820,480.6459355,0.264091173,1339.354064,Balanced Allocation,Volatile | High Fixed Cost Exposure | Low Delay Risk | Locked → Balanced Allocation,Standard Contract Pricing
MUM-DXB,08-01-2026,340.6383639,0.658692589,1820,306.5745275,0.168447543,1513.425472,Balanced Allocation,Volatile | High Fixed Cost Exposure | Low Delay Risk | Locked → Balanced Allocation,Standard Contract Pricing
MUM-DXB,09-01-2026,1251.684241,0.910246031,1820,1314.268453,0.722125524,505.7315469,Maximize Utilization,Stable | High Fixed Cost Exposure | Low Delay Risk | Locked → Maximize Utilization,Premium / Priority Pricing
MUM-DXB,10-01-2026,300.6221161,0.611849044,1820,270.5599045,0.148659288,1549.440096,Balanced Allocation,Volatile | High Fixed Cost Exposure | Low Delay Risk | Locked → Balanced Allocation,Standard Contract Pricing
MUM-DXB,11-01-2026,601.2629699,0.588693485,1820,541.1366729,0.297327842,1278.863327,Balanced Allocation,Volatile | High Fixed Cost Exposure | Low Delay Risk | Locked → Balanced Allocation,Standard Contract Pricing
MUM-DXB,12-01-2026,326.9588359,0.505339279,1820,294.2629523,0.161682941,1525.737048,Balanced Allocation,Volatile | High Fixed Cost Exposure | Low Delay Risk | Locked → Balanced Allocation,Standard Contract Pricing
MUM-DXB,13-01-2026,1401.565001,0.830486633,1820,1471.643251,0.808595193,348.3567487,Maximize Utilization,Stable | High Fixed Cost Exposure | Low Delay Risk | Locked → Maximize Utilization,Premium / Priority Pricing
MUM-DXB,14-01-2026,361.2055651,0.668937069,1820,325.0850086,0.178618137,1494.914991,Balanced Allocation,Volatile | High Fixed Cost Exposure | Low Delay Risk | Locked → Balanced Allocation,Standard Contract Pricing
MUM-DXB,15-01-2026,571.8763762,0.557113835,1820,514.6887386,0.28279601,1305.311261,Balanced Allocation,Volatile | High Fixed Cost Exposure | Low Delay Risk | Locked → Balanced Allocation,Standard Contract Pricing
MUM-DXB,16-01-2026,1431.179139,0.990092571,1820,1502.738096,0.825680273,317.2619039,Maximize Utilization,Stable | High Fixed Cost Exposure | Low Delay Risk | Locked → Maximize Utilization,Premium / Priority Pricing
MUM-DXB,17-01-2026,159.6036973,0.910314731,1820,167.5838821,0.092079056,1652.416118,Maximize Utilization,Stable | High Fixed Cost Exposure | Low Delay Risk | Locked → Maximize Utilization,Premium / Priority Pricing
MUM-DXB,18-01-2026,354.3322322,0.516386658,1820,318.899009,0.175219236,1501.100991,Balanced Allocation,Volatile | High Fixed Cost Exposure | Low Delay Risk | Locked → Balanced Allocation,Standard Contract Pricing
MUM-DXB,19-01-2026,446.3680032,0.59862946,1820,401.7312029,0.22073143,1418.268797,Balanced Allocation,Volatile | High Fixed Cost Exposure | Low Delay Risk | Locked → Balanced Allocation,Standard Contract Pricing
MUM-DXB,20-01-2026,266.3776549,0.800491198,1820,279.6965376,0.153679416,1540.303462,Maximize Utilization,Stable | High Fixed Cost Exposure | Low Delay Risk | Locked → Maximize Utilization,Premium / Priority Pricing
MUM-DXB,21-01-2026,390.2641388,0.717051566,1820,351.2377249,0.192987761,1468.762275,Balanced Allocation,Volatile | High Fixed Cost Exposure | Low Delay Risk | Locked → Balanced Allocation,Standard Contract Pricing
MUM-DXB,22-01-2026,319.3352876,0.648457189,1820,287.4017588,0.157913054,1532.598241,Balanced Allocation,Volatile | High Fixed Cost Exposure | Low Delay Risk | Locked → Balanced Allocation,Standard Contract Pricing
MUM-DXB,23-01-2026,1745.986756,0.931298401,1820,1820,1,0,Maximize Utilization,Stable | High Fixed Cost Exposure | Low Delay Risk | Locked → Maximize Utilization,Premium / Priority Pricing
MUM-DXB,24-01-2026,432.4499432,0.586838027,1820,389.2049488,0.213848873,1430.795051,Balanced Allocation,Volatile | High Fixed Cost Exposure | Low Delay Risk | Locked → Balanced Allocation,Standard Contract Pricing
MUM-DXB,25-01-2026,447.329118,0.571513265,1820,402.5962062,0.221206707,1417.403794,Balanced Allocation,Volatile | High Fixed Cost Exposure | Low Delay Risk | Locked → Balanced Allocation,Standard Contract Pricing
MUM-DXB,26-01-2026,528.4849486,0.659575788,1820,475.6364538,0.261338711,1344.363546,Balanced Allocation,Volatile | High Fixed Cost Exposure | Low Delay Risk | Locked → Balanced Allocation,Standard Contract Pricing
MUM-DXB,27-01-2026,2264.975355,0.765955108,1820,1820,1,0,Maximize Utilization,Stable | High Fixed Cost Exposure | Low Delay Risk | Locked → Maximize Utilization,Premium / Priority Pricing
MUM-DXB,28-01-2026,306.445566,0.548439707,1820,275.8010094,0.151539016,1544.198991,Balanced Allocation,Volatile | High Fixed Cost Exposure | Low Delay Risk | Locked → Balanced Allocation,Standard Contract Pricing
MUM-DXB,29-01-2026,231.7083267,0.870617035,1820,243.293743,0.133677881,1576.706257,Maximize Utilization,Stable | High Fixed Cost Exposure | Low Delay Risk | Locked → Maximize Utilization,Premium / Priority Pricing
MUM-DXB,30-01-2026,349.9290691,0.718854557,1820,314.9361622,0.173041847,1505.063838,Balanced Allocation,Volatile | High Fixed Cost Exposure | Low Delay Risk | Locked → Balanced Allocation,Standard Contract Pricing
MUM-DXB,31-01-2026,560.2113064,0.495934698,1820,504.1901758,0.277027569,1315.809824,Balanced Allocation,Volatile | High Fixed Cost Exposure | Low Delay Risk | Locked → Balanced Allocation,Standard Contract Pricing
MUM-DXB,01-02-2026,189.6152142,0.906386643,1820,199.0959749,0.109393393,1620.904025,Maximize Utilization,Stable | High Fixed Cost Exposure | Low Delay Risk | Locked → Maximize Utilization,Premium / Priority Pricing
MUM-DXB,02-02-2026,1402.830613,0.908577381,1820,1472.972144,0.809325354,347.0278561,Maximize Utilization,Stable | High Fixed Cost Exposure | Low Delay Risk | Locked → Maximize Utilization,Premium / Priority Pricing
MUM-DXB,03-02-2026,433.6965969,0.57117725,1820,390.3269372,0.21446535,1429.673063,Balanced Allocation,Volatile | High Fixed Cost Exposure | Low Delay Risk | Locked → Balanced Allocation,Standard Contract Pricing
MUM-DXB,04-02-2026,1814.770837,0.892278159,1820,1820,1,0,Maximize Utilization,Stable | High Fixed Cost Exposure | Low Delay Risk | Locked → Maximize Utilization,Premium / Priority Pricing
MUM-DXB,05-02-2026,354.9158642,0.574413031,1820,319.4242778,0.175507845,1500.575722,Balanced Allocation,Volatile | High Fixed Cost Exposure | Low Delay Risk | Locked → Balanced Allocation,Standard Contract Pricing
MUM-DXB,06-02-2026,496.4824873,0.571883881,1820,446.8342386,0.245513318,1373.165761,Balanced Allocation,Volatile | High Fixed Cost Exposure | Low Delay Risk | Locked → Balanced Allocation,Standard Contract Pricing
MUM-DXB,07-02-2026,800.2924235,0.922622015,1820,840.3070447,0.461707167,979.6929553,Maximize Utilization,Stable | High Fixed Cost Exposure | Low Delay Risk | Locked → Maximize Utilization,Premium / Priority Pricing
MUM-DXB,08-02-2026,420.5693771,0.592876414,1820,378.5124394,0.207973868,1441.487561,Balanced Allocation,Volatile | High Fixed Cost Exposure | Low Delay Risk | Locked → Balanced Allocation,Standard Contract Pricing
MUM-DXB,09-02-2026,521.8091486,0.525105439,1820,469.6282338,0.258037491,1350.371766,Balanced Allocation,Volatile | High Fixed Cost Exposure | Low Delay Risk | Locked → Balanced Allocation,Standard Contract Pricing
MUM-DXB,10-02-2026,252.581712,0.794564931,1820,265.2107976,0.145720218,1554.789202,Maximize Utilization,Stable | High Fixed Cost Exposure | Low Delay Risk | Locked → Maximize Utilization,Premium / Priority Pricing
MUM-DXB,11-02-2026,529.1348371,0.351449758,1820,476.2213534,0.261660084,1343.778647,Balanced Allocation,Volatile | High Fixed Cost Exposure | Low Delay Risk | Locked → Balanced Allocation,Standard Contract Pricing
MUM-DXB,12-02-2026,263.374473,0.805599561,1820,276.5431967,0.151946811,1543.456803,Maximize Utilization,Stable | High Fixed Cost Exposure | Low Delay Risk | Locked → Maximize Utilization,Premium / Priority Pricing
MUM-DXB,13-02-2026,254.005686,0.636095372,1820,228.6051174,0.125607207,1591.394883,Balanced Allocation,Volatile | High Fixed Cost Exposure | Low Delay Risk | Locked → Balanced Allocation,Standard Contract Pricing
MUM-DXB,14-02-2026,239.4270845,0.758937568,1820,251.3984387,0.13813101,1568.601561,Maximize Utilization,Stable | High Fixed Cost Exposure | Low Delay Risk | Locked → Maximize Utilization,Premium / Priority Pricing
MUM-DXB,15-02-2026,369.154088,0.522367711,1820,332.2386792,0.182548725,1487.761321,Balanced Allocation,Volatile | High Fixed Cost Exposure | Low Delay Risk | Locked → Balanced Allocation,Standard Contract Pricing
MUM-DXB,16-02-2026,363.5190433,0.522114442,1820,327.167139,0.179762164,1492.832861,Balanced Allocation,Volatile | High Fixed Cost Exposure | Low Delay Risk | Locked → Balanced Allocation,Standard Contract Pricing
MUM-DXB,17-02-2026,129.7945517,0.871580982,1820,136.2842793,0.074881472,1683.715721,Maximize Utilization,Stable | High Fixed Cost Exposure | Low Delay Risk | Locked → Maximize Utilization,Premium / Priority Pricing
MUM-DXB,18-02-2026,540.6359185,0.539874069,1820,486.5723266,0.267347432,1333.427673,Balanced Allocation,Volatile | High Fixed Cost Exposure | Low Delay Risk | Locked → Balanced Allocation,Standard Contract Pricing
MUM-DXB,19-02-2026,853.3781039,0.956288345,1820,896.0470091,0.492333522,923.9529909,Maximize Utilization,Stable | High Fixed Cost Exposure | Low Delay Risk | Locked → Maximize Utilization,Premium / Priority Pricing
MUM-DXB,20-02-2026,268.8125221,0.732315336,1820,241.9312699,0.132929269,1578.06873,Balanced Allocation,Volatile | High Fixed Cost Exposure | Low Delay Risk | Locked → Balanced Allocation,Standard Contract Pricing
MUM-DXB,21-02-2026,526.2952239,0.612046367,1820,473.6657015,0.26025588,1346.334298,Balanced Allocation,Volatile | High Fixed Cost Exposure | Low Delay Risk | Locked → Balanced Allocation,Standard Contract Pricing
MUM-DXB,22-02-2026,203.017126,0.856476934,1820,213.1679823,0.117125265,1606.832018,Maximize Utilization,Stable | High Fixed Cost Exposure | Low Delay Risk | Locked → Maximize Utilization,Premium / Priority Pricing
MUM-DXB,23-02-2026,234.2307077,0.696534803,1820,210.8076369,0.115828372,1609.192363,Balanced Allocation,Volatile | High Fixed Cost Exposure | Low Delay Risk | Locked → Balanced Allocation,Standard Contract Pricing
MUM-DXB,24-02-2026,496.1681948,0.638406222,1820,446.5513753,0.245357899,1373.448625,Balanced Allocation,Volatile | High Fixed Cost Exposure | Low Delay Risk | Locked → Balanced Allocation,Standard Contract Pricing
MUM-DXB,25-02-2026,316.3501678,0.638224216,1820,284.715151,0.156436896,1535.284849,Balanced Allocation,Volatile | High Fixed Cost Exposure | Low Delay Risk | Locked → Balanced Allocation,Standard Contract Pricing
MUM-DXB,26-02-2026,554.0040022,0.431803146,1820,498.603602,0.273958023,1321.396398,Balanced Allocation,Volatile | High Fixed Cost Exposure | Low Delay Risk | Locked → Balanced Allocation,Standard Contract Pricing
MUM-DXB,27-02-2026,191.9707819,0.85709965,1820,201.569321,0.110752374,1618.430679,Maximize Utilization,Stable | High Fixed Cost Exposure | Low Delay Risk | Locked → Maximize Utilization,Premium / Priority Pricing
MUM-DXB,28-02-2026,194.2425259,0.951600734,1820,203.9546522,0.112062996,1616.045348,Maximize Utilization,Stable | High Fixed Cost Exposure | Low Delay Risk | Locked → Maximize Utilization,Premium / Priority Pricing
MUM-DXB,01-03-2026,408.590778,0.635045105,1820,367.7317002,0.202050385,1452.2683,Balanced Allocation,Volatile | High Fixed Cost Exposure | Low Delay Risk | Locked → Balanced Allocation,Standard Contract Pricing
MUM-DXB,01-01-2026,33.92485597,0.287696812,1820,30.53237037,0.016776028,1789.46763,Balanced Allocation,Volatile | High Fixed Cost Exposure | Low Delay Risk | Locked → Balanced Allocation,Standard Contract Pricing
MUM-DXB,02-01-2026,1331.271447,0.926814632,1820,1397.835019,0.768041219,422.164981,Maximize Utilization,Stable | High Fixed Cost Exposure | Low Delay Risk | Locked → Maximize Utilization,Premium / Priority Pricing
MUM-DXB,03-01-2026,1189.916576,0.744513934,1820,1070.924918,0.588420285,749.0750816,Balanced Allocation,Volatile | High Fixed Cost Exposure | Low Delay Risk | Locked → Balanced Allocation,Standard Contract Pricing
MUM-DXB,04-01-2026,235.1266318,0.984581918,1820,246.8829634,0.13564998,1573.117037,Maximize Utilization,Stable | High Fixed Cost Exposure | Low Delay Risk | Locked → Maximize Utilization,Premium / Priority Pricing
MUM-DXB,05-01-2026,88.2443768,0.610267162,1820,79.41993912,0.043637329,1740.580061,Balanced Allocation,Volatile | High Fixed Cost Exposure | Low Delay Risk | Locked → Balanced Allocation,Standard Contract Pricing
MUM-DXB,06-01-2026,379.5520118,0.676390589,1820,341.5968106,0.187690555,1478.403189,Balanced Allocation,Volatile | High Fixed Cost Exposure | Low Delay Risk | Locked → Balanced Allocation,Standard Contract Pricing
MUM-DXB,07-01-2026,87.64296017,0.586958113,1820,78.87866416,0.043339925,1741.121336,Balanced Allocation,Volatile | High Fixed Cost Exposure | Low Delay Risk | Locked → Balanced Allocation,Standard Contract Pricing
MUM-DXB,08-01-2026,255.8468542,0.845376615,1820,268.6391969,0.147603954,1551.360803,Maximize Utilization,Stable | High Fixed Cost Exposure | Low Delay Risk | Locked → Maximize Utilization,Premium / Priority Pricing
MUM-DXB,09-01-2026,1435.796527,0.867826335,1820,1507.586353,0.82834415,312.4136466,Maximize Utilization,Stable | High Fixed Cost Exposure | Low Delay Risk | Locked → Maximize Utilization,Premium / Priority Pricing
MUM-DXB,10-01-2026,58.07543085,0.450964483,1820,52.26788777,0.02871862,1767.732112,Balanced Allocation,Volatile | High Fixed Cost Exposure | Low Delay Risk | Locked → Balanced Allocation,Standard Contract Pricing
MUM-DXB,11-01-2026,111.0851854,0.733520467,1820,99.9766669,0.054932235,1720.023333,Balanced Allocation,Volatile | High Fixed Cost Exposure | Low Delay Risk | Locked → Balanced Allocation,Standard Contract Pricing
MUM-DXB,12-01-2026,113.8840419,0.780271236,1820,119.578244,0.065702332,1700.421756,Maximize Utilization,Stable | High Fixed Cost Exposure | Low Delay Risk | Locked → Maximize Utilization,Premium / Priority Pricing
MUM-DXB,13-01-2026,308.2641014,0.76173336,1820,323.6773064,0.177844674,1496.322694,Maximize Utilization,Stable | High Fixed Cost Exposure | Low Delay Risk | Locked → Maximize Utilization,Premium / Priority Pricing
MUM-DXB,14-01-2026,216.8213946,0.924124294,1820,227.6624643,0.125089266,1592.337536,Maximize Utilization,Stable | High Fixed Cost Exposure | Low Delay Risk | Locked → Maximize Utilization,Premium / Priority Pricing
MUM-DXB,15-01-2026,105.8525887,0.679440984,1820,95.26732986,0.052344687,1724.73267,Balanced Allocation,Volatile | High Fixed Cost Exposure | Low Delay Risk | Locked → Balanced Allocation,Standard Contract Pricing
MUM-DXB,16-01-2026,252.7665171,0.828587711,1820,265.4048429,0.145826837,1554.595157,Maximize Utilization,Stable | High Fixed Cost Exposure | Low Delay Risk | Locked → Maximize Utilization,Premium / Priority Pricing
MUM-DXB,17-01-2026,95.95792827,0.654924638,1820,86.36213545,0.047451723,1733.637865,Balanced Allocation,Volatile | High Fixed Cost Exposure | Low Delay Risk | Locked → Balanced Allocation,Standard Contract Pricing
MUM-DXB,18-01-2026,168.4776671,0.949629106,1820,176.9015505,0.097198654,1643.09845,Maximize Utilization,Stable | High Fixed Cost Exposure | Low Delay Risk | Locked → Maximize Utilization,Premium / Priority Pricing
MUM-DXB,19-01-2026,38.19545828,0.297472373,1820,34.37591245,0.018887864,1785.624088,Balanced Allocation,Volatile | High Fixed Cost Exposure | Low Delay Risk | Locked → Balanced Allocation,Standard Contract Pricing
MUM-DXB,20-01-2026,66.33500985,0.496705018,1820,59.70150887,0.032803027,1760.298491,Balanced Allocation,Volatile | High Fixed Cost Exposure | Low Delay Risk | Locked → Balanced Allocation,Standard Contract Pricing
MUM-DXB,21-01-2026,189.9561178,0.967644338,1820,199.4539237,0.109590068,1620.546076,Maximize Utilization,Stable | High Fixed Cost Exposure | Low Delay Risk | Locked → Maximize Utilization,Premium / Priority Pricing
MUM-DXB,22-01-2026,115.6935983,0.878666331,1820,121.4782783,0.066746307,1698.521722,Maximize Utilization,Stable | High Fixed Cost Exposure | Low Delay Risk | Locked → Maximize Utilization,Premium / Priority Pricing
MUM-DXB,23-01-2026,98.43502557,0.607056866,1820,88.59152301,0.048676661,1731.408477,Balanced Allocation,Volatile | High Fixed Cost Exposure | Low Delay Risk | Locked → Balanced Allocation,Standard Contract Pricing
MUM-DXB,24-01-2026,162.0958683,0.935283815,1820,170.2006618,0.093516847,1649.799338,Maximize Utilization,Stable | High Fixed Cost Exposure | Low Delay Risk | Locked → Maximize Utilization,Premium / Priority Pricing
MUM-DXB,25-01-2026,2010.663155,0.75695014,1820,1820,1,0,Maximize Utilization,Stable | High Fixed Cost Exposure | Low Delay Risk | Locked → Maximize Utilization,Premium / Priority Pricing
MUM-DXB,26-01-2026,173.4376076,0.978246709,1820,182.109488,0.100060158,1637.890512,Maximize Utilization,Stable | High Fixed Cost Exposure | Low Delay Risk | Locked → Maximize Utilization,Premium / Priority Pricing
MUM-DXB,27-01-2026,102.3480663,0.67259742,1820,92.11325968,0.050611681,1727.88674,Balanced Allocation,Volatile | High Fixed Cost Exposure | Low Delay Risk | Locked → Balanced Allocation,Standard Contract Pricing
MUM-DXB,28-01-2026,388.9992802,0.588643834,1820,350.0993522,0.192362281,1469.900648,Balanced Allocation,Volatile | High Fixed Cost Exposure | Low Delay Risk | Locked → Balanced Allocation,Standard Contract Pricing
MUM-DXB,29-01-2026,117.8277459,0.805991248,1820,123.7191332,0.067977546,1696.280867,Maximize Utilization,Stable | High Fixed Cost Exposure | Low Delay Risk | Locked → Maximize Utilization,Premium / Priority Pricing
MUM-DXB,30-01-2026,348.2656842,0.786568402,1820,365.6789684,0.20092251,1454.321032,Maximize Utilization,Stable | High Fixed Cost Exposure | Low Delay Risk | Locked → Maximize Utilization,Premium / Priority Pricing
MUM-DXB,31-01-2026,259.7657496,0.800961811,1820,272.7540371,0.149864856,1547.245963,Maximize Utilization,Stable | High Fixed Cost Exposure | Low Delay Risk | Locked → Maximize Utilization,Premium / Priority Pricing
MUM-DXB,01-02-2026,328.7782512,0.731862429,1820,295.9004261,0.162582652,1524.099574,Balanced Allocation,Volatile | High Fixed Cost Exposure | Low Delay Risk | Locked → Balanced Allocation,Standard Contract Pricing
MUM-DXB,02-02-2026,226.8072199,0.945712413,1820,238.1475809,0.130850319,1581.852419,Maximize Utilization,Stable | High Fixed Cost Exposure | Low Delay Risk | Locked → Maximize Utilization,Premium / Priority Pricing
MUM-DXB,03-02-2026,376.8251142,0.711563317,1820,339.1426027,0.186342089,1480.857397,Balanced Allocation,Volatile | High Fixed Cost Exposure | Low Delay Risk | Locked → Balanced Allocation,Standard Contract Pricing
MUM-DXB,04-02-2026,165.8539957,0.935148955,1820,174.1466955,0.095684998,1645.853304,Maximize Utilization,Stable | High Fixed Cost Exposure | Low Delay Risk | Locked → Maximize Utilization,Premium / Priority Pricing
MUM-DXB,05-02-2026,335.3053125,0.722837976,1820,301.7747812,0.165810319,1518.225219,Balanced Allocation,Volatile | High Fixed Cost Exposure | Low Delay Risk | Locked → Balanced Allocation,Standard Contract Pricing
MUM-DXB,06-02-2026,1880.85821,0.711044699,1820,1692.772389,0.930094719,127.2276108,Balanced Allocation,Volatile | High Fixed Cost Exposure | Low Delay Risk | Locked → Balanced Allocation,Standard Contract Pricing
MUM-DXB,07-02-2026,96.04468377,0.665671503,1820,86.44021539,0.047494624,1733.559785,Balanced Allocation,Volatile | High Fixed Cost Exposure | Low Delay Risk | Locked → Balanced Allocation,Standard Contract Pricing
MUM-DXB,08-02-2026,379.9390895,0.676068124,1820,341.9451805,0.187881967,1478.054819,Balanced Allocation,Volatile | High Fixed Cost Exposure | Low Delay Risk | Locked → Balanced Allocation,Standard Contract Pricing
MUM-DXB,09-02-2026,230.7436712,0.932483531,1820,242.2808548,0.133121349,1577.719145,Maximize Utilization,Stable | High Fixed Cost Exposure | Low Delay Risk | Locked → Maximize Utilization,Premium / Priority Pricing
MUM-DXB,10-02-2026,194.2282161,0.964315937,1820,203.9396269,0.11205474,1616.060373,Maximize Utilization,Stable | High Fixed Cost Exposure | Low Delay Risk | Locked → Maximize Utilization,Premium / Priority Pricing
MUM-DXB,11-02-2026,75.26870051,0.518057659,1820,67.74183045,0.037220786,1752.25817,Balanced Allocation,Volatile | High Fixed Cost Exposure | Low Delay Risk | Locked → Balanced Allocation,Standard Contract Pricing
MUM-DXB,12-02-2026,95.7786048,0.636214891,1820,86.20074432,0.047363046,1733.799256,Balanced Allocation,Volatile | High Fixed Cost Exposure | Low Delay Risk | Locked → Balanced Allocation,Standard Contract Pricing
MUM-DXB,13-02-2026,185.7592026,0.935127193,1820,195.0471628,0.107168771,1624.952837,Maximize Utilization,Stable | High Fixed Cost Exposure | Low Delay Risk | Locked → Maximize Utilization,Premium / Priority Pricing
MUM-DXB,14-02-2026,33.74511096,0.25989628,1820,30.37059986,0.016687143,1789.6294,Balanced Allocation,Volatile | High Fixed Cost Exposure | Low Delay Risk | Locked → Balanced Allocation,Standard Contract Pricing
MUM-DXB,15-02-2026,122.5805527,0.831118353,1820,128.7095803,0.07071955,1691.29042,Maximize Utilization,Stable | High Fixed Cost Exposure | Low Delay Risk | Locked → Maximize Utilization,Premium / Priority Pricing
MUM-DXB,16-02-2026,366.2633584,0.702435839,1820,329.6370226,0.181119243,1490.362977,Balanced Allocation,Volatile | High Fixed Cost Exposure | Low Delay Risk | Locked → Balanced Allocation,Standard Contract Pricing
MUM-DXB,17-02-2026,377.0201604,0.584799255,1820,339.3181444,0.186438541,1480.681856,Balanced Allocation,Volatile | High Fixed Cost Exposure | Low Delay Risk | Locked → Balanced Allocation,Standard Contract Pricing
MUM-DXB,18-02-2026,261.425058,0.823488566,1820,274.4963109,0.150822149,1545.503689,Maximize Utilization,Stable | High Fixed Cost Exposure | Low Delay Risk | Locked → Maximize Utilization,Premium / Priority Pricing
MUM-DXB,19-02-2026,328.1642334,0.727235861,1820,295.3478101,0.162279017,1524.65219,Balanced Allocation,Volatile | High Fixed Cost Exposure | Low Delay Risk | Locked → Balanced Allocation,Standard Contract Pricing
MUM-DXB,20-02-2026,30.44448045,0.251282856,1820,27.4000324,0.015054963,1792.599968,Balanced Allocation,Volatile | High Fixed Cost Exposure | Low Delay Risk | Locked → Balanced Allocation,Standard Contract Pricing
MUM-DXB,21-02-2026,177.0480437,0.966586968,1820,185.9004459,0.102143102,1634.099554,Maximize Utilization,Stable | High Fixed Cost Exposure | Low Delay Risk | Locked → Maximize Utilization,Premium / Priority Pricing
MUM-DXB,22-02-2026,867.4871938,0.950466144,1820,910.8615535,0.500473381,909.1384465,Maximize Utilization,Stable | High Fixed Cost Exposure | Low Delay Risk | Locked → Maximize Utilization,Premium / Priority Pricing
MUM-DXB,23-02-2026,2362.046535,0.827610599,1820,1820,1,0,Maximize Utilization,Stable | High Fixed Cost Exposure | Low Delay Risk | Locked → Maximize Utilization,Premium / Priority Pricing
MUM-DXB,24-02-2026,76.93985466,0.580158521,1820,69.24586919,0.038047181,1750.754131,Balanced Allocation,Volatile | High Fixed Cost Exposure | Low Delay Risk | Locked → Balanced Allocation,Standard Contract Pricing
MUM-DXB,25-02-2026,359.4190233,0.763535914,1820,377.3899745,0.207357129,1442.610026,Maximize Utilization,Stable | High Fixed Cost Exposure | Low Delay Risk | Locked → Maximize Utilization,Premium / Priority Pricing
MUM-DXB,26-02-2026,177.2405977,0.926541543,1820,186.1026276,0.102254191,1633.897372,Maximize Utilization,Stable | High Fixed Cost Exposure | Low Delay Risk | Locked → Maximize Utilization,Premium / Priority Pricing
MUM-DXB,27-02-2026,2010.158512,0.921962768,1820,1820,1,0,Maximize Utilization,Stable | High Fixed Cost Exposure | Low Delay Risk | Locked → Maximize Utilization,Premium / Priority Pricing
MUM-DXB,28-02-2026,1927.345417,0.853643252,1820,1820,1,0,Maximize Utilization,Stable | High Fixed Cost Exposure | Low Delay Risk | Locked → Maximize Utilization,Premium / Priority Pricing
MUM-DXB,01-03-2026,340.4126871,0.740487224,1820,306.3714184,0.168335944,1513.628582,Balanced Allocation,Volatile | High Fixed Cost Exposure | Low Delay Risk | Locked → Balanced Allocation,Standard Contract Pricing
MUM-DXB,01-01-2026,318.4269421,0.693647691,1820,286.5842479,0.157463872,1533.415752,Balanced Allocation,Volatile | High Fixed Cost Exposure | Low Delay Risk | Locked → Balanced Allocation,Standard Contract Pricing
MUM-DXB,02-01-2026,13.96451722,0.113399328,1820,12.5680655,0.00690553,1807.431935,Balanced Allocation,Volatile | High Fixed Cost Exposure | Low Delay Risk | Locked → Balanced Allocation,Standard Contract Pricing
MUM-DXB,03-01-2026,181.562343,0.988863501,1820,190.6404601,0.104747506,1629.35954,Maximize Utilization,Stable | High Fixed Cost Exposure | Low Delay Risk | Locked → Maximize Utilization,Premium / Priority Pricing
MUM-DXB,04-01-2026,79.21532382,0.554077473,1820,71.29379144,0.039172413,1748.706209,Balanced Allocation,Volatile | High Fixed Cost Exposure | Low Delay Risk | Locked → Balanced Allocation,Standard Contract Pricing
MUM-DXB,05-01-2026,174.5439986,0.99495031,1820,183.2711985,0.100698461,1636.728802,Maximize Utilization,Stable | High Fixed Cost Exposure | Low Delay Risk | Locked → Maximize Utilization,Premium / Priority Pricing
MUM-DXB,06-01-2026,38.1221084,0.316089491,1820,34.30989756,0.018851592,1785.690102,Balanced Allocation,Volatile | High Fixed Cost Exposure | Low Delay Risk | Locked → Balanced Allocation,Standard Contract Pricing
MUM-DXB,07-01-2026,270.880318,0.720778406,1820,243.7922862,0.133951806,1576.207714,Balanced Allocation,Volatile | High Fixed Cost Exposure | Low Delay Risk | Locked → Balanced Allocation,Standard Contract Pricing
MUM-DXB,08-01-2026,90.44194725,0.662662938,1820,81.39775252,0.04472404,1738.602247,Balanced Allocation,Volatile | High Fixed Cost Exposure | Low Delay Risk | Locked → Balanced Allocation,Standard Contract Pricing
MUM-DXB,09-01-2026,1749.657296,0.851209912,1820,1820,1,0,Maximize Utilization,Stable | High Fixed Cost Exposure | Low Delay Risk | Locked → Maximize Utilization,Premium / Priority Pricing
MUM-DXB,10-01-2026,281.3500698,0.711745497,1820,253.2150629,0.139129155,1566.784937,Balanced Allocation,Volatile | High Fixed Cost Exposure | Low Delay Risk | Locked → Balanced Allocation,Standard Contract Pricing
MUM-DXB,11-01-2026,1810.020597,0.993156772,1820,1820,1,0,Maximize Utilization,Stable | High Fixed Cost Exposure | Low Delay Risk | Locked → Maximize Utilization,Premium / Priority Pricing
MUM-DXB,12-01-2026,79.22941022,0.62350576,1820,71.3064692,0.039179379,1748.693531,Balanced Allocation,Volatile | High Fixed Cost Exposure | Low Delay Risk | Locked → Balanced Allocation,Standard Contract Pricing
MUM-DXB,13-01-2026,-27.22992143,0,1820,-24.50692928,0,1844.506929,Balanced Allocation,Volatile | High Fixed Cost Exposure | Low Delay Risk | Locked → Balanced Allocation,Standard Contract Pricing
MUM-DXB,14-01-2026,-24.40617517,0,1820,-21.96555766,0,1841.965558,Balanced Allocation,Volatile | High Fixed Cost Exposure | Low Delay Risk | Locked → Balanced Allocation,Standard Contract Pricing
MUM-DXB,15-01-2026,203.4096241,0.97772493,1820,213.5801053,0.117351706,1606.419895,Maximize Utilization,Stable | High Fixed Cost Exposure | Low Delay Risk | Locked → Maximize Utilization,Premium / Priority Pricing
MUM-DXB,16-01-2026,1896.506367,0.786478196,1820,1820,1,0,Maximize Utilization,Stable | High Fixed Cost Exposure | Low Delay Risk | Locked → Maximize Utilization,Premium / Priority Pricing
MUM-DXB,17-01-2026,-42.66573752,0,1820,-38.39916376,0,1858.399164,Balanced Allocation,Volatile | High Fixed Cost Exposure | Low Delay Risk | Locked → Balanced Allocation,Standard Contract Pricing
MUM-DXB,18-01-2026,345.3935611,0.801141252,1820,362.6632392,0.199265516,1457.336761,Maximize Utilization,Stable | High Fixed Cost Exposure | Low Delay Risk | Locked → Maximize Utilization,Premium / Priority Pricing
MUM-DXB,19-01-2026,1.589869905,0.013785871,1820,1.430882915,0.000786199,1818.569117,Balanced Allocation,Volatile | High Fixed Cost Exposure | Low Delay Risk | Locked → Balanced Allocation,Standard Contract Pricing
MUM-DXB,20-01-2026,129.2600469,0.804514017,1820,135.7230492,0.074573104,1684.276951,Maximize Utilization,Stable | High Fixed Cost Exposure | Low Delay Risk | Locked → Maximize Utilization,Premium / Priority Pricing
MUM-DXB,21-01-2026,681.9914475,0.724198483,1820,613.7923028,0.337248518,1206.207697,Balanced Allocation,Volatile | High Fixed Cost Exposure | Low Delay Risk | Locked → Balanced Allocation,Standard Contract Pricing
MUM-DXB,22-01-2026,133.5189364,0.743806034,1820,120.1670428,0.066025848,1699.832957,Balanced Allocation,Volatile | High Fixed Cost Exposure | Low Delay Risk | Locked → Balanced Allocation,Standard Contract Pricing
MUM-DXB,23-01-2026,-33.18268502,0,1820,-29.86441652,0,1849.864417,Balanced Allocation,Volatile | High Fixed Cost Exposure | Low Delay Risk | Locked → Balanced Allocation,Standard Contract Pricing
MUM-DXB,24-01-2026,2150.111219,0.461906039,1820,1820,1,0,Balanced Allocation,Volatile | High Fixed Cost Exposure | Low Delay Risk | Locked → Balanced Allocation,Standard Contract Pricing
MUM-DXB,25-01-2026,111.1202859,0.684559695,1820,100.0082573,0.054949592,1719.991743,Balanced Allocation,Volatile | High Fixed Cost Exposure | Low Delay Risk | Locked → Balanced Allocation,Standard Contract Pricing
MUM-DXB,26-01-2026,172.1682913,0.846955396,1820,180.7767059,0.09932786,1639.223294,Maximize Utilization,Stable | High Fixed Cost Exposure | Low Delay Risk | Locked → Maximize Utilization,Premium / Priority Pricing
MUM-DXB,27-01-2026,226.9730517,0.950707536,1820,238.3217043,0.130945991,1581.678296,Maximize Utilization,Stable | High Fixed Cost Exposure | Low Delay Risk | Locked → Maximize Utilization,Premium / Priority Pricing
MUM-DXB,28-01-2026,200.054326,0.976848899,1820,210.0570423,0.115415957,1609.942958,Maximize Utilization,Stable | High Fixed Cost Exposure | Low Delay Risk | Locked → Maximize Utilization,Premium / Priority Pricing
MUM-DXB,29-01-2026,1649.914418,0.949465087,1820,1732.410139,0.951873703,87.58986079,Maximize Utilization,Stable | High Fixed Cost Exposure | Low Delay Risk | Locked → Maximize Utilization,Premium / Priority Pricing
MUM-DXB,30-01-2026,61.47311727,0.436098021,1820,55.32580554,0.030398794,1764.674194,Balanced Allocation,Volatile | High Fixed Cost Exposure | Low Delay Risk | Locked → Balanced Allocation,Standard Contract Pricing
MUM-DXB,31-01-2026,10.30703886,0.085537661,1820,9.276334973,0.005096887,1810.723665,Balanced Allocation,Volatile | High Fixed Cost Exposure | Low Delay Risk | Locked → Balanced Allocation,Standard Contract Pricing
MUM-DXB,01-02-2026,351.5353973,0.69678446,1820,316.3818576,0.173836185,1503.618142,Balanced Allocation,Volatile | High Fixed Cost Exposure | Low Delay Risk | Locked → Balanced Allocation,Standard Contract Pricing
MUM-DXB,02-02-2026,174.635213,0.952601663,1820,183.3669737,0.100751084,1636.633026,Maximize Utilization,Stable | High Fixed Cost Exposure | Low Delay Risk | Locked → Maximize Utilization,Premium / Priority Pricing
MUM-DXB,03-02-2026,63.82931381,0.470040892,1820,57.44638243,0.031563946,1762.553618,Balanced Allocation,Volatile | High Fixed Cost Exposure | Low Delay Risk | Locked → Balanced Allocation,Standard Contract Pricing
MUM-DXB,04-02-2026,147.0082337,0.89484738,1820,154.3586454,0.084812443,1665.641355,Maximize Utilization,Stable | High Fixed Cost Exposure | Low Delay Risk | Locked → Maximize Utilization,Premium / Priority Pricing
MUM-DXB,05-02-2026,64.37200696,0.479807407,1820,57.93480626,0.031832311,1762.065194,Balanced Allocation,Volatile | High Fixed Cost Exposure | Low Delay Risk | Locked → Balanced Allocation,Standard Contract Pricing
MUM-DXB,06-02-2026,16.28065292,0.150396401,1820,14.65258763,0.008050872,1805.347412,Balanced Allocation,Volatile | High Fixed Cost Exposure | Low Delay Risk | Locked → Balanced Allocation,Standard Contract Pricing
MUM-DXB,07-02-2026,128.4782314,0.795462151,1820,134.902143,0.074122057,1685.097857,Maximize Utilization,Stable | High Fixed Cost Exposure | Low Delay Risk | Locked → Maximize Utilization,Premium / Priority Pricing
MUM-DXB,08-02-2026,65.13438319,0.500442723,1820,58.62094487,0.03220931,1761.379055,Balanced Allocation,Volatile | High Fixed Cost Exposure | Low Delay Risk | Locked → Balanced Allocation,Standard Contract Pricing
MUM-DXB,09-02-2026,2142.577232,0.47367321,1820,1820,1,0,Balanced Allocation,Volatile | High Fixed Cost Exposure | Low Delay Risk | Locked → Balanced Allocation,Standard Contract Pricing
MUM-DXB,10-02-2026,281.03662,0.770840644,1820,295.088451,0.162136512,1524.911549,Maximize Utilization,Stable | High Fixed Cost Exposure | Low Delay Risk | Locked → Maximize Utilization,Premium / Priority Pricing
MUM-DXB,11-02-2026,224.1973497,0.972820726,1820,235.4072172,0.129344625,1584.592783,Maximize Utilization,Stable | High Fixed Cost Exposure | Low Delay Risk | Locked → Maximize Utilization,Premium / Priority Pricing
MUM-DXB,12-02-2026,881.0179599,0.96051379,1820,925.0688579,0.508279592,894.9311421,Maximize Utilization,Stable | High Fixed Cost Exposure | Low Delay Risk | Locked → Maximize Utilization,Premium / Priority Pricing
MUM-DXB,13-02-2026,-50.3297308,0,1820,-45.29675772,0,1865.296758,Balanced Allocation,Volatile | High Fixed Cost Exposure | Low Delay Risk | Locked → Balanced Allocation,Standard Contract Pricing
MUM-DXB,14-02-2026,642.8805481,0.858802385,1820,675.0245755,0.370892624,1144.975424,Maximize Utilization,Stable | High Fixed Cost Exposure | Low Delay Risk | Locked → Maximize Utilization,Premium / Priority Pricing
MUM-DXB,15-02-2026,219.0845681,0.951243756,1820,230.0387965,0.126394943,1589.961204,Maximize Utilization,Stable | High Fixed Cost Exposure | Low Delay Risk | Locked → Maximize Utilization,Premium / Priority Pricing
MUM-DXB,16-02-2026,-40.1549469,0,1820,-36.13945221,0,1856.139452,Balanced Allocation,Volatile | High Fixed Cost Exposure | Low Delay Risk | Locked → Balanced Allocation,Standard Contract Pricing
MUM-DXB,17-02-2026,2336.628851,0.880108962,1820,1820,1,0,Maximize Utilization,Stable | High Fixed Cost Exposure | Low Delay Risk | Locked → Maximize Utilization,Premium / Priority Pricing
MUM-DXB,18-02-2026,28.8116328,0.228390643,1820,25.93046952,0.014247511,1794.06953,Balanced Allocation,Volatile | High Fixed Cost Exposure | Low Delay Risk | Locked → Balanced Allocation,Standard Contract Pricing
MUM-DXB,19-02-2026,228.5397438,0.836522525,1820,239.966731,0.131849852,1580.033269,Maximize Utilization,Stable | High Fixed Cost Exposure | Low Delay Risk | Locked → Maximize Utilization,Premium / Priority Pricing
MUM-DXB,20-02-2026,261.2631649,0.8102785,1820,274.3263232,0.150728749,1545.673677,Maximize Utilization,Stable | High Fixed Cost Exposure | Low Delay Risk | Locked → Maximize Utilization,Premium / Priority Pricing
MUM-DXB,21-02-2026,2342.479463,0.82875602,1820,1820,1,0,Maximize Utilization,Stable | High Fixed Cost Exposure | Low Delay Risk | Locked → Maximize Utilization,Premium / Priority Pricing
MUM-DXB,22-02-2026,230.5199911,0.830790516,1820,242.0459907,0.132992303,1577.954009,Maximize Utilization,Stable | High Fixed Cost Exposure | Low Delay Risk | Locked → Maximize Utilization,Premium / Priority Pricing
MUM-DXB,23-02-2026,932.467089,0.920550682,1820,979.0904434,0.537961782,840.9095566,Maximize Utilization,Stable | High Fixed Cost Exposure | Low Delay Risk | Locked → Maximize Utilization,Premium / Priority Pricing
MUM-DXB,24-02-2026,322.9575958,0.586160474,1820,290.6618363,0.159704306,1529.338164,Balanced Allocation,Volatile | High Fixed Cost Exposure | Low Delay Risk | Locked → Balanced Allocation,Standard Contract Pricing
MUM-DXB,25-02-2026,101.5411652,0.65514869,1820,91.38704866,0.050212664,1728.612951,Balanced Allocation,Volatile | High Fixed Cost Exposure | Low Delay Risk | Locked → Balanced Allocation,Standard Contract Pricing
MUM-DXB,26-02-2026,882.7107048,0.755778867,1820,926.8462401,0.509256176,893.1537599,Maximize Utilization,Stable | High Fixed Cost Exposure | Low Delay Risk | Locked → Maximize Utilization,Premium / Priority Pricing
MUM-DXB,27-02-2026,225.6538116,0.929546469,1820,236.9365022,0.130184891,1583.063498,Maximize Utilization,Stable | High Fixed Cost Exposure | Low Delay Risk | Locked → Maximize Utilization,Premium / Priority Pricing
MUM-DXB,28-02-2026,50.89255968,0.383113483,1820,45.80330371,0.02516665,1774.196696,Balanced Allocation,Volatile | High Fixed Cost Exposure | Low Delay Risk | Locked → Balanced Allocation,Standard Contract Pricing
MUM-DXB,01-03-2026,259.9790369,0.871717196,1820,272.9779888,0.149987906,1547.022011,Maximize Utilization,Stable | High Fixed Cost Exposure | Low Delay Risk | Locked → Maximize Utilization,Premium / Priority Pricing
