route,time_period,forecasted_demand,forecast_confidence,max_capacity,committed_capacity,load_factor,void_capacity,utilization_strategy,planning_comment,pricing_recommendation
DEL-FRA,2026-01-01,175.2177532863746,0.9958987521003996,2394,122.65242730046221,0.05123326119484637,2271.347572699538,Conservative Loading,Stable | High Fixed Cost Exposure | High Delay Risk | Flexible → Conservative Loading,Discount / Spot Pricing
DEL-FRA,2026-01-02,253.20688331256449,0.7923585760622143,2394,177.24481831879513,0.07403710038379079,2216.7551816812047,Conservative Loading,Stable | High Fixed Cost Exposure | High Delay Risk | Flexible → Conservative Loading,Discount / Spot Pricing
DEL-FRA,2026-01-03,1989.1912106813663,0.6878567759924412,2394,1392.4338474769563,0.5816348569243761,1001.5661525230437,Conservative Loading,Volatile | High Fixed Cost Exposure | High Delay Risk | Flexible → Conservative Loading,Discount / Spot Pricing
DEL-FRA,2026-01-04,363.79555929206407,0.7475575471187152,2394,254.65689150444484,0.10637297055323511,2139.343108495555,Conservative Loading,Volatile | High Fixed Cost Exposure | High Delay Risk | Flexible → Conservative Loading,Discount / Spot Pricing
DEL-FRA,2026-01-05,334.57812396955825,0.6580129215420221,2394,234.20468677869076,0.09782986080981235,2159.7953132213092,Conservative Loading,Volatile | High Fixed Cost Exposure | High Delay Risk | Flexible → Conservative Loading,Discount / Spot Pricing
DEL-FRA,2026-01-06,406.50696129664783,0.5981482526989543,2394,284.5548729076535,0.1188616845896631,2109.4451270923464,Conservative Loading,Volatile | High Fixed Cost Exposure | High Delay Risk | Flexible → Conservative Loading,Discount / Spot Pricing
DEL-FRA,2026-01-07,363.3407608751209,0.7536524506887847,2394,254.33853261258463,0.10623998855997688,2139.6614673874155,Conservative Loading,Stable | High Fixed Cost Exposure | High Delay Risk | Flexible → Conservative Loading,Discount / Spot Pricing
DEL-FRA,2026-01-08,288.35927145850764,0.7935966358592719,2394,201.85149002095534,0.08431557644985603,2192.148509979045,Conservative Loading,Stable | High Fixed Cost Exposure | High Delay Risk | Flexible → Conservative Loading,Discount / Spot Pricing
DEL-FRA,2026-01-09,282.45834512912387,0.7041370872989595,2394,197.7208415903867,0.08259015939448065,2196.2791584096135,Conservative Loading,Volatile | High Fixed Cost Exposure | High Delay Risk | Flexible → Conservative Loading,Discount / Spot Pricing
DEL-FRA,2026-01-10,476.2122738704013,0.6088628204659162,2394,333.34859170928087,0.13924335493286585,2060.6514082907192,Conservative Loading,Volatile | High Fixed Cost Exposure | High Delay Risk | Flexible → Conservative Loading,Discount / Spot Pricing
DEL-FRA,2026-01-11,191.401409079554,0.8911549171957097,2394,133.9809863556878,0.055965324292267256,2260.019013644312,Conservative Loading,Stable | High Fixed Cost Exposure | High Delay Risk | Flexible → Conservative Loading,Discount / Spot Pricing
DEL-FRA,2026-01-12,132.75506720594615,0.9380900038151988,2394,92.9285470441623,0.03881727111284975,2301.0714529558377,Conservative Loading,Stable | High Fixed Cost Exposure | High Delay Risk | Flexible → Conservative Loading,Discount / Spot Pricing
DEL-FRA,2026-01-13,1290.084902197607,0.8464506002133748,2394,903.0594315383249,0.37721780766011903,1490.940568461675,Conservative Loading,Stable | High Fixed Cost Exposure | High Delay Risk | Flexible → Conservative Loading,Discount / Spot Pricing
DEL-FRA,2026-01-14,367.7724545074006,0.4978439951518806,2394,257.4407181551804,0.10753580541152062,2136.5592818448195,Conservative Loading,Volatile | High Fixed Cost Exposure | High Delay Risk | Flexible → Conservative Loading,Discount / Spot Pricing
DEL-FRA,2026-01-15,1237.9770754092592,0.8988301501380889,2394,866.5839527864814,0.3619816009968594,1527.4160472135186,Conservative Loading,Stable | High Fixed Cost Exposure | High Delay Risk | Flexible → Conservative Loading,Discount / Spot Pricing
DEL-FRA,2026-01-16,140.01384672896,0.9382610638215404,2394,98.00969271027199,0.04093972126577777,2295.990307289728,Conservative Loading,Stable | High Fixed Cost Exposure | High Delay Risk | Flexible → Conservative Loading,Discount / Spot Pricing
DEL-FRA,2026-01-17,291.28942800953774,0.6601187817017025,2394,203.9025996066764,0.08517234737120986,2190.0974003933234,Conservative Loading,Volatile | High Fixed Cost Exposure | High Delay Risk | Flexible → Conservative Loading,Discount / Spot Pricing
DEL-FRA,2026-01-18,2619.687708721355,0.654902445436045,2394,1833.7813961049485,0.7659905581056593,560.2186038950515,Conservative Loading,Volatile | High Fixed Cost Exposure | High Delay Risk | Flexible → Conservative Loading,Discount / Spot Pricing
DEL-FRA,2026-01-19,2250.8109008485862,0.9400580542974504,2394,1575.5676305940103,0.6581318423533877,818.4323694059897,Conservative Loading,Stable | High Fixed Cost Exposure | High Delay Risk | Flexible → Conservative Loading,Discount / Spot Pricing
DEL-FRA,2026-01-20,126.76144959891724,0.9165380360772968,2394,88.73301471924206,0.03706475134471264,2305.266985280758,Conservative Loading,Stable | High Fixed Cost Exposure | High Delay Risk | Flexible → Conservative Loading,Discount / Spot Pricing
DEL-FRA,2026-01-21,185.19112302614417,0.9942910604117936,2394,129.63378611830092,0.05414945117723514,2264.366213881699,Conservative Loading,Stable | High Fixed Cost Exposure | High Delay Risk | Flexible → Conservative Loading,Discount / Spot Pricing
DEL-FRA,2026-01-22,292.71403453632666,0.7181096715624384,2394,204.89982417542865,0.08558889898723002,2189.100175824571,Conservative Loading,Volatile | High Fixed Cost Exposure | High Delay Risk | Flexible → Conservative Loading,Discount / Spot Pricing
DEL-FRA,2026-01-23,217.98758898460036,0.8658383750544694,2394,152.59131228922024,0.06373906110660829,2241.4086877107798,Conservative Loading,Stable | High Fixed Cost Exposure | High Delay Risk | Flexible → Conservative Loading,Discount / Spot Pricing
DEL-FRA,2026-01-24,476.4696468611524,0.4693320705115272,2394,333.52875280280665,0.1393186101933194,2060.4712471971934,Conservative Loading,Volatile | High Fixed Cost Exposure | High Delay Risk | Flexible → Conservative Loading,Discount / Spot Pricing
DEL-FRA,2026-01-25,380.456921751851,0.585862241024132,2394,266.3198452262957,0.11124471396252952,2127.680154773704,Conservative Loading,Volatile | High Fixed Cost Exposure | High Delay Risk | Flexible → Conservative Loading,Discount / Spot Pricing
DEL-FRA,2026-01-26,382.8625077150247,0.6534757333381696,2394,268.00375540051726,0.11194810167105984,2125.996244599483,Conservative Loading,Volatile | High Fixed Cost Exposure | High Delay Risk | Flexible → Conservative Loading,Discount / Spot Pricing
DEL-FRA,2026-01-27,358.5726661520434,0.5629345090074562,2394,251.00086630643034,0.10484580881638694,2142.9991336935695,Conservative Loading,Volatile | High Fixed Cost Exposure | High Delay Risk | Flexible → Conservative Loading,Discount / Spot Pricing
DEL-FRA,2026-01-28,478.75349184518353,0.5812822500296553,2394,335.1274442916285,0.13998640112432267,2058.8725557083717,Conservative Loading,Volatile | High Fixed Cost Exposure | High Delay Risk | Flexible → Conservative Loading,Discount / Spot Pricing
DEL-FRA,2026-01-29,195.36776575899088,0.8849525604784758,2394,136.75743603129362,0.05712507770730728,2257.2425639687062,Conservative Loading,Stable | High Fixed Cost Exposure | High Delay Risk | Flexible → Conservative Loading,Discount / Spot Pricing
DEL-FRA,2026-01-30,256.3917340352985,0.7410573132453118,2394,179.47421382470893,0.07496834328517499,2214.525786175291,Conservative Loading,Volatile | High Fixed Cost Exposure | High Delay Risk | Flexible → Conservative Loading,Discount / Spot Pricing
DEL-FRA,2026-01-31,222.68395915588968,0.7967590676628252,2394,155.87877140912278,0.06511226875903207,2238.1212285908773,Conservative Loading,Stable | High Fixed Cost Exposure | High Delay Risk | Flexible → Conservative Loading,Discount / Spot Pricing
DEL-FRA,2026-02-01,2076.648058614774,0.6361041161782655,2394,1453.6536410303418,0.6072070346826824,940.3463589696582,Conservative Loading,Volatile | High Fixed Cost Exposure | High Delay Risk | Flexible → Conservative Loading,Discount / Spot Pricing
DEL-FRA,2026-02-02,374.9768246002147,0.6388857091479507,2394,262.4837772201503,0.10964234637433178,2131.5162227798496,Conservative Loading,Volatile | High Fixed Cost Exposure | High Delay Risk | Flexible → Conservative Loading,Discount / Spot Pricing
DEL-FRA,2026-02-03,896.7102044683152,0.7748627205145386,2394,627.6971431278206,0.2621959662188056,1766.3028568721793,Conservative Loading,Stable | High Fixed Cost Exposure | High Delay Risk | Flexible → Conservative Loading,Discount / Spot Pricing
DEL-FRA,2026-02-04,412.9369603581857,0.6735895637022782,2394,289.05587225073,0.1207418012743233,2104.94412774927,Conservative Loading,Volatile | High Fixed Cost Exposure | High Delay Risk | Flexible → Conservative Loading,Discount / Spot Pricing
DEL-FRA,2026-02-05,509.20268743155856,0.4949467939191728,2394,356.441881202091,0.14888967468759023,2037.558118797909,Conservative Loading,Volatile | High Fixed Cost Exposure | High Delay Risk | Flexible → Conservative Loading,Discount / Spot Pricing
DEL-FRA,2026-02-06,319.757966166784,0.7019545271996053,2394,223.8305763167488,0.09349648133531696,2170.1694236832514,Conservative Loading,Volatile | High Fixed Cost Exposure | High Delay Risk | Flexible → Conservative Loading,Discount / Spot Pricing
DEL-FRA,2026-02-07,560.168892205292,0.4266477147357659,2394,392.11822454370434,0.1637920737442374,2001.8817754562956,Conservative Loading,Volatile | High Fixed Cost Exposure | High Delay Risk | Flexible → Conservative Loading,Discount / Spot Pricing
DEL-FRA,2026-02-08,367.43574509415697,0.5667447421230088,2394,257.2050215659099,0.10743735236671256,2136.79497843409,Conservative Loading,Volatile | High Fixed Cost Exposure | High Delay Risk | Flexible → Conservative Loading,Discount / Spot Pricing
DEL-FRA,2026-02-09,1894.566620044496,0.9667023043056304,2394,1326.1966340311471,0.5539668479662269,1067.8033659688529,Conservative Loading,Stable | High Fixed Cost Exposure | High Delay Risk | Flexible → Conservative Loading,Discount / Spot Pricing
DEL-FRA,2026-02-10,192.536507560281,0.9633333821408528,2394,134.77555529219669,0.056297224432830695,2259.2244447078033,Conservative Loading,Stable | High Fixed Cost Exposure | High Delay Risk | Flexible → Conservative Loading,Discount / Spot Pricing
DEL-FRA,2026-02-11,429.2015746489853,0.6154905932353834,2394,300.44110225428966,0.1254975364470717,2093.5588977457105,Conservative Loading,Volatile | High Fixed Cost Exposure | High Delay Risk | Flexible → Conservative Loading,Discount / Spot Pricing
DEL-FRA,2026-02-12,214.57416341637597,0.866401433802094,2394,150.20191439146316,0.06274098345508068,2243.798085608537,Conservative Loading,Stable | High Fixed Cost Exposure | High Delay Risk | Flexible → Conservative Loading,Discount / Spot Pricing
DEL-FRA,2026-02-13,112.56589731737849,0.8130060431838322,2394,78.79612812216493,0.03291400506356096,2315.203871877835,Conservative Loading,Stable | High Fixed Cost Exposure | High Delay Risk | Flexible → Conservative Loading,Discount / Spot Pricing
DEL-FRA,2026-02-14,266.5606252008666,0.6656360627336901,2394,186.5924376406066,0.07794170327510717,2207.4075623593935,Conservative Loading,Volatile | High Fixed Cost Exposure | High Delay Risk | Flexible → Conservative Loading,Discount / Spot Pricing
DEL-FRA,2026-02-15,119.67087262370636,0.872399932831628,2394,83.76961083659445,0.034991483223305954,2310.2303891634056,Conservative Loading,Stable | High Fixed Cost Exposure | High Delay Risk | Flexible → Conservative Loading,Discount / Spot Pricing
DEL-FRA,2026-02-16,427.3088627658546,0.5903066485262027,2394,299.1162039360982,0.12494411191984052,2094.8837960639016,Conservative Loading,Volatile | High Fixed Cost Exposure | High Delay Risk | Flexible → Conservative Loading,Discount / Spot Pricing
DEL-FRA,2026-02-17,344.8348525082676,0.7193204340335644,2394,241.3843967557873,0.10082890424218349,2152.6156032442127,Conservative Loading,Volatile | High Fixed Cost Exposure | High Delay Risk | Flexible → Conservative Loading,Discount / Spot Pricing
DEL-FRA,2026-02-18,438.2742259840474,0.6383638442305551,2394,306.7919581888332,0.12815035847486766,2087.208041811167,Conservative Loading,Volatile | High Fixed Cost Exposure | High Delay Risk | Flexible → Conservative Loading,Discount / Spot Pricing
DEL-FRA,2026-02-19,287.9404973793094,0.6242521833170374,2394,201.55834816551658,0.08419312788868696,2192.4416518344833,Conservative Loading,Volatile | High Fixed Cost Exposure | High Delay Risk | Flexible → Conservative Loading,Discount / Spot Pricing
DEL-FRA,2026-02-20,392.37902583894464,0.6462337190358551,2394,274.66531808726126,0.11473070930963294,2119.3346819127387,Conservative Loading,Volatile | High Fixed Cost Exposure | High Delay Risk | Flexible → Conservative Loading,Discount / Spot Pricing
DEL-FRA,2026-02-21,397.9914202807377,0.6085967298382622,2394,278.5939941965164,0.11637176031600518,2115.406005803484,Conservative Loading,Volatile | High Fixed Cost Exposure | High Delay Risk | Flexible → Conservative Loading,Discount / Spot Pricing
DEL-FRA,2026-02-22,160.43519251826,0.9590300327238932,2394,112.304634762782,0.046910875005339185,2281.695365237218,Conservative Loading,Stable | High Fixed Cost Exposure | High Delay Risk | Flexible → Conservative Loading,Discount / Spot Pricing
DEL-FRA,2026-02-23,300.57462353214163,0.7576153276573522,2394,210.40223647249914,0.08788731682226364,2183.597763527501,Conservative Loading,Stable | High Fixed Cost Exposure | High Delay Risk | Flexible → Conservative Loading,Discount / Spot Pricing
DEL-FRA,2026-02-24,366.95337036447125,0.7079298306680246,2394,256.8673592551299,0.1072963071241144,2137.13264074487,Conservative Loading,Volatile | High Fixed Cost Exposure | High Delay Risk | Flexible → Conservative Loading,Discount / Spot Pricing
DEL-FRA,2026-02-25,1032.2375484383488,0.942242271245447,2394,722.5662839068441,0.3018238445726166,1671.433716093156,Conservative Loading,Stable | High Fixed Cost Exposure | High Delay Risk | Flexible → Conservative Loading,Discount / Spot Pricing
DEL-FRA,2026-02-26,488.9587551278275,0.500909616201634,2394,342.27112858947925,0.14297039623620686,2051.7288714105207,Conservative Loading,Volatile | High Fixed Cost Exposure | High Delay Risk | Flexible → Conservative Loading,Discount / Spot Pricing
DEL-FRA,2026-02-27,460.3412462129875,0.5430899544612626,2394,322.23887234909125,0.13460270357104898,2071.7611276509087,Conservative Loading,Volatile | High Fixed Cost Exposure | High Delay Risk | Flexible → Conservative Loading,Discount / Spot Pricing
DEL-FRA,2026-02-28,140.95679498461675,0.8997531725409659,2394,98.66975648923172,0.041215437130004896,2295.3302435107685,Conservative Loading,Stable | High Fixed Cost Exposure | High Delay Risk | Flexible → Conservative Loading,Discount / Spot Pricing
DEL-FRA,2026-03-01,231.15039242941685,0.8833422600187831,2394,161.80527470059178,0.06758783404368914,2232.194725299408,Conservative Loading,Stable | High Fixed Cost Exposure | High Delay Risk | Flexible → Conservative Loading,Discount / Spot Pricing
DEL-FRA,2026-01-01,2185.8208931664467,0.8469117445346084,2394,1530.0746252165127,0.63912891613054,863.9253747834873,Conservative Loading,Stable | High Fixed Cost Exposure | High Delay Risk | Flexible → Conservative Loading,Discount / Spot Pricing
DEL-FRA,2026-01-02,1829.8063730285976,0.9181608283323004,2394,1280.8644611200182,0.5350311032247361,1113.1355388799818,Conservative Loading,Stable | High Fixed Cost Exposure | High Delay Risk | Flexible → Conservative Loading,Discount / Spot Pricing
DEL-FRA,2026-01-03,299.5224651186399,0.6563676708449193,2394,209.66572558304793,0.087579668163345,2184.334274416952,Conservative Loading,Volatile | High Fixed Cost Exposure | High Delay Risk | Flexible → Conservative Loading,Discount / Spot Pricing
DEL-FRA,2026-01-04,1867.2218584503685,0.788525905742911,2394,1307.055300915258,0.5459713036404586,1086.944699084742,Conservative Loading,Stable | High Fixed Cost Exposure | High Delay Risk | Flexible → Conservative Loading,Discount / Spot Pricing
DEL-FRA,2026-01-05,399.4991524205432,0.7049911944681848,2394,279.6494066943802,0.11681261766682549,2114.35059330562,Conservative Loading,Volatile | High Fixed Cost Exposure | High Delay Risk | Flexible → Conservative Loading,Discount / Spot Pricing
DEL-FRA,2026-01-06,220.46042558707808,0.9629295953902356,2394,154.32229791095463,0.06446211274475966,2239.6777020890454,Conservative Loading,Stable | High Fixed Cost Exposure | High Delay Risk | Flexible → Conservative Loading,Discount / Spot Pricing
DEL-FRA,2026-01-07,53.26480710882498,0.426562269395522,2394,37.28536497617748,0.015574505002580402,2356.7146350238227,Conservative Loading,Volatile | High Fixed Cost Exposure | High Delay Risk | Flexible → Conservative Loading,Discount / Spot Pricing
DEL-FRA,2026-01-08,344.16711205036603,0.7682611560214203,2394,240.9169784352562,0.10063365849425907,2153.083021564744,Conservative Loading,Stable | High Fixed Cost Exposure | High Delay Risk | Flexible → Conservative Loading,Discount / Spot Pricing
DEL-FRA,2026-01-09,271.545813540382,0.8205128048882354,2394,190.0820694782674,0.07939936068432223,2203.9179305217326,Conservative Loading,Stable | High Fixed Cost Exposure | High Delay Risk | Flexible → Conservative Loading,Discount / Spot Pricing
DEL-FRA,2026-01-10,1958.852111188752,0.8030440672478154,2394,1371.1964778321262,0.5727637752013894,1022.8035221678738,Conservative Loading,Stable | High Fixed Cost Exposure | High Delay Risk | Flexible → Conservative Loading,Discount / Spot Pricing
DEL-FRA,2026-01-11,327.3197165116224,0.7117561799578447,2394,229.12380155813565,0.0957075194478428,2164.8761984418643,Conservative Loading,Volatile | High Fixed Cost Exposure | High Delay Risk | Flexible → Conservative Loading,Discount / Spot Pricing
DEL-FRA,2026-01-12,66.89161101426305,0.4895981877769084,2394,46.82412770998413,0.019558950588965802,2347.175872290016,Conservative Loading,Volatile | High Fixed Cost Exposure | High Delay Risk | Flexible → Conservative Loading,Discount / Spot Pricing
DEL-FRA,2026-01-13,253.02481796021877,0.8254475849337609,2394,177.11737257215313,0.07398386490064876,2216.8826274278467,Conservative Loading,Stable | High Fixed Cost Exposure | High Delay Risk | Flexible → Conservative Loading,Discount / Spot Pricing
DEL-FRA,2026-01-14,401.84408935930895,0.702058810333148,2394,281.2908625515162,0.11749827174248798,2112.709137448484,Conservative Loading,Volatile | High Fixed Cost Exposure | High Delay Risk | Flexible → Conservative Loading,Discount / Spot Pricing
DEL-FRA,2026-01-15,312.87453266488893,0.5511823778796454,2394,219.01217286542223,0.09148378148096167,2174.987827134578,Conservative Loading,Volatile | High Fixed Cost Exposure | High Delay Risk | Flexible → Conservative Loading,Discount / Spot Pricing
DEL-FRA,2026-01-16,969.2017440955856,0.89368745168874,2394,678.4412208669098,0.2833923228349665,1715.5587791330902,Conservative Loading,Stable | High Fixed Cost Exposure | High Delay Risk | Flexible → Conservative Loading,Discount / Spot Pricing
DEL-FRA,2026-01-17,191.8980934719845,0.9867381212620536,2394,134.32866543038915,0.056110553646779096,2259.6713345696107,Conservative Loading,Stable | High Fixed Cost Exposure | High Delay Risk | Flexible → Conservative Loading,Discount / Spot Pricing
DEL-FRA,2026-01-18,111.63742871474614,0.7490656370670778,2394,78.14620010032229,0.03264252301600764,2315.8537998996776,Conservative Loading,Volatile | High Fixed Cost Exposure | High Delay Risk | Flexible → Conservative Loading,Discount / Spot Pricing
DEL-FRA,2026-01-19,202.04254479739035,0.9617545400844998,2394,141.42978135817324,0.059076767484617064,2252.5702186418266,Conservative Loading,Stable | High Fixed Cost Exposure | High Delay Risk | Flexible → Conservative Loading,Discount / Spot Pricing
DEL-FRA,2026-01-20,196.66976783020124,0.8333273628732039,2394,137.66883748114086,0.057505780067310296,2256.331162518859,Conservative Loading,Stable | High Fixed Cost Exposure | High Delay Risk | Flexible → Conservative Loading,Discount / Spot Pricing
DEL-FRA,2026-01-21,221.75423989272852,0.8870920944170875,2394,155.22796792490996,0.06484042102126565,2238.77203207509,Conservative Loading,Stable | High Fixed Cost Exposure | High Delay Risk | Flexible → Conservative Loading,Discount / Spot Pricing
DEL-FRA,2026-01-22,422.8832373335581,0.6386354253593411,2394,296.01826613349067,0.12365006939577722,2097.9817338665093,Conservative Loading,Volatile | High Fixed Cost Exposure | High Delay Risk | Flexible → Conservative Loading,Discount / Spot Pricing
DEL-FRA,2026-01-23,378.5283613763267,0.7375349640943041,2394,264.96985296342865,0.11068080741997854,2129.030147036571,Conservative Loading,Volatile | High Fixed Cost Exposure | High Delay Risk | Flexible → Conservative Loading,Discount / Spot Pricing
DEL-FRA,2026-01-24,338.3158443093873,0.6739497254861395,2394,236.82109101657107,0.09892276149397287,2157.1789089834288,Conservative Loading,Volatile | High Fixed Cost Exposure | High Delay Risk | Flexible → Conservative Loading,Discount / Spot Pricing
DEL-FRA,2026-01-25,135.36061800320715,0.8774064846674903,2394,94.752432602245,0.0395791280711132,2299.247567397755,Conservative Loading,Stable | High Fixed Cost Exposure | High Delay Risk | Flexible → Conservative Loading,Discount / Spot Pricing
DEL-FRA,2026-01-26,276.6431880236524,0.7604244056330003,2394,193.65023161655665,0.08088982105954748,2200.3497683834435,Conservative Loading,Stable | High Fixed Cost Exposure | High Delay Risk | Flexible → Conservative Loading,Discount / Spot Pricing
DEL-FRA,2026-01-27,2220.1562017248625,0.7432069674677341,2394,1554.1093412074038,0.6491684800365095,839.8906587925962,Conservative Loading,Volatile | High Fixed Cost Exposure | High Delay Risk | Flexible → Conservative Loading,Discount / Spot Pricing
DEL-FRA,2026-01-28,312.8282637779925,0.7685239073233188,2394,218.97978464459473,0.09147025256666447,2175.020215355405,Conservative Loading,Stable | High Fixed Cost Exposure | High Delay Risk | Flexible → Conservative Loading,Discount / Spot Pricing
DEL-FRA,2026-01-29,169.19832584096469,0.9823800655171406,2394,118.43882808867527,0.04947319469034055,2275.561171911325,Conservative Loading,Stable | High Fixed Cost Exposure | High Delay Risk | Flexible → Conservative Loading,Discount / Spot Pricing
DEL-FRA,2026-01-30,285.50080973668145,0.8044894717516309,2394,199.850566815677,0.08347976892885423,2194.149433184323,Conservative Loading,Stable | High Fixed Cost Exposure | High Delay Risk | Flexible → Conservative Loading,Discount / Spot Pricing
DEL-FRA,2026-01-31,61.34720215021974,0.4694633081752578,2394,42.943041505153815,0.017937778406496997,2351.056958494846,Conservative Loading,Volatile | High Fixed Cost Exposure | High Delay Risk | Flexible → Conservative Loading,Discount / Spot Pricing
DEL-FRA,2026-02-01,170.41664856374013,0.9109367774342576,2394,119.29165399461807,0.04982942940460237,2274.708346005382,Conservative Loading,Stable | High Fixed Cost Exposure | High Delay Risk | Flexible → Conservative Loading,Discount / Spot Pricing
DEL-FRA,2026-02-02,137.2897910036175,0.8966150652256232,2394,96.10285370253224,0.0401432137437478,2297.8971462974678,Conservative Loading,Stable | High Fixed Cost Exposure | High Delay Risk | Flexible → Conservative Loading,Discount / Spot Pricing
DEL-FRA,2026-02-03,105.42455029180836,0.7206697324044298,2394,73.79718520426584,0.030825891898189576,2320.202814795734,Conservative Loading,Volatile | High Fixed Cost Exposure | High Delay Risk | Flexible → Conservative Loading,Discount / Spot Pricing
DEL-FRA,2026-02-04,82.24625044435294,0.6039206633228349,2394,57.572375311047054,0.02404861124103887,2336.427624688953,Conservative Loading,Volatile | High Fixed Cost Exposure | High Delay Risk | Flexible → Conservative Loading,Discount / Spot Pricing
DEL-FRA,2026-02-05,59.024571900579474,0.4949608915392878,2394,41.317200330405626,0.0172586467545554,2352.6827996695943,Conservative Loading,Volatile | High Fixed Cost Exposure | High Delay Risk | Flexible → Conservative Loading,Discount / Spot Pricing
DEL-FRA,2026-02-06,752.4352091315773,0.7315815535413859,2394,526.7046463921041,0.22001029506771266,1867.2953536078958,Conservative Loading,Volatile | High Fixed Cost Exposure | High Delay Risk | Flexible → Conservative Loading,Discount / Spot Pricing
DEL-FRA,2026-02-07,332.9899857196346,0.7196017156926211,2394,233.0929900037442,0.09736549290047794,2160.907009996256,Conservative Loading,Volatile | High Fixed Cost Exposure | High Delay Risk | Flexible → Conservative Loading,Discount / Spot Pricing
DEL-FRA,2026-02-08,146.4280505988106,0.8942028738742066,2394,102.4996354191674,0.04281521947333643,2291.5003645808324,Conservative Loading,Stable | High Fixed Cost Exposure | High Delay Risk | Flexible → Conservative Loading,Discount / Spot Pricing
DEL-FRA,2026-02-09,205.81819199341825,0.9309999849508984,2394,144.07273439539276,0.060180757892812346,2249.9272656046073,Conservative Loading,Stable | High Fixed Cost Exposure | High Delay Risk | Flexible → Conservative Loading,Discount / Spot Pricing
DEL-FRA,2026-02-10,159.48392210526043,0.990447946038364,2394,111.63874547368229,0.046632725761772055,2282.3612545263177,Conservative Loading,Stable | High Fixed Cost Exposure | High Delay Risk | Flexible → Conservative Loading,Discount / Spot Pricing
DEL-FRA,2026-02-11,285.3670190718387,0.7420403687559448,2394,199.75691335028708,0.08344064885141482,2194.243086649713,Conservative Loading,Volatile | High Fixed Cost Exposure | High Delay Risk | Flexible → Conservative Loading,Discount / Spot Pricing
DEL-FRA,2026-02-12,251.29293605274364,0.8189035724303495,2394,175.90505523692053,0.07347746668208878,2218.0949447630796,Conservative Loading,Stable | High Fixed Cost Exposure | High Delay Risk | Flexible → Conservative Loading,Discount / Spot Pricing
DEL-FRA,2026-02-13,131.51610249357486,0.8538163011778983,2394,92.0612717455024,0.03845500072911545,2301.9387282544976,Conservative Loading,Stable | High Fixed Cost Exposure | High Delay Risk | Flexible → Conservative Loading,Discount / Spot Pricing
DEL-FRA,2026-02-14,94.5910381334757,0.6627062933339241,2394,66.21372669343299,0.027658198284642017,2327.786273306567,Conservative Loading,Volatile | High Fixed Cost Exposure | High Delay Risk | Flexible → Conservative Loading,Discount / Spot Pricing
DEL-FRA,2026-02-15,230.617368286776,0.883690171202411,2394,161.4321578007432,0.06743197903122106,2232.567842199257,Conservative Loading,Stable | High Fixed Cost Exposure | High Delay Risk | Flexible → Conservative Loading,Discount / Spot Pricing
DEL-FRA,2026-02-16,1956.5015333666363,0.6122484287872112,2394,1369.5510733566452,0.5720764717446304,1024.4489266433548,Conservative Loading,Volatile | High Fixed Cost Exposure | High Delay Risk | Flexible → Conservative Loading,Discount / Spot Pricing
DEL-FRA,2026-02-17,271.843333352867,0.8183709652557477,2394,190.29033334700688,0.07948635478154005,2203.7096666529933,Conservative Loading,Stable | High Fixed Cost Exposure | High Delay Risk | Flexible → Conservative Loading,Discount / Spot Pricing
DEL-FRA,2026-02-18,221.633997048072,0.9104951755703862,2394,155.14379793365038,0.06480526229475789,2238.8562020663494,Conservative Loading,Stable | High Fixed Cost Exposure | High Delay Risk | Flexible → Conservative Loading,Discount / Spot Pricing
DEL-FRA,2026-02-19,98.46657422189332,0.678709928457192,2394,68.92660195532532,0.028791395971313836,2325.073398044675,Conservative Loading,Volatile | High Fixed Cost Exposure | High Delay Risk | Flexible → Conservative Loading,Discount / Spot Pricing
DEL-FRA,2026-02-20,34.47380899235128,0.3202264695026207,2394,24.131666294645896,0.010080061108874643,2369.868333705354,Conservative Loading,Volatile | High Fixed Cost Exposure | High Delay Risk | Flexible → Conservative Loading,Discount / Spot Pricing
DEL-FRA,2026-02-21,332.0652656431392,0.7052954278620093,2394,232.4456859501974,0.09709510691319859,2161.5543140498025,Conservative Loading,Volatile | High Fixed Cost Exposure | High Delay Risk | Flexible → Conservative Loading,Discount / Spot Pricing
DEL-FRA,2026-02-22,1603.4587061695363,0.8155097435786312,2394,1122.4210943186754,0.4688475749033732,1271.5789056813246,Conservative Loading,Stable | High Fixed Cost Exposure | High Delay Risk | Flexible → Conservative Loading,Discount / Spot Pricing
DEL-FRA,2026-02-23,40.05894187047448,0.2935384329415966,2394,28.041259309332133,0.011713140897799554,2365.958740690668,Conservative Loading,Volatile | High Fixed Cost Exposure | High Delay Risk | Flexible → Conservative Loading,Discount / Spot Pricing
DEL-FRA,2026-02-24,128.2651529284953,0.8334216888974696,2394,89.7856070499467,0.03750443068084658,2304.2143929500535,Conservative Loading,Stable | High Fixed Cost Exposure | High Delay Risk | Flexible → Conservative Loading,Discount / Spot Pricing
DEL-FRA,2026-02-25,403.5187201363517,0.6638323955750423,2394,282.46310409544617,0.11798792986443031,2111.5368959045536,Conservative Loading,Volatile | High Fixed Cost Exposure | High Delay Risk | Flexible → Conservative Loading,Discount / Spot Pricing
DEL-FRA,2026-02-26,145.84488338136953,0.8758849600318945,2394,102.09141836695866,0.042644702743090505,2291.908581633041,Conservative Loading,Stable | High Fixed Cost Exposure | High Delay Risk | Flexible → Conservative Loading,Discount / Spot Pricing
DEL-FRA,2026-02-27,247.16918983230545,0.7825121605306743,2394,173.0184328826138,0.07227169293342264,2220.981567117386,Conservative Loading,Stable | High Fixed Cost Exposure | High Delay Risk | Flexible → Conservative Loading,Discount / Spot Pricing
DEL-FRA,2026-02-28,186.7320524671381,0.9726974479736904,2394,130.71243672699666,0.054600015341268446,2263.2875632730033,Conservative Loading,Stable | High Fixed Cost Exposure | High Delay Risk | Flexible → Conservative Loading,Discount / Spot Pricing
DEL-FRA,2026-03-01,407.3458112589213,0.6630632220644374,2394,285.1420678812449,0.11910696235640973,2108.8579321187553,Conservative Loading,Volatile | High Fixed Cost Exposure | High Delay Risk | Flexible → Conservative Loading,Discount / Spot Pricing
DEL-FRA,2026-01-01,293.2778284375482,0.804893659864691,2394,205.29447990628373,0.08575375100513105,2188.705520093716,Conservative Loading,Stable | High Fixed Cost Exposure | High Delay Risk | Flexible → Conservative Loading,Discount / Spot Pricing
DEL-FRA,2026-01-02,246.1047434687088,0.7933914132711258,2394,172.27332042809616,0.07196045130664,2221.726679571904,Conservative Loading,Stable | High Fixed Cost Exposure | High Delay Risk | Flexible → Conservative Loading,Discount / Spot Pricing
DEL-FRA,2026-01-03,11.03895018506762,0.0927572649672286,2394,7.727265129547333,0.0032277632120080754,2386.2727348704525,Conservative Loading,Volatile | High Fixed Cost Exposure | High Delay Risk | Flexible → Conservative Loading,Discount / Spot Pricing
DEL-FRA,2026-01-04,364.9493092319173,0.5611019413126166,2394,255.4645164623421,0.10671032433681792,2138.535483537658,Conservative Loading,Volatile | High Fixed Cost Exposure | High Delay Risk | Flexible → Conservative Loading,Discount / Spot Pricing
DEL-FRA,2026-01-05,233.78323443042532,0.9046010671263648,2394,163.6482641012977,0.06835767088608927,2230.3517358987024,Conservative Loading,Stable | High Fixed Cost Exposure | High Delay Risk | Flexible → Conservative Loading,Discount / Spot Pricing
DEL-FRA,2026-01-06,1038.475141223733,0.8652757659237721,2394,726.9325988566131,0.30364770211220266,1667.0674011433869,Conservative Loading,Stable | High Fixed Cost Exposure | High Delay Risk | Flexible → Conservative Loading,Discount / Spot Pricing
DEL-FRA,2026-01-07,32.76625269606524,0.287278552149158,2394,22.936376887245665,0.009580775642124338,2371.063623112754,Conservative Loading,Volatile | High Fixed Cost Exposure | High Delay Risk | Flexible → Conservative Loading,Discount / Spot Pricing
DEL-FRA,2026-01-08,90.95693109963128,0.6574097354236913,2394,63.66985176974189,0.026595593888781074,2330.330148230258,Conservative Loading,Volatile | High Fixed Cost Exposure | High Delay Risk | Flexible → Conservative Loading,Discount / Spot Pricing
DEL-FRA,2026-01-09,211.55006547643683,0.9241523025457948,2394,148.08504583350577,0.06185674429135579,2245.914954166494,Conservative Loading,Stable | High Fixed Cost Exposure | High Delay Risk | Flexible → Conservative Loading,Discount / Spot Pricing
DEL-FRA,2026-01-10,181.8210345421577,0.9836113151386776,2394,127.27472417951037,0.0531640451877654,2266.7252758204895,Conservative Loading,Stable | High Fixed Cost Exposure | High Delay Risk | Flexible → Conservative Loading,Discount / Spot Pricing
DEL-FRA,2026-01-11,198.2692297678057,0.8851623699607983,2394,138.788460837464,0.05797345899643441,2255.211539162536,Conservative Loading,Stable | High Fixed Cost Exposure | High Delay Risk | Flexible → Conservative Loading,Discount / Spot Pricing
DEL-FRA,2026-01-12,167.17452673836823,0.9411376528708236,2394,117.02216871685775,0.048881440566774334,2276.977831283142,Conservative Loading,Stable | High Fixed Cost Exposure | High Delay Risk | Flexible → Conservative Loading,Discount / Spot Pricing
DEL-FRA,2026-01-13,290.2213869424385,0.7139634669053763,2394,203.15497085970696,0.08486005466153174,2190.8450291402933,Conservative Loading,Volatile | High Fixed Cost Exposure | High Delay Risk | Flexible → Conservative Loading,Discount / Spot Pricing
DEL-FRA,2026-01-14,384.7496614089603,0.6940533609523036,2394,269.3247629862722,0.11249990099677203,2124.675237013728,Conservative Loading,Volatile | High Fixed Cost Exposure | High Delay Risk | Flexible → Conservative Loading,Discount / Spot Pricing
DEL-FRA,2026-01-15,358.60569127454204,0.5822012403156147,2394,251.02398389217942,0.1048554652849538,2142.9760161078207,Conservative Loading,Volatile | High Fixed Cost Exposure | High Delay Risk | Flexible → Conservative Loading,Discount / Spot Pricing
DEL-FRA,2026-01-16,278.6320585124303,0.869488079558245,2394,195.0424409587012,0.0814713621381375,2198.9575590412987,Conservative Loading,Stable | High Fixed Cost Exposure | High Delay Risk | Flexible → Conservative Loading,Discount / Spot Pricing
DEL-FRA,2026-01-17,352.1312033813036,0.6330209709872088,2394,246.4918423669125,0.1029623401699718,2147.5081576330876,Conservative Loading,Volatile | High Fixed Cost Exposure | High Delay Risk | Flexible → Conservative Loading,Discount / Spot Pricing
DEL-FRA,2026-01-18,26.2360736796706,0.2280660308734313,2394,18.36525157576942,0.0076713665730031,2375.6347484242306,Conservative Loading,Volatile | High Fixed Cost Exposure | High Delay Risk | Flexible → Conservative Loading,Discount / Spot Pricing
DEL-FRA,2026-01-19,242.34333147137423,0.8978921179149154,2394,169.64033202996194,0.07086062323724392,2224.359667970038,Conservative Loading,Stable | High Fixed Cost Exposure | High Delay Risk | Flexible → Conservative Loading,Discount / Spot Pricing
DEL-FRA,2026-01-20,325.7672903462947,0.6334334156077686,2394,228.0371032424063,0.09525359366850722,2165.9628967575936,Conservative Loading,Volatile | High Fixed Cost Exposure | High Delay Risk | Flexible → Conservative Loading,Discount / Spot Pricing
DEL-FRA,2026-01-21,2301.9826103913524,0.7630964300665419,2394,1611.3878272739466,0.6730943305237872,782.6121727260534,Conservative Loading,Stable | High Fixed Cost Exposure | High Delay Risk | Flexible → Conservative Loading,Discount / Spot Pricing
DEL-FRA,2026-01-22,80.09600477506211,0.5382931601821794,2394,56.06720334254347,0.023419884437152663,2337.9327966574565,Conservative Loading,Volatile | High Fixed Cost Exposure | High Delay Risk | Flexible → Conservative Loading,Discount / Spot Pricing
DEL-FRA,2026-01-23,2051.7126708790825,0.9820333039625092,2394,1436.1988696153576,0.5999159856371585,957.8011303846424,Conservative Loading,Stable | High Fixed Cost Exposure | High Delay Risk | Flexible → Conservative Loading,Discount / Spot Pricing
DEL-FRA,2026-01-24,257.53524235148967,0.8418686387252728,2394,180.27466964604275,0.07530270244195604,2213.7253303539574,Conservative Loading,Stable | High Fixed Cost Exposure | High Delay Risk | Flexible → Conservative Loading,Discount / Spot Pricing
DEL-FRA,2026-01-25,41.7517861092507,0.3321287760744609,2394,29.22625027647549,0.012208124593348158,2364.7737497235244,Conservative Loading,Volatile | High Fixed Cost Exposure | High Delay Risk | Flexible → Conservative Loading,Discount / Spot Pricing
DEL-FRA,2026-01-26,27.18897051198252,0.2200093284809205,2394,19.032279358387765,0.007949991377772667,2374.9677206416122,Conservative Loading,Volatile | High Fixed Cost Exposure | High Delay Risk | Flexible → Conservative Loading,Discount / Spot Pricing
DEL-FRA,2026-01-27,350.87358050471533,0.6061356773734037,2394,245.6115063533007,0.10259461418266529,2148.3884936466993,Conservative Loading,Volatile | High Fixed Cost Exposure | High Delay Risk | Flexible → Conservative Loading,Discount / Spot Pricing
DEL-FRA,2026-01-28,327.5561360689672,0.6280441946649312,2394,229.28929524827703,0.09577664797338221,2164.710704751723,Conservative Loading,Volatile | High Fixed Cost Exposure | High Delay Risk | Flexible → Conservative Loading,Discount / Spot Pricing
DEL-FRA,2026-01-29,339.5713937971228,0.7408628734536316,2394,237.69997565798596,0.09928988122722888,2156.3000243420142,Conservative Loading,Volatile | High Fixed Cost Exposure | High Delay Risk | Flexible → Conservative Loading,Discount / Spot Pricing
DEL-FRA,2026-01-30,1443.571052777165,0.9987044361893342,2394,1010.4997369440155,0.4220967990576506,1383.5002630559845,Conservative Loading,Stable | High Fixed Cost Exposure | High Delay Risk | Flexible → Conservative Loading,Discount / Spot Pricing
DEL-FRA,2026-01-31,243.6780455353145,0.8754275124240861,2394,170.57463187472015,0.0712508905074019,2223.42536812528,Conservative Loading,Stable | High Fixed Cost Exposure | High Delay Risk | Flexible → Conservative Loading,Discount / Spot Pricing
DEL-FRA,2026-02-01,125.20524915817224,0.779183042989762,2394,87.64367441072056,0.036609721976073754,2306.3563255892795,Conservative Loading,Stable | High Fixed Cost Exposure | High Delay Risk | Flexible → Conservative Loading,Discount / Spot Pricing
DEL-FRA,2026-02-02,198.1459394909785,0.9206910454573874,2394,138.70215764368493,0.05793740920788844,2255.297842356315,Conservative Loading,Stable | High Fixed Cost Exposure | High Delay Risk | Flexible → Conservative Loading,Discount / Spot Pricing
DEL-FRA,2026-02-03,99.6744934553771,0.666742497069774,2394,69.77214541876397,0.029144588729642425,2324.227854581236,Conservative Loading,Volatile | High Fixed Cost Exposure | High Delay Risk | Flexible → Conservative Loading,Discount / Spot Pricing
DEL-FRA,2026-02-04,92.54957347576304,0.6503383779358642,2394,64.78470143303413,0.027061278794082762,2329.215298566966,Conservative Loading,Volatile | High Fixed Cost Exposure | High Delay Risk | Flexible → Conservative Loading,Discount / Spot Pricing
DEL-FRA,2026-02-05,105.86506758324674,0.7282542397386843,2394,74.10554730827272,0.03095469812375636,2319.894452691727,Conservative Loading,Volatile | High Fixed Cost Exposure | High Delay Risk | Flexible → Conservative Loading,Discount / Spot Pricing
DEL-FRA,2026-02-06,60.628590101823136,0.434020786454353,2394,42.44001307127619,0.01772765792450969,2351.559986928724,Conservative Loading,Volatile | High Fixed Cost Exposure | High Delay Risk | Flexible → Conservative Loading,Discount / Spot Pricing
DEL-FRA,2026-02-07,274.56677333412955,0.8080407436772016,2394,192.19674133389069,0.08028268226144139,2201.8032586661093,Conservative Loading,Stable | High Fixed Cost Exposure | High Delay Risk | Flexible → Conservative Loading,Discount / Spot Pricing
DEL-FRA,2026-02-08,367.26650287994784,0.561883286107524,2394,257.0865520159635,0.10738786633916604,2136.9134479840363,Conservative Loading,Volatile | High Fixed Cost Exposure | High Delay Risk | Flexible → Conservative Loading,Discount / Spot Pricing
DEL-FRA,2026-02-09,14.426546184291112,0.1233921360236166,2394,10.098582329003778,0.004218288357979857,2383.901417670996,Conservative Loading,Volatile | High Fixed Cost Exposure | High Delay Risk | Flexible → Conservative Loading,Discount / Spot Pricing
DEL-FRA,2026-02-10,318.09963534578054,0.6438981112926065,2394,222.66974474204636,0.09301158928239196,2171.3302552579535,Conservative Loading,Volatile | High Fixed Cost Exposure | High Delay Risk | Flexible → Conservative Loading,Discount / Spot Pricing
DEL-FRA,2026-02-11,343.6609770450796,0.7278923540684112,2394,240.5626839315557,0.10048566580265485,2153.4373160684445,Conservative Loading,Volatile | High Fixed Cost Exposure | High Delay Risk | Flexible → Conservative Loading,Discount / Spot Pricing
DEL-FRA,2026-02-12,244.61111744448868,0.9137473153702118,2394,171.22778221114206,0.07152371855102008,2222.772217788858,Conservative Loading,Stable | High Fixed Cost Exposure | High Delay Risk | Flexible → Conservative Loading,Discount / Spot Pricing
DEL-FRA,2026-02-13,219.50791718913317,0.8560060715704751,2394,153.6555420323932,0.0641836015172904,2240.344457967607,Conservative Loading,Stable | High Fixed Cost Exposure | High Delay Risk | Flexible → Conservative Loading,Discount / Spot Pricing
DEL-FRA,2026-02-14,752.7338115978969,0.9606159531166109,2394,526.9136681185278,0.22009760573037918,1867.0863318814722,Conservative Loading,Stable | High Fixed Cost Exposure | High Delay Risk | Flexible → Conservative Loading,Discount / Spot Pricing
DEL-FRA,2026-02-15,206.2131546470204,0.955754697057414,2394,144.34920825291425,0.060296244048836364,2249.650791747086,Conservative Loading,Stable | High Fixed Cost Exposure | High Delay Risk | Flexible → Conservative Loading,Discount / Spot Pricing
DEL-FRA,2026-02-16,193.41571437537655,0.9931298734392914,2394,135.39100006276357,0.056554302448940504,2258.6089999372366,Conservative Loading,Stable | High Fixed Cost Exposure | High Delay Risk | Flexible → Conservative Loading,Discount / Spot Pricing
DEL-FRA,2026-02-17,172.76431958494226,0.8726828128164383,2394,120.93502370945957,0.050515882919573755,2273.0649762905405,Conservative Loading,Stable | High Fixed Cost Exposure | High Delay Risk | Flexible → Conservative Loading,Discount / Spot Pricing
DEL-FRA,2026-02-18,105.14382927324584,0.7119318118379567,2394,73.60068049127209,0.03074380972901925,2320.399319508728,Conservative Loading,Volatile | High Fixed Cost Exposure | High Delay Risk | Flexible → Conservative Loading,Discount / Spot Pricing
DEL-FRA,2026-02-19,163.24721797638148,0.9755517629175072,2394,114.27305258346702,0.04773310467145657,2279.7269474165328,Conservative Loading,Stable | High Fixed Cost Exposure | High Delay Risk | Flexible → Conservative Loading,Discount / Spot Pricing
DEL-FRA,2026-02-20,370.29427120484826,0.5859032401380371,2394,259.20598984339375,0.1082731787148679,2134.7940101566064,Conservative Loading,Volatile | High Fixed Cost Exposure | High Delay Risk | Flexible → Conservative Loading,Discount / Spot Pricing
DEL-FRA,2026-02-21,1883.9432550534584,0.70966465477914,2394,1318.7602785374208,0.5508606008928241,1075.2397214625792,Conservative Loading,Volatile | High Fixed Cost Exposure | High Delay Risk | Flexible → Conservative Loading,Discount / Spot Pricing
DEL-FRA,2026-02-22,103.54891243928728,0.7143082728812047,2394,72.48423870750109,0.03027745977756938,2321.515761292499,Conservative Loading,Volatile | High Fixed Cost Exposure | High Delay Risk | Flexible → Conservative Loading,Discount / Spot Pricing
DEL-FRA,2026-02-23,214.01513945630205,0.9461542205364416,2394,149.81059761941142,0.06257752615681346,2244.1894023805885,Conservative Loading,Stable | High Fixed Cost Exposure | High Delay Risk | Flexible → Conservative Loading,Discount / Spot Pricing
DEL-FRA,2026-02-24,403.0886606121473,0.6312888313256058,2394,282.1620624285031,0.11786218146554013,2111.8379375714967,Conservative Loading,Volatile | High Fixed Cost Exposure | High Delay Risk | Flexible → Conservative Loading,Discount / Spot Pricing
DEL-FRA,2026-02-25,349.2406293307518,0.7369548765899103,2394,244.46844053152626,0.1021171430791672,2149.531559468474,Conservative Loading,Volatile | High Fixed Cost Exposure | High Delay Risk | Flexible → Conservative Loading,Discount / Spot Pricing
DEL-FRA,2026-02-26,28.506912849546666,0.2401619606392026,2394,19.954838994682664,0.008335354634370368,2374.0451610053174,Conservative Loading,Volatile | High Fixed Cost Exposure | High Delay Risk | Flexible → Conservative Loading,Discount / Spot Pricing
DEL-FRA,2026-02-27,99.23976615863523,0.6279694739375976,2394,69.46783631104466,0.029017475484981063,2324.5321636889553,Conservative Loading,Volatile | High Fixed Cost Exposure | High Delay Risk | Flexible → Conservative Loading,Discount / Spot Pricing
DEL-FRA,2026-02-28,74.31875655165595,0.5496711360996676,2394,52.023129586159165,0.021730630570659635,2341.976870413841,Conservative Loading,Volatile | High Fixed Cost Exposure | High Delay Risk | Flexible → Conservative Loading,Discount / Spot Pricing
DEL-FRA,2026-03-01,216.06847866648636,0.954992304761436,2394,151.24793506654044,0.0631779177387387,2242.7520649334597,Conservative Loading,Stable | High Fixed Cost Exposure | High Delay Risk | Flexible → Conservative Loading,Discount / Spot Pricing
DEL-FRA,2026-01-01,1156.6962041973763,0.9776149552873844,2394,809.6873429381634,0.3382152643851977,1584.3126570618365,Conservative Loading,Stable | High Fixed Cost Exposure | High Delay Risk | Flexible → Conservative Loading,Discount / Spot Pricing
DEL-FRA,2026-01-02,1221.377125720201,0.8461266480287541,2394,854.9639880041407,0.35712781453807046,1539.0360119958593,Conservative Loading,Stable | High Fixed Cost Exposure | High Delay Risk | Flexible → Conservative Loading,Discount / Spot Pricing
DEL-FRA,2026-01-03,1910.8963622513347,0.9760015463605132,2394,1337.6274535759342,0.5587416263892792,1056.3725464240658,Conservative Loading,Stable | High Fixed Cost Exposure | High Delay Risk | Flexible → Conservative Loading,Discount / Spot Pricing
DEL-FRA,2026-01-04,-29.390959056003965,0.0,2394,-20.573671339202775,0.0,2414.573671339203,Conservative Loading,Volatile | High Fixed Cost Exposure | High Delay Risk | Flexible → Conservative Loading,Discount / Spot Pricing
DEL-FRA,2026-01-05,97.59531805420744,0.6632438792706539,2394,68.3167226379452,0.028536642705908607,2325.683277362055,Conservative Loading,Volatile | High Fixed Cost Exposure | High Delay Risk | Flexible → Conservative Loading,Discount / Spot Pricing
DEL-FRA,2026-01-06,1649.6673272140604,0.4208069257042472,2394,1154.7671290498422,0.48235886760645036,1239.2328709501578,Conservative Loading,Volatile | High Fixed Cost Exposure | High Delay Risk | Flexible → Conservative Loading,Discount / Spot Pricing
DEL-FRA,2026-01-07,-28.861921679035675,0.0,2394,-20.20334517532497,0.0,2414.203345175325,Conservative Loading,Volatile | High Fixed Cost Exposure | High Delay Risk | Flexible → Conservative Loading,Discount / Spot Pricing
DEL-FRA,2026-01-08,180.2727161376504,0.995923785942353,2394,126.19090129635528,0.05271132050808491,2267.809098703645,Conservative Loading,Stable | High Fixed Cost Exposure | High Delay Risk | Flexible → Conservative Loading,Discount / Spot Pricing
DEL-FRA,2026-01-09,173.76535247318373,0.9761360518733424,2394,121.6357467312286,0.05080858259449816,2272.3642532687713,Conservative Loading,Stable | High Fixed Cost Exposure | High Delay Risk | Flexible → Conservative Loading,Discount / Spot Pricing
DEL-FRA,2026-01-10,-82.75952278814262,0.0,2394,-57.93166595169983,0.0,2451.9316659517,Conservative Loading,Volatile | High Fixed Cost Exposure | High Delay Risk | Flexible → Conservative Loading,Discount / Spot Pricing
DEL-FRA,2026-01-11,34.62501551769378,0.2943405084241528,2394,24.237510862385648,0.010124273543185316,2369.7624891376145,Conservative Loading,Volatile | High Fixed Cost Exposure | High Delay Risk | Flexible → Conservative Loading,Discount / Spot Pricing
DEL-FRA,2026-01-12,217.1550962713598,0.92155707936562,2394,152.00856738995185,0.06349564218460813,2241.991432610048,Conservative Loading,Stable | High Fixed Cost Exposure | High Delay Risk | Flexible → Conservative Loading,Discount / Spot Pricing
DEL-FRA,2026-01-13,230.9500074613066,0.8339812023567026,2394,161.6650052229146,0.06752924194775047,2232.3349947770853,Conservative Loading,Stable | High Fixed Cost Exposure | High Delay Risk | Flexible → Conservative Loading,Discount / Spot Pricing
DEL-FRA,2026-01-14,60.21973301935083,0.4767591530921736,2394,42.153813113545574,0.017608109069985618,2351.8461868864542,Conservative Loading,Volatile | High Fixed Cost Exposure | High Delay Risk | Flexible → Conservative Loading,Discount / Spot Pricing
DEL-FRA,2026-01-15,6.934976506858277,0.0607360193308283,2394,4.854483554800794,0.0020277709084380925,2389.145516445199,Conservative Loading,Volatile | High Fixed Cost Exposure | High Delay Risk | Flexible → Conservative Loading,Discount / Spot Pricing
DEL-FRA,2026-01-16,-24.54089781716766,0.0,2394,-17.178628472017362,0.0,2411.1786284720174,Conservative Loading,Volatile | High Fixed Cost Exposure | High Delay Risk | Flexible → Conservative Loading,Discount / Spot Pricing
DEL-FRA,2026-01-17,-97.68009132694952,0.0,2394,-68.37606392886467,0.0,2462.376063928865,Conservative Loading,Volatile | High Fixed Cost Exposure | High Delay Risk | Flexible → Conservative Loading,Discount / Spot Pricing
DEL-FRA,2026-01-18,-66.69720375333299,0.0,2394,-46.68804262733309,0.0,2440.6880426273333,Conservative Loading,Volatile | High Fixed Cost Exposure | High Delay Risk | Flexible → Conservative Loading,Discount / Spot Pricing
DEL-FRA,2026-01-19,-33.11669798673557,0.0,2394,-23.1816885907149,0.0,2417.181688590715,Conservative Loading,Volatile | High Fixed Cost Exposure | High Delay Risk | Flexible → Conservative Loading,Discount / Spot Pricing
DEL-FRA,2026-01-20,110.61542187777296,0.7789449722807593,2394,77.43079531444107,0.03234369060753595,2316.569204685559,Conservative Loading,Stable | High Fixed Cost Exposure | High Delay Risk | Flexible → Conservative Loading,Discount / Spot Pricing
DEL-FRA,2026-01-21,267.0161058941473,0.7699677830407194,2394,186.9112741259031,0.07807488476437055,2207.088725874097,Conservative Loading,Stable | High Fixed Cost Exposure | High Delay Risk | Flexible → Conservative Loading,Discount / Spot Pricing
DEL-FRA,2026-01-22,119.16396778789004,0.7379242235131,2394,83.41477745152302,0.034843265435055566,2310.585222548477,Conservative Loading,Volatile | High Fixed Cost Exposure | High Delay Risk | Flexible → Conservative Loading,Discount / Spot Pricing
DEL-FRA,2026-01-23,131.009792356133,0.774600985249549,2394,91.70685464929309,0.03830695682927865,2302.2931453507067,Conservative Loading,Stable | High Fixed Cost Exposure | High Delay Risk | Flexible → Conservative Loading,Discount / Spot Pricing
DEL-FRA,2026-01-24,896.2773005826668,0.7737656006866559,2394,627.3941104078667,0.2620693861352827,1766.6058895921333,Conservative Loading,Stable | High Fixed Cost Exposure | High Delay Risk | Flexible → Conservative Loading,Discount / Spot Pricing
DEL-FRA,2026-01-25,-39.6284287821947,0.0,2394,-27.73990014753629,0.0,2421.7399001475364,Conservative Loading,Volatile | High Fixed Cost Exposure | High Delay Risk | Flexible → Conservative Loading,Discount / Spot Pricing
DEL-FRA,2026-01-26,949.1680877311668,0.317484739612572,2394,664.4176614118168,0.27753452857636457,1729.5823385881831,Conservative Loading,Volatile | High Fixed Cost Exposure | High Delay Risk | Flexible → Conservative Loading,Discount / Spot Pricing
DEL-FRA,2026-01-27,121.46096973759956,0.7559106283857867,2394,85.02267881631968,0.03551490343204665,2308.9773211836805,Conservative Loading,Stable | High Fixed Cost Exposure | High Delay Risk | Flexible → Conservative Loading,Discount / Spot Pricing
DEL-FRA,2026-01-28,-48.2208730582218,0.0,2394,-33.75461114075526,0.0,2427.754611140755,Conservative Loading,Volatile | High Fixed Cost Exposure | High Delay Risk | Flexible → Conservative Loading,Discount / Spot Pricing
DEL-FRA,2026-01-29,192.3267580548108,0.9780724686253632,2394,134.62873063836756,0.056235894168073335,2259.3712693616326,Conservative Loading,Stable | High Fixed Cost Exposure | High Delay Risk | Flexible → Conservative Loading,Discount / Spot Pricing
DEL-FRA,2026-01-30,-81.0143123586233,0.0,2394,-56.71001865103631,0.0,2450.710018651036,Conservative Loading,Volatile | High Fixed Cost Exposure | High Delay Risk | Flexible → Conservative Loading,Discount / Spot Pricing
DEL-FRA,2026-01-31,72.01317048218112,0.5036627127913171,2394,50.409219337526785,0.021056482597128983,2343.590780662473,Conservative Loading,Volatile | High Fixed Cost Exposure | High Delay Risk | Flexible → Conservative Loading,Discount / Spot Pricing
DEL-FRA,2026-02-01,1792.325319848208,0.4558104948459057,2394,1254.6277238937455,0.5240717309497683,1139.3722761062545,Conservative Loading,Volatile | High Fixed Cost Exposure | High Delay Risk | Flexible → Conservative Loading,Discount / Spot Pricing
DEL-FRA,2026-02-02,188.55278187099597,0.9811592848972808,2394,131.98694730969717,0.05513239235994034,2262.0130526903026,Conservative Loading,Stable | High Fixed Cost Exposure | High Delay Risk | Flexible → Conservative Loading,Discount / Spot Pricing
DEL-FRA,2026-02-03,99.621239393162,0.649632451976101,2394,69.7348675752134,0.029129017366421636,2324.2651324247868,Conservative Loading,Volatile | High Fixed Cost Exposure | High Delay Risk | Flexible → Conservative Loading,Discount / Spot Pricing
DEL-FRA,2026-02-04,244.90596308568257,0.7830234799011248,2394,171.4341741599778,0.07160993072680777,2222.565825840022,Conservative Loading,Stable | High Fixed Cost Exposure | High Delay Risk | Flexible → Conservative Loading,Discount / Spot Pricing
DEL-FRA,2026-02-05,167.0071331446331,0.9186496107192664,2394,116.90499320124316,0.04883249507153014,2277.095006798757,Conservative Loading,Stable | High Fixed Cost Exposure | High Delay Risk | Flexible → Conservative Loading,Discount / Spot Pricing
DEL-FRA,2026-02-06,-61.42150509346988,0.0,2394,-42.99505356542892,0.0,2436.995053565429,Conservative Loading,Volatile | High Fixed Cost Exposure | High Delay Risk | Flexible → Conservative Loading,Discount / Spot Pricing
DEL-FRA,2026-02-07,144.49291111094766,0.8773993320959899,2394,101.14503777766336,0.04224938921372739,2292.854962222337,Conservative Loading,Stable | High Fixed Cost Exposure | High Delay Risk | Flexible → Conservative Loading,Discount / Spot Pricing
DEL-FRA,2026-02-08,351.8644470247944,0.6746861086027464,2394,246.30511291735607,0.10288434123531999,2147.694887082644,Conservative Loading,Volatile | High Fixed Cost Exposure | High Delay Risk | Flexible → Conservative Loading,Discount / Spot Pricing
DEL-FRA,2026-02-09,163.17060388109826,0.9316603041567628,2394,114.21942271676878,0.04771070288921001,2279.780577283231,Conservative Loading,Stable | High Fixed Cost Exposure | High Delay Risk | Flexible → Conservative Loading,Discount / Spot Pricing
DEL-FRA,2026-02-10,108.94779397204184,0.6418342254410058,2394,76.26345578042928,0.031856080108784164,2317.7365442195705,Conservative Loading,Volatile | High Fixed Cost Exposure | High Delay Risk | Flexible → Conservative Loading,Discount / Spot Pricing
DEL-FRA,2026-02-11,159.72401128227443,0.9661387163503734,2394,111.8068078975921,0.046702927275518835,2282.193192102408,Conservative Loading,Stable | High Fixed Cost Exposure | High Delay Risk | Flexible → Conservative Loading,Discount / Spot Pricing
DEL-FRA,2026-02-12,1905.06718537531,0.936306289576036,2394,1333.5470297627169,0.557037188706231,1060.4529702372831,Conservative Loading,Stable | High Fixed Cost Exposure | High Delay Risk | Flexible → Conservative Loading,Discount / Spot Pricing
DEL-FRA,2026-02-13,125.93156482301195,0.8623932343420089,2394,88.15209537610836,0.036822094977488874,2305.8479046238917,Conservative Loading,Stable | High Fixed Cost Exposure | High Delay Risk | Flexible → Conservative Loading,Discount / Spot Pricing
DEL-FRA,2026-02-14,234.50832178786044,0.8212151097808158,2394,164.1558252515023,0.06856968473329253,2229.8441747484976,Conservative Loading,Stable | High Fixed Cost Exposure | High Delay Risk | Flexible → Conservative Loading,Discount / Spot Pricing
DEL-FRA,2026-02-15,-0.3492076312118115,0.0,2394,-0.24444534184826802,0.0,2394.2444453418484,Conservative Loading,Volatile | High Fixed Cost Exposure | High Delay Risk | Flexible → Conservative Loading,Discount / Spot Pricing
DEL-FRA,2026-02-16,-58.16877825613994,0.0,2394,-40.71814477929795,0.0,2434.7181447792977,Conservative Loading,Volatile | High Fixed Cost Exposure | High Delay Risk | Flexible → Conservative Loading,Discount / Spot Pricing
DEL-FRA,2026-02-17,60.27066290256187,0.4748987653799099,2394,42.18946403179331,0.0176230008487023,2351.8105359682068,Conservative Loading,Volatile | High Fixed Cost Exposure | High Delay Risk | Flexible → Conservative Loading,Discount / Spot Pricing
DEL-FRA,2026-02-18,-55.05712987051373,0.0,2394,-38.53999090935961,0.0,2432.5399909093594,Conservative Loading,Volatile | High Fixed Cost Exposure | High Delay Risk | Flexible → Conservative Loading,Discount / Spot Pricing
DEL-FRA,2026-02-19,144.8145195198215,0.8521266059955989,2394,101.37016366387503,0.04234342676018172,2292.6298363361248,Conservative Loading,Stable | High Fixed Cost Exposure | High Delay Risk | Flexible → Conservative Loading,Discount / Spot Pricing
DEL-FRA,2026-02-20,164.43736534625333,0.9873739454220072,2394,115.10615574237733,0.048081100978436646,2278.8938442576227,Conservative Loading,Stable | High Fixed Cost Exposure | High Delay Risk | Flexible → Conservative Loading,Discount / Spot Pricing
DEL-FRA,2026-02-21,95.41633068287804,0.6443298193200948,2394,66.79143147801463,0.027899511895578374,2327.2085685219854,Conservative Loading,Volatile | High Fixed Cost Exposure | High Delay Risk | Flexible → Conservative Loading,Discount / Spot Pricing
DEL-FRA,2026-02-22,169.447302528261,0.9673553769463542,2394,118.61311176978269,0.04954599489130438,2275.386888230217,Conservative Loading,Stable | High Fixed Cost Exposure | High Delay Risk | Flexible → Conservative Loading,Discount / Spot Pricing
DEL-FRA,2026-02-23,-83.16946110878237,0.0,2394,-58.218622776147654,0.0,2452.2186227761476,Conservative Loading,Volatile | High Fixed Cost Exposure | High Delay Risk | Flexible → Conservative Loading,Discount / Spot Pricing
DEL-FRA,2026-02-24,70.17263986399831,0.4564787562505583,2394,49.120847904798815,0.020518315749707108,2344.8791520952013,Conservative Loading,Volatile | High Fixed Cost Exposure | High Delay Risk | Flexible → Conservative Loading,Discount / Spot Pricing
DEL-FRA,2026-02-25,72.37663909384975,0.507180299652427,2394,50.66364736569482,0.021162759968961914,2343.336352634305,Conservative Loading,Volatile | High Fixed Cost Exposure | High Delay Risk | Flexible → Conservative Loading,Discount / Spot Pricing
DEL-FRA,2026-02-26,-67.1470921081268,0.0,2394,-47.002964475688756,0.0,2441.0029644756887,Conservative Loading,Volatile | High Fixed Cost Exposure | High Delay Risk | Flexible → Conservative Loading,Discount / Spot Pricing
DEL-FRA,2026-02-27,71.56583705948424,0.5199449424538316,2394,50.09608594163896,0.020925683350726382,2343.903914058361,Conservative Loading,Volatile | High Fixed Cost Exposure | High Delay Risk | Flexible → Conservative Loading,Discount / Spot Pricing
DEL-FRA,2026-02-28,1525.3767347040225,0.6076968842570327,2394,1067.7637142928156,0.44601658909474334,1326.2362857071844,Conservative Loading,Volatile | High Fixed Cost Exposure | High Delay Risk | Flexible → Conservative Loading,Discount / Spot Pricing
DEL-FRA,2026-03-01,-21.16225272786892,0.0,2394,-14.813576909508244,0.0,2408.8135769095084,Conservative Loading,Volatile | High Fixed Cost Exposure | High Delay Risk | Flexible → Conservative Loading,Discount / Spot Pricing
DEL-FRA,2026-01-01,316.2631878803149,0.6472070316297592,2394,221.3842315162204,0.09247461633927336,2172.6157684837794,Conservative Loading,Volatile | High Fixed Cost Exposure | High Delay Risk | Flexible → Conservative Loading,Discount / Spot Pricing
DEL-FRA,2026-01-02,106.882760437203,0.7046996957405303,2394,74.8179323060421,0.03125226913368508,2319.182067693958,Conservative Loading,Volatile | High Fixed Cost Exposure | High Delay Risk | Flexible → Conservative Loading,Discount / Spot Pricing
DEL-FRA,2026-01-03,225.9363963140102,0.9000389663057422,2394,158.15547741980714,0.06606327377602637,2235.844522580193,Conservative Loading,Stable | High Fixed Cost Exposure | High Delay Risk | Flexible → Conservative Loading,Discount / Spot Pricing
DEL-FRA,2026-01-04,284.0753053929788,0.8295446172241161,2394,198.85271377508516,0.08306295479326865,2195.1472862249148,Conservative Loading,Stable | High Fixed Cost Exposure | High Delay Risk | Flexible → Conservative Loading,Discount / Spot Pricing
DEL-FRA,2026-01-05,125.80437369511692,0.8347431710199673,2394,88.06306158658184,0.03678490458921547,2305.9369384134184,Conservative Loading,Stable | High Fixed Cost Exposure | High Delay Risk | Flexible → Conservative Loading,Discount / Spot Pricing
DEL-FRA,2026-01-06,1762.2335203130965,0.9373487696675932,2394,1233.5634642191674,0.5152729591558761,1160.4365357808326,Conservative Loading,Stable | High Fixed Cost Exposure | High Delay Risk | Flexible → Conservative Loading,Discount / Spot Pricing
DEL-FRA,2026-01-07,1198.5989633473184,0.8145928745141742,2394,839.0192743431229,0.3504675331424908,1554.980725656877,Conservative Loading,Stable | High Fixed Cost Exposure | High Delay Risk | Flexible → Conservative Loading,Discount / Spot Pricing
DEL-FRA,2026-01-08,37.66033513988771,0.310801464869132,2394,26.362234597921393,0.01101179390055196,2367.6377654020785,Conservative Loading,Volatile | High Fixed Cost Exposure | High Delay Risk | Flexible → Conservative Loading,Discount / Spot Pricing
DEL-FRA,2026-01-09,219.93528306536024,0.999579159722562,2394,153.95469814575216,0.06430856229981294,2240.045301854248,Conservative Loading,Stable | High Fixed Cost Exposure | High Delay Risk | Flexible → Conservative Loading,Discount / Spot Pricing
DEL-FRA,2026-01-10,22.39391944667983,0.1826622276087898,2394,15.67574361267588,0.00654792966277188,2378.324256387324,Conservative Loading,Volatile | High Fixed Cost Exposure | High Delay Risk | Flexible → Conservative Loading,Discount / Spot Pricing
DEL-FRA,2026-01-11,195.00028942088807,0.9152349223461396,2394,136.50020259462164,0.057017628485639786,2257.4997974053786,Conservative Loading,Stable | High Fixed Cost Exposure | High Delay Risk | Flexible → Conservative Loading,Discount / Spot Pricing
DEL-FRA,2026-01-12,43.93334651002232,0.3284551202965681,2394,30.75334255701562,0.012846007751468514,2363.2466574429845,Conservative Loading,Volatile | High Fixed Cost Exposure | High Delay Risk | Flexible → Conservative Loading,Discount / Spot Pricing
DEL-FRA,2026-01-13,56.06096155237452,0.381086806793401,2394,39.242673086662165,0.01639209402116214,2354.7573269133377,Conservative Loading,Volatile | High Fixed Cost Exposure | High Delay Risk | Flexible → Conservative Loading,Discount / Spot Pricing
DEL-FRA,2026-01-14,157.25529120589033,0.8558434803817284,2394,110.07870384412323,0.045981079299967934,2283.921296155877,Conservative Loading,Stable | High Fixed Cost Exposure | High Delay Risk | Flexible → Conservative Loading,Discount / Spot Pricing
DEL-FRA,2026-01-15,-17.604200327491526,0.0,2394,-12.322940229244068,0.0,2406.322940229244,Conservative Loading,Volatile | High Fixed Cost Exposure | High Delay Risk | Flexible → Conservative Loading,Discount / Spot Pricing
DEL-FRA,2026-01-16,161.9885206705885,0.9504827193462736,2394,113.39196446941195,0.047365064523563885,2280.608035530588,Conservative Loading,Stable | High Fixed Cost Exposure | High Delay Risk | Flexible → Conservative Loading,Discount / Spot Pricing
DEL-FRA,2026-01-17,128.74241250049988,0.7452935419678525,2394,90.11968875034991,0.03764398026330405,2303.8803112496503,Conservative Loading,Volatile | High Fixed Cost Exposure | High Delay Risk | Flexible → Conservative Loading,Discount / Spot Pricing
DEL-FRA,2026-01-18,164.35881276308965,0.968516297959829,2394,115.05116893416275,0.04805813238686831,2278.948831065837,Conservative Loading,Stable | High Fixed Cost Exposure | High Delay Risk | Flexible → Conservative Loading,Discount / Spot Pricing
DEL-FRA,2026-01-19,63.77115964713079,0.4583342481739237,2394,44.63981175299155,0.018646537908517773,2349.3601882470084,Conservative Loading,Volatile | High Fixed Cost Exposure | High Delay Risk | Flexible → Conservative Loading,Discount / Spot Pricing
DEL-FRA,2026-01-20,290.41317214429097,0.8085744000653791,2394,203.28922050100365,0.08491613220593303,2190.7107794989965,Conservative Loading,Stable | High Fixed Cost Exposure | High Delay Risk | Flexible → Conservative Loading,Discount / Spot Pricing
DEL-FRA,2026-01-21,153.19178049147934,0.9505408026326048,2394,107.23424634403553,0.04479291827236238,2286.7657536559645,Conservative Loading,Stable | High Fixed Cost Exposure | High Delay Risk | Flexible → Conservative Loading,Discount / Spot Pricing
DEL-FRA,2026-01-22,1937.141205287622,0.5603260768183957,2394,1355.9988437013353,0.5664155571016438,1038.0011562986647,Conservative Loading,Volatile | High Fixed Cost Exposure | High Delay Risk | Flexible → Conservative Loading,Discount / Spot Pricing
DEL-FRA,2026-01-23,99.59466299958746,0.7941512326382592,2394,69.71626409971121,0.02912124649110744,2324.283735900289,Conservative Loading,Stable | High Fixed Cost Exposure | High Delay Risk | Flexible → Conservative Loading,Discount / Spot Pricing
DEL-FRA,2026-01-24,17.539688169050578,0.1566600343214864,2394,12.277781718335405,0.005128563792120052,2381.7222182816645,Conservative Loading,Volatile | High Fixed Cost Exposure | High Delay Risk | Flexible → Conservative Loading,Discount / Spot Pricing
DEL-FRA,2026-01-25,25.92731498147253,0.2165826563465969,2394,18.14912048703077,0.007581086251892553,2375.850879512969,Conservative Loading,Volatile | High Fixed Cost Exposure | High Delay Risk | Flexible → Conservative Loading,Discount / Spot Pricing
DEL-FRA,2026-01-26,64.69644042557775,0.5077199919194317,2394,45.287508297904424,0.018917087843736184,2348.7124917020956,Conservative Loading,Volatile | High Fixed Cost Exposure | High Delay Risk | Flexible → Conservative Loading,Discount / Spot Pricing
DEL-FRA,2026-01-27,127.04520051905156,0.7239878005350812,2394,88.93164036333609,0.037147719450015076,2305.068359636664,Conservative Loading,Volatile | High Fixed Cost Exposure | High Delay Risk | Flexible → Conservative Loading,Discount / Spot Pricing
DEL-FRA,2026-01-28,269.57177595478794,0.6983267462240939,2394,188.70024316835153,0.07882215671192629,2205.2997568316487,Conservative Loading,Volatile | High Fixed Cost Exposure | High Delay Risk | Flexible → Conservative Loading,Discount / Spot Pricing
DEL-FRA,2026-01-29,869.404023511255,0.7266511920583583,2394,608.5828164578785,0.2542117027810687,1785.4171835421216,Conservative Loading,Volatile | High Fixed Cost Exposure | High Delay Risk | Flexible → Conservative Loading,Discount / Spot Pricing
DEL-FRA,2026-01-30,-6.675844242520498,0.0,2394,-4.673090969764348,0.0,2398.6730909697644,Conservative Loading,Volatile | High Fixed Cost Exposure | High Delay Risk | Flexible → Conservative Loading,Discount / Spot Pricing
DEL-FRA,2026-01-31,228.54937449600143,0.9704344029445308,2394,159.984562147201,0.06682730248421094,2234.015437852799,Conservative Loading,Stable | High Fixed Cost Exposure | High Delay Risk | Flexible → Conservative Loading,Discount / Spot Pricing
DEL-FRA,2026-02-01,8.571684613671607,0.0803269191079019,2394,6.000179229570125,0.0025063405303133355,2387.99982077043,Conservative Loading,Volatile | High Fixed Cost Exposure | High Delay Risk | Flexible → Conservative Loading,Discount / Spot Pricing
DEL-FRA,2026-02-02,79.3589276941712,0.5276182600995512,2394,55.55124938591984,0.023204364822857076,2338.4487506140804,Conservative Loading,Volatile | High Fixed Cost Exposure | High Delay Risk | Flexible → Conservative Loading,Discount / Spot Pricing
DEL-FRA,2026-02-03,698.0749474187623,0.8283902738899827,2394,488.6524631931336,0.2041154817013925,1905.3475368068664,Conservative Loading,Stable | High Fixed Cost Exposure | High Delay Risk | Flexible → Conservative Loading,Discount / Spot Pricing
DEL-FRA,2026-02-04,334.2253522792856,0.6156932339289098,2394,233.95774659549988,0.09772671119277355,2160.0422534045,Conservative Loading,Volatile | High Fixed Cost Exposure | High Delay Risk | Flexible → Conservative Loading,Discount / Spot Pricing
DEL-FRA,2026-02-05,234.49934711817477,0.8988153560862276,2394,164.14954298272232,0.06856706056086981,2229.8504570172777,Conservative Loading,Stable | High Fixed Cost Exposure | High Delay Risk | Flexible → Conservative Loading,Discount / Spot Pricing
DEL-FRA,2026-02-06,37.94642917945566,0.2982315149128034,2394,26.562500425618964,0.011095447128495807,2367.437499574381,Conservative Loading,Volatile | High Fixed Cost Exposure | High Delay Risk | Flexible → Conservative Loading,Discount / Spot Pricing
DEL-FRA,2026-02-07,160.5389817191102,0.9384224833152296,2394,112.37728720337714,0.046941222724886024,2281.622712796623,Conservative Loading,Stable | High Fixed Cost Exposure | High Delay Risk | Flexible → Conservative Loading,Discount / Spot Pricing
DEL-FRA,2026-02-08,210.73437593976843,0.9274569306493812,2394,147.51406315783788,0.06161823857887965,2246.485936842162,Conservative Loading,Stable | High Fixed Cost Exposure | High Delay Risk | Flexible → Conservative Loading,Discount / Spot Pricing
DEL-FRA,2026-02-09,-10.366829728477455,0.0,2394,-7.256780809934218,0.0,2401.2567808099343,Conservative Loading,Volatile | High Fixed Cost Exposure | High Delay Risk | Flexible → Conservative Loading,Discount / Spot Pricing
DEL-FRA,2026-02-10,272.8528613910637,0.8028641934746187,2394,190.99700297374457,0.07978153841843967,2203.0029970262553,Conservative Loading,Stable | High Fixed Cost Exposure | High Delay Risk | Flexible → Conservative Loading,Discount / Spot Pricing
DEL-FRA,2026-02-11,31.89676872304489,0.249991738301824,2394,22.32773810613142,0.009326540562293826,2371.6722618938684,Conservative Loading,Volatile | High Fixed Cost Exposure | High Delay Risk | Flexible → Conservative Loading,Discount / Spot Pricing
DEL-FRA,2026-02-12,1060.482374763595,0.9268664128876892,2394,742.3376623345165,0.3100825657203494,1651.6623376654834,Conservative Loading,Stable | High Fixed Cost Exposure | High Delay Risk | Flexible → Conservative Loading,Discount / Spot Pricing
DEL-FRA,2026-02-13,1574.0553152508346,0.4272575690374355,2394,1101.8387206755842,0.46025009217860663,1292.1612793244158,Conservative Loading,Volatile | High Fixed Cost Exposure | High Delay Risk | Flexible → Conservative Loading,Discount / Spot Pricing
DEL-FRA,2026-02-14,2079.293510307244,0.6898361202612475,2394,1455.5054572150707,0.6079805585693695,938.4945427849293,Conservative Loading,Volatile | High Fixed Cost Exposure | High Delay Risk | Flexible → Conservative Loading,Discount / Spot Pricing
DEL-FRA,2026-02-15,268.23116637631693,0.6828920732049855,2394,187.76181646342184,0.0784301656071102,2206.238183536578,Conservative Loading,Volatile | High Fixed Cost Exposure | High Delay Risk | Flexible → Conservative Loading,Discount / Spot Pricing
DEL-FRA,2026-02-16,1209.0108821835677,0.958059804099936,2394,846.3076175284973,0.3535119538548443,1547.6923824715027,Conservative Loading,Stable | High Fixed Cost Exposure | High Delay Risk | Flexible → Conservative Loading,Discount / Spot Pricing
DEL-FRA,2026-02-17,115.8156232778868,0.7389788916621938,2394,81.07093629452075,0.033864217332715434,2312.929063705479,Conservative Loading,Volatile | High Fixed Cost Exposure | High Delay Risk | Flexible → Conservative Loading,Discount / Spot Pricing
DEL-FRA,2026-02-18,13.529747315140185,0.1140634075444095,2394,9.470823120598128,0.003956066466415258,2384.529176879402,Conservative Loading,Volatile | High Fixed Cost Exposure | High Delay Risk | Flexible → Conservative Loading,Discount / Spot Pricing
DEL-FRA,2026-02-19,1296.8407834184643,0.8444815719832159,2394,907.7885483929249,0.3791932115258667,1486.211451607075,Conservative Loading,Stable | High Fixed Cost Exposure | High Delay Risk | Flexible → Conservative Loading,Discount / Spot Pricing
DEL-FRA,2026-02-20,139.1425570318499,0.8433643479198397,2394,97.39978992229491,0.04068495819644733,2296.600210077705,Conservative Loading,Stable | High Fixed Cost Exposure | High Delay Risk | Flexible → Conservative Loading,Discount / Spot Pricing
DEL-FRA,2026-02-21,296.25612364382863,0.6915408193242703,2394,207.37928655068004,0.08662459755667504,2186.6207134493197,Conservative Loading,Volatile | High Fixed Cost Exposure | High Delay Risk | Flexible → Conservative Loading,Discount / Spot Pricing
DEL-FRA,2026-02-22,2017.047764576876,0.7785207864387916,2394,1411.9334352038131,0.5897800481218936,982.0665647961869,Conservative Loading,Stable | High Fixed Cost Exposure | High Delay Risk | Flexible → Conservative Loading,Discount / Spot Pricing
DEL-FRA,2026-02-23,286.59009717997816,0.8278477611643528,2394,200.6130680259847,0.08379827402923337,2193.386931974015,Conservative Loading,Stable | High Fixed Cost Exposure | High Delay Risk | Flexible → Conservative Loading,Discount / Spot Pricing
DEL-FRA,2026-02-24,38.03899663868191,0.3055174876517331,2394,26.627297647077334,0.011122513637041493,2367.3727023529227,Conservative Loading,Volatile | High Fixed Cost Exposure | High Delay Risk | Flexible → Conservative Loading,Discount / Spot Pricing
DEL-FRA,2026-02-25,1404.9842572193882,0.9757138686113106,2394,983.4889800535716,0.41081411029806664,1410.5110199464284,Conservative Loading,Stable | High Fixed Cost Exposure | High Delay Risk | Flexible → Conservative Loading,Discount / Spot Pricing
DEL-FRA,2026-02-26,210.08293851490515,0.9681099994896524,2394,147.0580569604336,0.06142775979967986,2246.9419430395665,Conservative Loading,Stable | High Fixed Cost Exposure | High Delay Risk | Flexible → Conservative Loading,Discount / Spot Pricing
DEL-FRA,2026-02-27,-48.88786918519878,0.0,2394,-34.221508429639144,0.0,2428.221508429639,Conservative Loading,Volatile | High Fixed Cost Exposure | High Delay Risk | Flexible → Conservative Loading,Discount / Spot Pricing
DEL-FRA,2026-02-28,221.38944974121927,0.936734418213398,2394,154.9726148188535,0.06473375723427464,2239.0273851811467,Conservative Loading,Stable | High Fixed Cost Exposure | High Delay Risk | Flexible → Conservative Loading,Discount / Spot Pricing
DEL-FRA,2026-03-01,95.69788363462146,0.627142982267015,2394,66.98851854423502,0.027981837320064755,2327.011481455765,Conservative Loading,Volatile | High Fixed Cost Exposure | High Delay Risk | Flexible → Conservative Loading,Discount / Spot Pricing
DEL-MUM,2026-01-01,329.5524660585584,0.636432991732126,1800,296.5972194527026,0.1647762330292792,1503.4027805472974,Balanced Allocation,Volatile | High Fixed Cost Exposure | Low Delay Risk | Locked → Balanced Allocation,Standard Contract Pricing
DEL-MUM,2026-01-02,229.75821972663223,0.835920710384889,1800,241.24613071296386,0.13402562817386882,1558.7538692870362,Maximize Utilization,Stable | High Fixed Cost Exposure | Low Delay Risk | Locked → Maximize Utilization,Premium / Priority Pricing
DEL-MUM,2026-01-03,202.57347025850964,0.9855679522222814,1800,212.70214377143515,0.1181678576507973,1587.2978562285648,Maximize Utilization,Stable | High Fixed Cost Exposure | Low Delay Risk | Locked → Maximize Utilization,Premium / Priority Pricing
DEL-MUM,2026-01-04,297.18869528786814,0.7838338466485161,1800,312.04813005226157,0.17336007225125644,1487.9518699477385,Maximize Utilization,Stable | High Fixed Cost Exposure | Low Delay Risk | Locked → Maximize Utilization,Premium / Priority Pricing
DEL-MUM,2026-01-05,272.6465419281796,0.7897673197516806,1800,286.2788690245886,0.15904381612477142,1513.7211309754114,Maximize Utilization,Stable | High Fixed Cost Exposure | Low Delay Risk | Locked → Maximize Utilization,Premium / Priority Pricing
DEL-MUM,2026-01-06,67.08463057924826,0.5128206659463281,1800,60.37616752132343,0.033542315289624126,1739.6238324786766,Balanced Allocation,Volatile | High Fixed Cost Exposure | Low Delay Risk | Locked → Balanced Allocation,Standard Contract Pricing
DEL-MUM,2026-01-07,467.1945991283049,0.6843447176953277,1800,420.4751392154744,0.23359729956415246,1379.5248607845256,Balanced Allocation,Volatile | High Fixed Cost Exposure | Low Delay Risk | Locked → Balanced Allocation,Standard Contract Pricing
DEL-MUM,2026-01-08,353.47502694004794,0.6567851679845811,1800,318.12752424604315,0.17673751347002398,1481.872475753957,Balanced Allocation,Volatile | High Fixed Cost Exposure | Low Delay Risk | Locked → Balanced Allocation,Standard Contract Pricing
DEL-MUM,2026-01-09,297.8010478201057,0.775472971711292,1800,312.69110021111095,0.17371727789506164,1487.308899788889,Maximize Utilization,Stable | High Fixed Cost Exposure | Low Delay Risk | Locked → Maximize Utilization,Premium / Priority Pricing
DEL-MUM,2026-01-10,352.0169312516728,0.6654767294512753,1800,316.81523812650556,0.1760084656258364,1483.1847618734944,Balanced Allocation,Volatile | High Fixed Cost Exposure | Low Delay Risk | Locked → Balanced Allocation,Standard Contract Pricing
DEL-MUM,2026-01-11,239.31950891169976,0.8338149991176871,1800,251.28548435728476,0.1396030468651582,1548.7145156427152,Maximize Utilization,Stable | High Fixed Cost Exposure | Low Delay Risk | Locked → Maximize Utilization,Premium / Priority Pricing
DEL-MUM,2026-01-12,328.5359638402667,0.7882563811757931,1800,344.96276203228,0.19164597890682222,1455.03723796772,Maximize Utilization,Stable | High Fixed Cost Exposure | Low Delay Risk | Locked → Maximize Utilization,Premium / Priority Pricing
DEL-MUM,2026-01-13,1091.7101988715033,0.8981683941868186,1800,1146.2957088150786,0.6368309493417104,653.7042911849214,Maximize Utilization,Stable | High Fixed Cost Exposure | Low Delay Risk | Locked → Maximize Utilization,Premium / Priority Pricing
DEL-MUM,2026-01-14,46.49249469389116,0.3673616352699521,1800,41.84324522450205,0.02324624734694558,1758.156754775498,Balanced Allocation,Volatile | High Fixed Cost Exposure | Low Delay Risk | Locked → Balanced Allocation,Standard Contract Pricing
DEL-MUM,2026-01-15,253.7094563885109,0.8954051480475769,1800,266.39492920793646,0.14799718289329802,1533.6050707920635,Maximize Utilization,Stable | High Fixed Cost Exposure | Low Delay Risk | Locked → Maximize Utilization,Premium / Priority Pricing
DEL-MUM,2026-01-16,39.8871143275187,0.3344122157727102,1800,35.89840289476683,0.01994355716375935,1764.1015971052332,Balanced Allocation,Volatile | High Fixed Cost Exposure | Low Delay Risk | Locked → Balanced Allocation,Standard Contract Pricing
DEL-MUM,2026-01-17,325.1354965413028,0.7532667710513766,1800,341.392271368368,0.18966237298242666,1458.607728631632,Maximize Utilization,Stable | High Fixed Cost Exposure | Low Delay Risk | Locked → Maximize Utilization,Premium / Priority Pricing
DEL-MUM,2026-01-18,339.66401731159846,0.6732441346822909,1800,305.6976155804386,0.16983200865579923,1494.3023844195613,Balanced Allocation,Volatile | High Fixed Cost Exposure | Low Delay Risk | Locked → Balanced Allocation,Standard Contract Pricing
DEL-MUM,2026-01-19,2115.643077424124,0.534976283819127,1800,1800.0,1.0,0.0,Balanced Allocation,Volatile | High Fixed Cost Exposure | Low Delay Risk | Locked → Balanced Allocation,Standard Contract Pricing
DEL-MUM,2026-01-20,1701.893037238645,0.8755858368590574,1800,1786.9876891005774,0.9927709383892097,13.012310899422573,Maximize Utilization,Stable | High Fixed Cost Exposure | Low Delay Risk | Locked → Maximize Utilization,Premium / Priority Pricing
DEL-MUM,2026-01-21,98.35184536986571,0.6830804503677976,1800,88.51666083287914,0.04917592268493286,1711.483339167121,Balanced Allocation,Volatile | High Fixed Cost Exposure | Low Delay Risk | Locked → Balanced Allocation,Standard Contract Pricing
DEL-MUM,2026-01-22,33.283331060376554,0.2775501045940932,1800,29.9549979543389,0.01664166553018828,1770.045002045661,Balanced Allocation,Volatile | High Fixed Cost Exposure | Low Delay Risk | Locked → Balanced Allocation,Standard Contract Pricing
DEL-MUM,2026-01-23,149.35704782340622,0.9606460564161624,1800,156.82490021457653,0.08712494456365363,1643.1750997854235,Maximize Utilization,Stable | High Fixed Cost Exposure | Low Delay Risk | Locked → Maximize Utilization,Premium / Priority Pricing
DEL-MUM,2026-01-24,82.67163305141042,0.547900228789429,1800,74.40446974626938,0.04133581652570521,1725.5955302537307,Balanced Allocation,Volatile | High Fixed Cost Exposure | Low Delay Risk | Locked → Balanced Allocation,Standard Contract Pricing
DEL-MUM,2026-01-25,860.8719317452721,0.9454400760264614,1800,903.9155283325358,0.5021752935180754,896.0844716674642,Maximize Utilization,Stable | High Fixed Cost Exposure | Low Delay Risk | Locked → Maximize Utilization,Premium / Priority Pricing
DEL-MUM,2026-01-26,229.53359890879705,0.7935963200305527,1800,241.0102788542369,0.13389459936346496,1558.989721145763,Maximize Utilization,Stable | High Fixed Cost Exposure | Low Delay Risk | Locked → Maximize Utilization,Premium / Priority Pricing
DEL-MUM,2026-01-27,127.93595103356904,0.7744336030096425,1800,134.3327485852475,0.07462930476958193,1665.6672514147526,Maximize Utilization,Stable | High Fixed Cost Exposure | Low Delay Risk | Locked → Maximize Utilization,Premium / Priority Pricing
DEL-MUM,2026-01-28,146.75837275577692,0.8809491807993848,1800,154.09629139356576,0.08560905077420321,1645.9037086064343,Maximize Utilization,Stable | High Fixed Cost Exposure | Low Delay Risk | Locked → Maximize Utilization,Premium / Priority Pricing
DEL-MUM,2026-01-29,290.86955851142085,0.7994264395447859,1800,305.4130364369919,0.16967390913166217,1494.586963563008,Maximize Utilization,Stable | High Fixed Cost Exposure | Low Delay Risk | Locked → Maximize Utilization,Premium / Priority Pricing
DEL-MUM,2026-01-30,291.94549427041494,0.7852463222954524,1800,306.5427689839357,0.1703015383244087,1493.4572310160643,Maximize Utilization,Stable | High Fixed Cost Exposure | Low Delay Risk | Locked → Maximize Utilization,Premium / Priority Pricing
DEL-MUM,2026-01-31,223.21028806703023,0.8835159099388985,1800,234.37080247038176,0.13020600137243432,1565.6291975296183,Maximize Utilization,Stable | High Fixed Cost Exposure | Low Delay Risk | Locked → Maximize Utilization,Premium / Priority Pricing
DEL-MUM,2026-02-01,360.9053458146808,0.6020239723392965,1800,324.8148112332127,0.1804526729073404,1475.1851887667872,Balanced Allocation,Volatile | High Fixed Cost Exposure | Low Delay Risk | Locked → Balanced Allocation,Standard Contract Pricing
DEL-MUM,2026-02-02,206.76028205644008,0.9375879759205316,1800,217.09829615926208,0.12061016453292338,1582.9017038407378,Maximize Utilization,Stable | High Fixed Cost Exposure | Low Delay Risk | Locked → Maximize Utilization,Premium / Priority Pricing
DEL-MUM,2026-02-03,381.1210927208328,0.5833744424094448,1800,343.0089834487495,0.1905605463604164,1456.9910165512506,Balanced Allocation,Volatile | High Fixed Cost Exposure | Low Delay Risk | Locked → Balanced Allocation,Standard Contract Pricing
DEL-MUM,2026-02-04,1253.2243611374206,0.742859377236978,1800,1127.9019250236786,0.6266121805687104,672.0980749763214,Balanced Allocation,Volatile | High Fixed Cost Exposure | Low Delay Risk | Locked → Balanced Allocation,Standard Contract Pricing
DEL-MUM,2026-02-05,278.7808225933339,0.7447168346124142,1800,250.9027403340005,0.13939041129666693,1549.0972596659994,Balanced Allocation,Volatile | High Fixed Cost Exposure | Low Delay Risk | Locked → Balanced Allocation,Standard Contract Pricing
DEL-MUM,2026-02-06,295.8203271500369,0.6840402288339104,1800,266.23829443503325,0.14791016357501846,1533.7617055649666,Balanced Allocation,Volatile | High Fixed Cost Exposure | Low Delay Risk | Locked → Balanced Allocation,Standard Contract Pricing
DEL-MUM,2026-02-07,487.7993708712601,0.6069187819719051,1800,439.0194337841341,0.24389968543563006,1360.980566215866,Balanced Allocation,Volatile | High Fixed Cost Exposure | Low Delay Risk | Locked → Balanced Allocation,Standard Contract Pricing
DEL-MUM,2026-02-08,1653.6229373343162,0.7453286001586243,1800,1488.2606436008846,0.826811468667158,311.7393563991154,Balanced Allocation,Volatile | High Fixed Cost Exposure | Low Delay Risk | Locked → Balanced Allocation,Standard Contract Pricing
DEL-MUM,2026-02-09,1761.3105249852574,0.9774582077371292,1800,1800.0,1.0,0.0,Maximize Utilization,Stable | High Fixed Cost Exposure | Low Delay Risk | Locked → Maximize Utilization,Premium / Priority Pricing
DEL-MUM,2026-02-10,412.5928092494887,0.5542258793047384,1800,371.3335283245398,0.20629640462474436,1428.6664716754601,Balanced Allocation,Volatile | High Fixed Cost Exposure | Low Delay Risk | Locked → Balanced Allocation,Standard Contract Pricing
DEL-MUM,2026-02-11,348.42025755484843,0.7104609569142097,1800,313.5782317993636,0.17421012877742423,1486.4217682006365,Balanced Allocation,Volatile | High Fixed Cost Exposure | Low Delay Risk | Locked → Balanced Allocation,Standard Contract Pricing
DEL-MUM,2026-02-12,71.65234460727487,0.5358550290725729,1800,64.48711014654738,0.03582617230363743,1735.5128898534526,Balanced Allocation,Volatile | High Fixed Cost Exposure | Low Delay Risk | Locked → Balanced Allocation,Standard Contract Pricing
DEL-MUM,2026-02-13,425.8984435323005,0.5842618062063278,1800,383.3085991790705,0.21294922176615028,1416.6914008209296,Balanced Allocation,Volatile | High Fixed Cost Exposure | Low Delay Risk | Locked → Balanced Allocation,Standard Contract Pricing
DEL-MUM,2026-02-14,169.66087108265782,0.9921457476676796,1800,178.14391463679073,0.09896884146488373,1621.8560853632093,Maximize Utilization,Stable | High Fixed Cost Exposure | Low Delay Risk | Locked → Maximize Utilization,Premium / Priority Pricing
DEL-MUM,2026-02-15,1005.021919599689,0.8902340372259234,1800,1055.2730155796735,0.5862627864331519,744.7269844203265,Maximize Utilization,Stable | High Fixed Cost Exposure | Low Delay Risk | Locked → Maximize Utilization,Premium / Priority Pricing
DEL-MUM,2026-02-16,114.27863856259027,0.8174143077206673,1800,119.9925704907198,0.066662539161511,1680.0074295092802,Maximize Utilization,Stable | High Fixed Cost Exposure | Low Delay Risk | Locked → Maximize Utilization,Premium / Priority Pricing
DEL-MUM,2026-02-17,201.07392936585532,0.8655340669479276,1800,211.1276258341481,0.11729312546341561,1588.8723741658519,Maximize Utilization,Stable | High Fixed Cost Exposure | Low Delay Risk | Locked → Maximize Utilization,Premium / Priority Pricing
DEL-MUM,2026-02-18,2277.4520935563146,0.7497526398806872,1800,1800.0,1.0,0.0,Balanced Allocation,Volatile | High Fixed Cost Exposure | Low Delay Risk | Locked → Balanced Allocation,Standard Contract Pricing
DEL-MUM,2026-02-19,1787.9135805779192,0.7739456179524112,1800,1800.0,1.0,0.0,Maximize Utilization,Stable | High Fixed Cost Exposure | Low Delay Risk | Locked → Maximize Utilization,Premium / Priority Pricing
DEL-MUM,2026-02-20,237.29672119407772,0.8871002118778559,1800,249.1615572537816,0.13842308736321202,1550.8384427462183,Maximize Utilization,Stable | High Fixed Cost Exposure | Low Delay Risk | Locked → Maximize Utilization,Premium / Priority Pricing
DEL-MUM,2026-02-21,287.16027880738187,0.865236454165015,1800,301.518292747751,0.16751016263763943,1498.481707252249,Maximize Utilization,Stable | High Fixed Cost Exposure | Low Delay Risk | Locked → Maximize Utilization,Premium / Priority Pricing
DEL-MUM,2026-02-22,254.7651438616328,0.8696091440214357,1800,267.50340105471446,0.14861300058595248,1532.4965989452855,Maximize Utilization,Stable | High Fixed Cost Exposure | Low Delay Risk | Locked → Maximize Utilization,Premium / Priority Pricing
DEL-MUM,2026-02-23,1853.9167456763505,0.814777953076375,1800,1800.0,1.0,0.0,Maximize Utilization,Stable | High Fixed Cost Exposure | Low Delay Risk | Locked → Maximize Utilization,Premium / Priority Pricing
DEL-MUM,2026-02-24,2246.030804403234,0.750784340114253,1800,1800.0,1.0,0.0,Maximize Utilization,Stable | High Fixed Cost Exposure | Low Delay Risk | Locked → Maximize Utilization,Premium / Priority Pricing
DEL-MUM,2026-02-25,312.59614629500373,0.6752981000454661,1800,281.33653166550334,0.15629807314750185,1518.6634683344967,Balanced Allocation,Volatile | High Fixed Cost Exposure | Low Delay Risk | Locked → Balanced Allocation,Standard Contract Pricing
DEL-MUM,2026-02-26,312.7428315130049,0.7298764631722442,1800,281.4685483617044,0.15637141575650243,1518.5314516382955,Balanced Allocation,Volatile | High Fixed Cost Exposure | Low Delay Risk | Locked → Balanced Allocation,Standard Contract Pricing
DEL-MUM,2026-02-27,103.37603853650296,0.718983881649049,1800,93.03843468285267,0.051688019268251485,1706.9615653171472,Balanced Allocation,Volatile | High Fixed Cost Exposure | Low Delay Risk | Locked → Balanced Allocation,Standard Contract Pricing
DEL-MUM,2026-02-28,247.36844792996243,0.8414792641826743,1800,259.7368703264606,0.1442982612924781,1540.2631296735394,Maximize Utilization,Stable | High Fixed Cost Exposure | Low Delay Risk | Locked → Maximize Utilization,Premium / Priority Pricing
DEL-MUM,2026-03-01,187.1845509591895,0.9330858701009898,1800,196.54377850714897,0.1091909880595272,1603.456221492851,Maximize Utilization,Stable | High Fixed Cost Exposure | Low Delay Risk | Locked → Maximize Utilization,Premium / Priority Pricing
DEL-MUM,2026-01-01,232.1071021724004,0.8987552878696281,1800,243.71245728102042,0.1353958096005669,1556.2875427189797,Maximize Utilization,Stable | High Fixed Cost Exposure | Low Delay Risk | Locked → Maximize Utilization,Premium / Priority Pricing
DEL-MUM,2026-01-02,222.61822070377409,0.9680984700514652,1800,233.7491317389628,0.12986062874386822,1566.250868261037,Maximize Utilization,Stable | High Fixed Cost Exposure | Low Delay Risk | Locked → Maximize Utilization,Premium / Priority Pricing
DEL-MUM,2026-01-03,133.62374607526516,0.8442612341274754,1800,140.30493337902843,0.07794718521057135,1659.6950666209716,Maximize Utilization,Stable | High Fixed Cost Exposure | Low Delay Risk | Locked → Maximize Utilization,Premium / Priority Pricing
DEL-MUM,2026-01-04,240.99479257448223,0.8736240385175007,1800,253.04453220320636,0.14058029566844799,1546.9554677967935,Maximize Utilization,Stable | High Fixed Cost Exposure | Low Delay Risk | Locked → Maximize Utilization,Premium / Priority Pricing
DEL-MUM,2026-01-05,76.1685897479735,0.5501349063140579,1800,68.55173077317615,0.03808429487398675,1731.4482692268239,Balanced Allocation,Volatile | High Fixed Cost Exposure | Low Delay Risk | Locked → Balanced Allocation,Standard Contract Pricing
DEL-MUM,2026-01-06,445.2099544935522,0.5753143549245693,1800,400.68895904419696,0.22260497724677608,1399.311040955803,Balanced Allocation,Volatile | High Fixed Cost Exposure | Low Delay Risk | Locked → Balanced Allocation,Standard Contract Pricing
DEL-MUM,2026-01-07,407.3716948100071,0.6507601184747329,1800,366.6345253290064,0.20368584740500356,1433.3654746709935,Balanced Allocation,Volatile | High Fixed Cost Exposure | Low Delay Risk | Locked → Balanced Allocation,Standard Contract Pricing
DEL-MUM,2026-01-08,1367.7398580670113,0.7977183351202674,1800,1436.1268509703618,0.7978482505390899,363.87314902963817,Maximize Utilization,Stable | High Fixed Cost Exposure | Low Delay Risk | Locked → Maximize Utilization,Premium / Priority Pricing
DEL-MUM,2026-01-09,291.2624296395722,0.7695330248780556,1800,305.8255511215508,0.16990308395641712,1494.1744488784493,Maximize Utilization,Stable | High Fixed Cost Exposure | Low Delay Risk | Locked → Maximize Utilization,Premium / Priority Pricing
DEL-MUM,2026-01-10,113.7749145233568,0.7997760989746538,1800,119.46366024952465,0.06636870013862481,1680.5363397504752,Maximize Utilization,Stable | High Fixed Cost Exposure | Low Delay Risk | Locked → Maximize Utilization,Premium / Priority Pricing
DEL-MUM,2026-01-11,212.1710139789072,0.9239866520966372,1800,222.7795646778526,0.12376642482102922,1577.2204353221473,Maximize Utilization,Stable | High Fixed Cost Exposure | Low Delay Risk | Locked → Maximize Utilization,Premium / Priority Pricing
DEL-MUM,2026-01-12,895.1483643632666,0.9942468972190236,1800,939.90578258143,0.5221698792119056,860.09421741857,Maximize Utilization,Stable | High Fixed Cost Exposure | Low Delay Risk | Locked → Maximize Utilization,Premium / Priority Pricing
DEL-MUM,2026-01-13,975.6090194273733,0.8526865048390374,1800,1024.3894703987419,0.5691052613326344,775.6105296012581,Maximize Utilization,Stable | High Fixed Cost Exposure | Low Delay Risk | Locked → Maximize Utilization,Premium / Priority Pricing
DEL-MUM,2026-01-14,198.2341843377954,0.999679728983793,1800,208.1458935546852,0.11563660753038066,1591.8541064453148,Maximize Utilization,Stable | High Fixed Cost Exposure | Low Delay Risk | Locked → Maximize Utilization,Premium / Priority Pricing
DEL-MUM,2026-01-15,369.624918659387,0.781366451084028,1800,388.1061645923564,0.21561453588464244,1411.8938354076436,Maximize Utilization,Stable | High Fixed Cost Exposure | Low Delay Risk | Locked → Maximize Utilization,Premium / Priority Pricing
DEL-MUM,2026-01-16,351.9409755627274,0.6277694701834391,1800,316.74687800645466,0.1759704877813637,1483.2531219935454,Balanced Allocation,Volatile | High Fixed Cost Exposure | Low Delay Risk | Locked → Balanced Allocation,Standard Contract Pricing
DEL-MUM,2026-01-17,89.09068498878088,0.6124233261851779,1800,80.1816164899028,0.04454534249439044,1719.8183835100972,Balanced Allocation,Volatile | High Fixed Cost Exposure | Low Delay Risk | Locked → Balanced Allocation,Standard Contract Pricing
DEL-MUM,2026-01-18,254.57584841547924,0.8293737416327677,1800,267.3046408362532,0.1485025782423629,1532.6953591637468,Maximize Utilization,Stable | High Fixed Cost Exposure | Low Delay Risk | Locked → Maximize Utilization,Premium / Priority Pricing
DEL-MUM,2026-01-19,436.3876947460827,0.7474663498765519,1800,392.74892527147443,0.21819384737304134,1407.2510747285255,Balanced Allocation,Volatile | High Fixed Cost Exposure | Low Delay Risk | Locked → Balanced Allocation,Standard Contract Pricing
DEL-MUM,2026-01-20,316.69700676562724,0.6495457093171256,1800,285.0273060890645,0.15834850338281362,1514.9726939109355,Balanced Allocation,Volatile | High Fixed Cost Exposure | Low Delay Risk | Locked → Balanced Allocation,Standard Contract Pricing
DEL-MUM,2026-01-21,1105.4403607153488,0.9971415092222644,1800,1160.7123787511164,0.6448402104172869,639.2876212488836,Maximize Utilization,Stable | High Fixed Cost Exposure | Low Delay Risk | Locked → Maximize Utilization,Premium / Priority Pricing
DEL-MUM,2026-01-22,425.488124904968,0.5912505344291517,1800,382.9393124144712,0.212744062452484,1417.0606875855287,Balanced Allocation,Volatile | High Fixed Cost Exposure | Low Delay Risk | Locked → Balanced Allocation,Standard Contract Pricing
DEL-MUM,2026-01-23,1946.2321714474945,0.8991403234932479,1800,1800.0,1.0,0.0,Maximize Utilization,Stable | High Fixed Cost Exposure | Low Delay Risk | Locked → Maximize Utilization,Premium / Priority Pricing
DEL-MUM,2026-01-24,389.91697795829344,0.6047713395598625,1800,350.9252801624641,0.19495848897914672,1449.074719837536,Balanced Allocation,Volatile | High Fixed Cost Exposure | Low Delay Risk | Locked → Balanced Allocation,Standard Contract Pricing
DEL-MUM,2026-01-25,1594.3489996764497,0.9381308981659982,1800,1674.0664496602722,0.930036916477929,125.93355033972784,Maximize Utilization,Stable | High Fixed Cost Exposure | Low Delay Risk | Locked → Maximize Utilization,Premium / Priority Pricing
DEL-MUM,2026-01-26,251.7566848540028,0.8441583931654713,1800,264.3445190967029,0.14685806616483496,1535.655480903297,Maximize Utilization,Stable | High Fixed Cost Exposure | Low Delay Risk | Locked → Maximize Utilization,Premium / Priority Pricing
DEL-MUM,2026-01-27,784.8925140393508,0.9515265699310737,1800,824.1371397413184,0.4578539665229547,975.8628602586816,Maximize Utilization,Stable | High Fixed Cost Exposure | Low Delay Risk | Locked → Maximize Utilization,Premium / Priority Pricing
DEL-MUM,2026-01-28,145.40337282120186,0.8071101515125731,1800,152.67354146226197,0.0848186341457011,1647.326458537738,Maximize Utilization,Stable | High Fixed Cost Exposure | Low Delay Risk | Locked → Maximize Utilization,Premium / Priority Pricing
DEL-MUM,2026-01-29,646.4114940583222,0.7888743026932441,1800,678.7320687612383,0.3770733715340213,1121.2679312387618,Maximize Utilization,Stable | High Fixed Cost Exposure | Low Delay Risk | Locked → Maximize Utilization,Premium / Priority Pricing
DEL-MUM,2026-01-30,162.56496890507486,0.9731413700229832,1800,170.6932173503286,0.094829565194627,1629.3067826496713,Maximize Utilization,Stable | High Fixed Cost Exposure | Low Delay Risk | Locked → Maximize Utilization,Premium / Priority Pricing
DEL-MUM,2026-01-31,242.3576149822615,0.7884072808432847,1800,254.4754957313746,0.14137527540631922,1545.5245042686254,Maximize Utilization,Stable | High Fixed Cost Exposure | Low Delay Risk | Locked → Maximize Utilization,Premium / Priority Pricing
DEL-MUM,2026-02-01,68.88576068485759,0.5180314306541867,1800,61.99718461637183,0.034442880342428796,1738.002815383628,Balanced Allocation,Volatile | High Fixed Cost Exposure | Low Delay Risk | Locked → Balanced Allocation,Standard Contract Pricing
DEL-MUM,2026-02-02,75.7717600569784,0.6079444374472763,1800,68.19458405128056,0.0378858800284892,1731.8054159487194,Balanced Allocation,Volatile | High Fixed Cost Exposure | Low Delay Risk | Locked → Balanced Allocation,Standard Contract Pricing
DEL-MUM,2026-02-03,232.7120884455107,0.960629220130782,1800,244.34769286778624,0.13574871825988125,1555.6523071322138,Maximize Utilization,Stable | High Fixed Cost Exposure | Low Delay Risk | Locked → Maximize Utilization,Premium / Priority Pricing
DEL-MUM,2026-02-04,455.71257670956896,0.6903629618966904,1800,410.1413190386121,0.2278562883547845,1389.858680961388,Balanced Allocation,Volatile | High Fixed Cost Exposure | Low Delay Risk | Locked → Balanced Allocation,Standard Contract Pricing
DEL-MUM,2026-02-05,258.4207110172983,0.7679339605799517,1800,271.3417465681632,0.15074541476009068,1528.6582534318368,Maximize Utilization,Stable | High Fixed Cost Exposure | Low Delay Risk | Locked → Maximize Utilization,Premium / Priority Pricing
DEL-MUM,2026-02-06,298.0526691700748,0.6385017730701896,1800,268.2474022530673,0.1490263345850374,1531.7525977469327,Balanced Allocation,Volatile | High Fixed Cost Exposure | Low Delay Risk | Locked → Balanced Allocation,Standard Contract Pricing
DEL-MUM,2026-02-07,421.6050647170758,0.6912384273007256,1800,379.4445582453682,0.2108025323585379,1420.5554417546318,Balanced Allocation,Volatile | High Fixed Cost Exposure | Low Delay Risk | Locked → Balanced Allocation,Standard Contract Pricing
DEL-MUM,2026-02-08,102.4852039000844,0.7110081361544955,1800,92.23668351007596,0.0512426019500422,1707.7633164899241,Balanced Allocation,Volatile | High Fixed Cost Exposure | Low Delay Risk | Locked → Balanced Allocation,Standard Contract Pricing
DEL-MUM,2026-02-09,383.8900233188586,0.7333958964112506,1800,345.5010209869727,0.1919450116594293,1454.4989790130273,Balanced Allocation,Volatile | High Fixed Cost Exposure | Low Delay Risk | Locked → Balanced Allocation,Standard Contract Pricing
DEL-MUM,2026-02-10,373.0633056258527,0.5245315201189706,1800,335.7569750632674,0.18653165281292636,1464.2430249367326,Balanced Allocation,Volatile | High Fixed Cost Exposure | Low Delay Risk | Locked → Balanced Allocation,Standard Contract Pricing
DEL-MUM,2026-02-11,323.7077047388621,0.6870320359581685,1800,291.3369342649759,0.16185385236943106,1508.663065735024,Balanced Allocation,Volatile | High Fixed Cost Exposure | Low Delay Risk | Locked → Balanced Allocation,Standard Contract Pricing
DEL-MUM,2026-02-12,211.4640225158103,0.9236941826659334,1800,222.03722364160083,0.12335401313422269,1577.9627763583992,Maximize Utilization,Stable | High Fixed Cost Exposure | Low Delay Risk | Locked → Maximize Utilization,Premium / Priority Pricing
DEL-MUM,2026-02-13,1807.94777169762,0.6582645490314993,1800,1627.152994527858,0.90397388584881,172.84700547214197,Balanced Allocation,Volatile | High Fixed Cost Exposure | Low Delay Risk | Locked → Balanced Allocation,Standard Contract Pricing
DEL-MUM,2026-02-14,965.6030002271766,0.7922675307118134,1800,1013.8831502385354,0.5632684167991864,786.1168497614646,Maximize Utilization,Stable | High Fixed Cost Exposure | Low Delay Risk | Locked → Maximize Utilization,Premium / Priority Pricing
DEL-MUM,2026-02-15,403.91527817999423,0.6872421704876721,1800,363.5237503619948,0.20195763908999712,1436.4762496380051,Balanced Allocation,Volatile | High Fixed Cost Exposure | Low Delay Risk | Locked → Balanced Allocation,Standard Contract Pricing
DEL-MUM,2026-02-16,270.44764701639923,0.7335757018256444,1800,243.40288231475932,0.13522382350819961,1556.5971176852406,Balanced Allocation,Volatile | High Fixed Cost Exposure | Low Delay Risk | Locked → Balanced Allocation,Standard Contract Pricing
DEL-MUM,2026-02-17,219.6530812958729,0.8806428217768167,1800,230.63573536066656,0.1281309640892592,1569.3642646393334,Maximize Utilization,Stable | High Fixed Cost Exposure | Low Delay Risk | Locked → Maximize Utilization,Premium / Priority Pricing
DEL-MUM,2026-02-18,305.2205571923815,0.7555262911196675,1800,320.4815850520006,0.1780453250288892,1479.5184149479994,Maximize Utilization,Stable | High Fixed Cost Exposure | Low Delay Risk | Locked → Maximize Utilization,Premium / Priority Pricing
DEL-MUM,2026-02-19,2276.849386089346,0.7740368865497327,1800,1800.0,1.0,0.0,Maximize Utilization,Stable | High Fixed Cost Exposure | Low Delay Risk | Locked → Maximize Utilization,Premium / Priority Pricing
DEL-MUM,2026-02-20,214.8030710821781,0.9404029125741314,1800,225.543224636287,0.12530179146460388,1574.456775363713,Maximize Utilization,Stable | High Fixed Cost Exposure | Low Delay Risk | Locked → Maximize Utilization,Premium / Priority Pricing
DEL-MUM,2026-02-21,173.48926993715787,0.965614018686307,1800,182.16373343401577,0.10120207413000876,1617.8362665659843,Maximize Utilization,Stable | High Fixed Cost Exposure | Low Delay Risk | Locked → Maximize Utilization,Premium / Priority Pricing
DEL-MUM,2026-02-22,373.2647324307774,0.5298978380211494,1800,335.9382591876997,0.18663236621538873,1464.0617408123003,Balanced Allocation,Volatile | High Fixed Cost Exposure | Low Delay Risk | Locked → Balanced Allocation,Standard Contract Pricing
DEL-MUM,2026-02-23,242.2139448967693,0.9098264880581136,1800,254.32464214160777,0.14129146785644875,1545.6753578583923,Maximize Utilization,Stable | High Fixed Cost Exposure | Low Delay Risk | Locked → Maximize Utilization,Premium / Priority Pricing
DEL-MUM,2026-02-24,1813.7844822605864,0.970282642974452,1800,1800.0,1.0,0.0,Maximize Utilization,Stable | High Fixed Cost Exposure | Low Delay Risk | Locked → Maximize Utilization,Premium / Priority Pricing
DEL-MUM,2026-02-25,279.1051103232076,0.7434048261435817,1800,251.19459929088686,0.1395525551616038,1548.8054007091132,Balanced Allocation,Volatile | High Fixed Cost Exposure | Low Delay Risk | Locked → Balanced Allocation,Standard Contract Pricing
DEL-MUM,2026-02-26,2193.2495269506385,0.8686854286605996,1800,1800.0,1.0,0.0,Maximize Utilization,Stable | High Fixed Cost Exposure | Low Delay Risk | Locked → Maximize Utilization,Premium / Priority Pricing
DEL-MUM,2026-02-27,278.5779095569557,0.7986915624782566,1800,292.5068050348035,0.16250378057489084,1507.4931949651964,Maximize Utilization,Stable | High Fixed Cost Exposure | Low Delay Risk | Locked → Maximize Utilization,Premium / Priority Pricing
DEL-MUM,2026-02-28,348.35170527173244,0.748269302443208,1800,313.5165347445592,0.1741758526358662,1486.483465255441,Balanced Allocation,Volatile | High Fixed Cost Exposure | Low Delay Risk | Locked → Balanced Allocation,Standard Contract Pricing
DEL-MUM,2026-03-01,383.906276560917,0.6378712136249595,1800,345.5156489048253,0.19195313828045849,1454.4843510951746,Balanced Allocation,Volatile | High Fixed Cost Exposure | Low Delay Risk | Locked → Balanced Allocation,Standard Contract Pricing
DEL-MUM,2026-01-01,238.95155460470025,0.9413880123130124,1800,250.89913233493527,0.13938840685274181,1549.1008676650647,Maximize Utilization,Stable | High Fixed Cost Exposure | Low Delay Risk | Locked → Maximize Utilization,Premium / Priority Pricing
DEL-MUM,2026-01-02,92.82350931673602,0.5803896049801482,1800,83.54115838506242,0.04641175465836801,1716.4588416149377,Balanced Allocation,Volatile | High Fixed Cost Exposure | Low Delay Risk | Locked → Balanced Allocation,Standard Contract Pricing
DEL-MUM,2026-01-03,-2.004455573450798,0.0,1800,-1.8040100161057182,0.0,1801.8040100161056,Balanced Allocation,Volatile | High Fixed Cost Exposure | Low Delay Risk | Locked → Balanced Allocation,Standard Contract Pricing
DEL-MUM,2026-01-04,136.665379952654,0.790808471111309,1800,143.4986489502867,0.07972147163904818,1656.5013510497133,Maximize Utilization,Stable | High Fixed Cost Exposure | Low Delay Risk | Locked → Maximize Utilization,Premium / Priority Pricing
DEL-MUM,2026-01-05,-75.90940086464411,0.0,1800,-68.3184607781797,0.0,1868.3184607781798,Balanced Allocation,Volatile | High Fixed Cost Exposure | Low Delay Risk | Locked → Balanced Allocation,Standard Contract Pricing
DEL-MUM,2026-01-06,96.2613179761376,0.6126579675814354,1800,86.63518617852385,0.04813065898806881,1713.3648138214762,Balanced Allocation,Volatile | High Fixed Cost Exposure | Low Delay Risk | Locked → Balanced Allocation,Standard Contract Pricing
DEL-MUM,2026-01-07,50.86868913279392,0.405481820663477,1800,45.78182021951453,0.02543434456639696,1754.2181797804856,Balanced Allocation,Volatile | High Fixed Cost Exposure | Low Delay Risk | Locked → Balanced Allocation,Standard Contract Pricing
DEL-MUM,2026-01-08,-52.95135008139863,0.0,1800,-47.65621507325877,0.0,1847.6562150732589,Balanced Allocation,Volatile | High Fixed Cost Exposure | Low Delay Risk | Locked → Balanced Allocation,Standard Contract Pricing
DEL-MUM,2026-01-09,191.06602428974003,0.9635841103109172,1800,200.61932550422705,0.11145518083568169,1599.3806744957728,Maximize Utilization,Stable | High Fixed Cost Exposure | Low Delay Risk | Locked → Maximize Utilization,Premium / Priority Pricing
DEL-MUM,2026-01-10,234.4002086523004,0.7228392522153142,1800,210.96018778707037,0.1172001043261502,1589.0398122129295,Balanced Allocation,Volatile | High Fixed Cost Exposure | Low Delay Risk | Locked → Balanced Allocation,Standard Contract Pricing
DEL-MUM,2026-01-11,95.2294552440049,0.6798250797387931,1800,85.70650971960441,0.04761472762200245,1714.2934902803956,Balanced Allocation,Volatile | High Fixed Cost Exposure | Low Delay Risk | Locked → Balanced Allocation,Standard Contract Pricing
DEL-MUM,2026-01-12,116.23289691386287,0.823970357550134,1800,122.04454175955603,0.06780252319975334,1677.955458240444,Maximize Utilization,Stable | High Fixed Cost Exposure | Low Delay Risk | Locked → Maximize Utilization,Premium / Priority Pricing
DEL-MUM,2026-01-13,1995.6328560681204,0.9773775812969764,1800,1800.0,1.0,0.0,Maximize Utilization,Stable | High Fixed Cost Exposure | Low Delay Risk | Locked → Maximize Utilization,Premium / Priority Pricing
DEL-MUM,2026-01-14,195.8708415687872,0.9827255252973888,1800,205.66438364722657,0.11425799091512587,1594.3356163527735,Maximize Utilization,Stable | High Fixed Cost Exposure | Low Delay Risk | Locked → Maximize Utilization,Premium / Priority Pricing
DEL-MUM,2026-01-15,333.7306292642998,0.7776712701283538,1800,350.41716072751484,0.1946762004041749,1449.5828392724852,Maximize Utilization,Stable | High Fixed Cost Exposure | Low Delay Risk | Locked → Maximize Utilization,Premium / Priority Pricing
DEL-MUM,2026-01-16,1076.7961403098125,0.9720227679432808,1800,1130.635947325303,0.6281310818473906,669.364052674697,Maximize Utilization,Stable | High Fixed Cost Exposure | Low Delay Risk | Locked → Maximize Utilization,Premium / Priority Pricing
DEL-MUM,2026-01-17,-23.244032777071368,0.0,1800,-20.91962949936423,0.0,1820.9196294993642,Balanced Allocation,Volatile | High Fixed Cost Exposure | Low Delay Risk | Locked → Balanced Allocation,Standard Contract Pricing
DEL-MUM,2026-01-18,1550.6508177712071,0.7708117771956944,1800,1628.1833586597675,0.9045463103665374,171.81664134023254,Maximize Utilization,Stable | High Fixed Cost Exposure | Low Delay Risk | Locked → Maximize Utilization,Premium / Priority Pricing
DEL-MUM,2026-01-19,1543.1304767164152,0.8960297074803353,1800,1620.287000552236,0.9001594447512422,179.7129994477641,Maximize Utilization,Stable | High Fixed Cost Exposure | Low Delay Risk | Locked → Maximize Utilization,Premium / Priority Pricing
DEL-MUM,2026-01-20,30.559304506579338,0.2568419528683241,1800,27.503374055921405,0.01527965225328967,1772.4966259440787,Balanced Allocation,Volatile | High Fixed Cost Exposure | Low Delay Risk | Locked → Balanced Allocation,Standard Contract Pricing
DEL-MUM,2026-01-21,791.2472877170924,0.6574734280315037,1800,712.1225589453832,0.3956236438585462,1087.8774410546168,Balanced Allocation,Volatile | High Fixed Cost Exposure | Low Delay Risk | Locked → Balanced Allocation,Standard Contract Pricing
DEL-MUM,2026-01-22,269.66238393275063,0.7690532310389924,1800,283.14550312938815,0.15730305729410451,1516.854496870612,Maximize Utilization,Stable | High Fixed Cost Exposure | Low Delay Risk | Locked → Maximize Utilization,Premium / Priority Pricing
DEL-MUM,2026-01-23,107.43387383256874,0.7909624730651883,1800,112.80556752419717,0.06266975973566509,1687.1944324758028,Maximize Utilization,Stable | High Fixed Cost Exposure | Low Delay Risk | Locked → Maximize Utilization,Premium / Priority Pricing
DEL-MUM,2026-01-24,112.4379682798579,0.7336031267355889,1800,101.19417145187211,0.05621898413992895,1698.805828548128,Balanced Allocation,Volatile | High Fixed Cost Exposure | Low Delay Risk | Locked → Balanced Allocation,Standard Contract Pricing
DEL-MUM,2026-01-25,24.003997152404395,0.2106606931268623,1800,21.603597437163955,0.012001998576202197,1778.396402562836,Balanced Allocation,Volatile | High Fixed Cost Exposure | Low Delay Risk | Locked → Balanced Allocation,Standard Contract Pricing
DEL-MUM,2026-01-26,116.82088459427364,0.7223186863518065,1800,105.13879613484627,0.05841044229713682,1694.8612038651538,Balanced Allocation,Volatile | High Fixed Cost Exposure | Low Delay Risk | Locked → Balanced Allocation,Standard Contract Pricing
DEL-MUM,2026-01-27,154.46622462105296,0.8979221165433009,1800,162.18953585210562,0.09010529769561423,1637.8104641478944,Maximize Utilization,Stable | High Fixed Cost Exposure | Low Delay Risk | Locked → Maximize Utilization,Premium / Priority Pricing
DEL-MUM,2026-01-28,70.99866726548146,0.5378223548627021,1800,63.898800538933315,0.03549933363274073,1736.1011994610667,Balanced Allocation,Volatile | High Fixed Cost Exposure | Low Delay Risk | Locked → Balanced Allocation,Standard Contract Pricing
DEL-MUM,2026-01-29,59.99510090757786,0.4585697487745577,1800,53.99559081682007,0.029997550453788928,1746.0044091831799,Balanced Allocation,Volatile | High Fixed Cost Exposure | Low Delay Risk | Locked → Balanced Allocation,Standard Contract Pricing
DEL-MUM,2026-01-30,216.2474070055769,0.8360468589137645,1800,227.05977735585574,0.1261443207532532,1572.9402226441443,Maximize Utilization,Stable | High Fixed Cost Exposure | Low Delay Risk | Locked → Maximize Utilization,Premium / Priority Pricing
DEL-MUM,2026-01-31,8.754289386141352,0.0754740772511387,1800,7.878860447527217,0.004377144693070676,1792.1211395524729,Balanced Allocation,Volatile | High Fixed Cost Exposure | Low Delay Risk | Locked → Balanced Allocation,Standard Contract Pricing
DEL-MUM,2026-02-01,260.433541325596,0.8536477173422823,1800,273.45521839187586,0.15191956577326438,1526.5447816081241,Maximize Utilization,Stable | High Fixed Cost Exposure | Low Delay Risk | Locked → Maximize Utilization,Premium / Priority Pricing
DEL-MUM,2026-02-02,8.49248792652179,0.0784903393624137,1800,7.643239133869611,0.004246243963260895,1792.3567608661303,Balanced Allocation,Volatile | High Fixed Cost Exposure | Low Delay Risk | Locked → Balanced Allocation,Standard Contract Pricing
DEL-MUM,2026-02-03,119.1286004863892,0.7392971307937755,1800,107.21574043775028,0.059564300243194604,1692.7842595622496,Balanced Allocation,Volatile | High Fixed Cost Exposure | Low Delay Risk | Locked → Balanced Allocation,Standard Contract Pricing
DEL-MUM,2026-02-04,1444.1492402092315,0.7491426483539846,1800,1299.7343161883084,0.7220746201046158,500.2656838116916,Balanced Allocation,Volatile | High Fixed Cost Exposure | Low Delay Risk | Locked → Balanced Allocation,Standard Contract Pricing
DEL-MUM,2026-02-05,31.162887309978544,0.2606226336468221,1800,28.04659857898069,0.015581443654989272,1771.9534014210194,Balanced Allocation,Volatile | High Fixed Cost Exposure | Low Delay Risk | Locked → Balanced Allocation,Standard Contract Pricing
DEL-MUM,2026-02-06,45.11387692374933,0.349751206740313,1800,40.6024892313744,0.022556938461874666,1759.3975107686256,Balanced Allocation,Volatile | High Fixed Cost Exposure | Low Delay Risk | Locked → Balanced Allocation,Standard Contract Pricing
DEL-MUM,2026-02-07,159.0573148083996,0.960451910987492,1800,167.0101805488196,0.0927834336382331,1632.9898194511804,Maximize Utilization,Stable | High Fixed Cost Exposure | Low Delay Risk | Locked → Maximize Utilization,Premium / Priority Pricing
DEL-MUM,2026-02-08,36.911466467162825,0.299783437625193,1800,33.22031982044654,0.018455733233581413,1766.7796801795535,Balanced Allocation,Volatile | High Fixed Cost Exposure | Low Delay Risk | Locked → Balanced Allocation,Standard Contract Pricing
DEL-MUM,2026-02-09,52.437669216029576,0.4253411474151435,1800,47.19390229442662,0.02621883460801479,1752.8060977055734,Balanced Allocation,Volatile | High Fixed Cost Exposure | Low Delay Risk | Locked → Balanced Allocation,Standard Contract Pricing
DEL-MUM,2026-02-10,25.246150046933398,0.1883794454922749,1800,22.72153504224006,0.0126230750234667,1777.27846495776,Balanced Allocation,Volatile | High Fixed Cost Exposure | Low Delay Risk | Locked → Balanced Allocation,Standard Contract Pricing
DEL-MUM,2026-02-11,199.18720034801,0.950358702033591,1800,209.14656036541052,0.11619253353633918,1590.8534396345894,Maximize Utilization,Stable | High Fixed Cost Exposure | Low Delay Risk | Locked → Maximize Utilization,Premium / Priority Pricing
DEL-MUM,2026-02-12,186.244054226256,0.9326235891470186,1800,195.5562569375688,0.108642364965316,1604.4437430624312,Maximize Utilization,Stable | High Fixed Cost Exposure | Low Delay Risk | Locked → Maximize Utilization,Premium / Priority Pricing
DEL-MUM,2026-02-13,2011.4679086395136,0.9606252708166876,1800,1800.0,1.0,0.0,Maximize Utilization,Stable | High Fixed Cost Exposure | Low Delay Risk | Locked → Maximize Utilization,Premium / Priority Pricing
DEL-MUM,2026-02-14,118.8199201350712,0.7609380693825554,1800,124.76091614182477,0.06931162007879153,1675.2390838581753,Maximize Utilization,Stable | High Fixed Cost Exposure | Low Delay Risk | Locked → Maximize Utilization,Premium / Priority Pricing
DEL-MUM,2026-02-15,284.5554808030561,0.7147534587921449,1800,256.0999327227505,0.14227774040152807,1543.9000672772495,Balanced Allocation,Volatile | High Fixed Cost Exposure | Low Delay Risk | Locked → Balanced Allocation,Standard Contract Pricing
DEL-MUM,2026-02-16,21.209397309318547,0.1766395147598548,1800,19.08845757838669,0.010604698654659272,1780.9115424216134,Balanced Allocation,Volatile | High Fixed Cost Exposure | Low Delay Risk | Locked → Balanced Allocation,Standard Contract Pricing
DEL-MUM,2026-02-17,270.9836385418035,0.7972903693013145,1800,284.53282046889365,0.15807378914938536,1515.4671795311065,Maximize Utilization,Stable | High Fixed Cost Exposure | Low Delay Risk | Locked → Maximize Utilization,Premium / Priority Pricing
DEL-MUM,2026-02-18,1258.7367591118984,0.447704178798919,1800,1132.8630832007086,0.6293683795559493,667.1369167992914,Balanced Allocation,Volatile | High Fixed Cost Exposure | Low Delay Risk | Locked → Balanced Allocation,Standard Contract Pricing
DEL-MUM,2026-02-19,213.306070110754,0.8756334391351592,1800,223.97137361629171,0.12442854089793984,1576.0286263837083,Maximize Utilization,Stable | High Fixed Cost Exposure | Low Delay Risk | Locked → Maximize Utilization,Premium / Priority Pricing
DEL-MUM,2026-02-20,211.59057952717632,0.881465718960379,1800,222.17010850353515,0.12342783805751953,1577.8298914964648,Maximize Utilization,Stable | High Fixed Cost Exposure | Low Delay Risk | Locked → Maximize Utilization,Premium / Priority Pricing
DEL-MUM,2026-02-21,159.49223450219557,0.9538546691661104,1800,167.46684622730535,0.09303713679294742,1632.5331537726947,Maximize Utilization,Stable | High Fixed Cost Exposure | Low Delay Risk | Locked → Maximize Utilization,Premium / Priority Pricing
DEL-MUM,2026-02-22,118.96024033570922,0.8167105585404189,1800,124.90825235249469,0.06939347352916371,1675.0917476475054,Maximize Utilization,Stable | High Fixed Cost Exposure | Low Delay Risk | Locked → Maximize Utilization,Premium / Priority Pricing
DEL-MUM,2026-02-23,302.2636255787084,0.7984260995996137,1800,317.3768068576438,0.17632044825424656,1482.6231931423563,Maximize Utilization,Stable | High Fixed Cost Exposure | Low Delay Risk | Locked → Maximize Utilization,Premium / Priority Pricing
DEL-MUM,2026-02-24,62.81517505977882,0.4407104580178032,1800,56.533657553800936,0.03140758752988941,1743.4663424461992,Balanced Allocation,Volatile | High Fixed Cost Exposure | Low Delay Risk | Locked → Balanced Allocation,Standard Contract Pricing
DEL-MUM,2026-02-25,139.18192865288046,0.864817032217444,1800,146.1410250855245,0.08118945838084694,1653.8589749144755,Maximize Utilization,Stable | High Fixed Cost Exposure | Low Delay Risk | Locked → Maximize Utilization,Premium / Priority Pricing
DEL-MUM,2026-02-26,-38.93024751445881,0.0,1800,-35.037222763012934,0.0,1835.037222763013,Balanced Allocation,Volatile | High Fixed Cost Exposure | Low Delay Risk | Locked → Balanced Allocation,Standard Contract Pricing
DEL-MUM,2026-02-27,60.91112396646338,0.4422269620092759,1800,54.82001156981704,0.03045556198323169,1745.179988430183,Balanced Allocation,Volatile | High Fixed Cost Exposure | Low Delay Risk | Locked → Balanced Allocation,Standard Contract Pricing
DEL-MUM,2026-02-28,85.86345157483083,0.5144152689552335,1800,77.27710641734775,0.04293172578741542,1722.7228935826522,Balanced Allocation,Volatile | High Fixed Cost Exposure | Low Delay Risk | Locked → Balanced Allocation,Standard Contract Pricing
DEL-MUM,2026-03-01,148.70456690657545,0.8426526396702703,1800,156.13979525190422,0.08674433069550234,1643.8602047480958,Maximize Utilization,Stable | High Fixed Cost Exposure | Low Delay Risk | Locked → Maximize Utilization,Premium / Priority Pricing
DEL-MUM,2026-01-01,16.730468878573163,0.1459360871314738,1800,15.057421990715847,0.008365234439286582,1784.9425780092843,Balanced Allocation,Volatile | High Fixed Cost Exposure | Low Delay Risk | Locked → Balanced Allocation,Standard Contract Pricing
DEL-MUM,2026-01-02,228.1882914877146,0.7339644844514326,1800,205.36946233894315,0.1140941457438573,1594.630537661057,Balanced Allocation,Volatile | High Fixed Cost Exposure | Low Delay Risk | Locked → Balanced Allocation,Standard Contract Pricing
DEL-MUM,2026-01-03,1.2210090900171051,0.0117844852968216,1800,1.0989081810153947,0.0006105045450085526,1798.9010918189847,Balanced Allocation,Volatile | High Fixed Cost Exposure | Low Delay Risk | Locked → Balanced Allocation,Standard Contract Pricing
DEL-MUM,2026-01-04,-23.20601712830984,0.0,1800,-20.885415415478857,0.0,1820.8854154154787,Balanced Allocation,Volatile | High Fixed Cost Exposure | Low Delay Risk | Locked → Balanced Allocation,Standard Contract Pricing
DEL-MUM,2026-01-05,237.31922588344656,0.7322575967745595,1800,213.58730329510192,0.1186596129417233,1586.412696704898,Balanced Allocation,Volatile | High Fixed Cost Exposure | Low Delay Risk | Locked → Balanced Allocation,Standard Contract Pricing
DEL-MUM,2026-01-06,86.65906530330926,0.6634349359823065,1800,77.99315877297833,0.04332953265165463,1722.0068412270216,Balanced Allocation,Volatile | High Fixed Cost Exposure | Low Delay Risk | Locked → Balanced Allocation,Standard Contract Pricing
DEL-MUM,2026-01-07,54.41967106308874,0.4359760801698139,1800,48.97770395677987,0.027209835531544373,1751.0222960432202,Balanced Allocation,Volatile | High Fixed Cost Exposure | Low Delay Risk | Locked → Balanced Allocation,Standard Contract Pricing
DEL-MUM,2026-01-08,-73.23897748778066,0.0,1800,-65.91507973900259,0.0,1865.9150797390025,Balanced Allocation,Volatile | High Fixed Cost Exposure | Low Delay Risk | Locked → Balanced Allocation,Standard Contract Pricing
DEL-MUM,2026-01-09,90.14489916127816,0.5818592351654548,1800,81.13040924515035,0.04507244958063908,1718.8695907548497,Balanced Allocation,Volatile | High Fixed Cost Exposure | Low Delay Risk | Locked → Balanced Allocation,Standard Contract Pricing
DEL-MUM,2026-01-10,269.0926546324643,0.765524264117238,1800,282.54728736408754,0.15697071520227085,1517.4527126359126,Maximize Utilization,Stable | High Fixed Cost Exposure | Low Delay Risk | Locked → Maximize Utilization,Premium / Priority Pricing
DEL-MUM,2026-01-11,172.9027636400118,0.9932745576865392,1800,181.54790182201242,0.10085994545667357,1618.4520981779876,Maximize Utilization,Stable | High Fixed Cost Exposure | Low Delay Risk | Locked → Maximize Utilization,Premium / Priority Pricing
DEL-MUM,2026-01-12,127.85585469989678,0.7626068778609408,1800,134.24864743489164,0.07458258190827313,1665.7513525651084,Maximize Utilization,Stable | High Fixed Cost Exposure | Low Delay Risk | Locked → Maximize Utilization,Premium / Priority Pricing
DEL-MUM,2026-01-13,1074.2294976986964,0.4266111304202328,1800,966.8065479288267,0.5371147488493482,833.1934520711733,Balanced Allocation,Volatile | High Fixed Cost Exposure | Low Delay Risk | Locked → Balanced Allocation,Standard Contract Pricing
DEL-MUM,2026-01-14,191.8479111904749,0.8787744947329987,1800,201.44030674999865,0.11191128152777703,1598.5596932500014,Maximize Utilization,Stable | High Fixed Cost Exposure | Low Delay Risk | Locked → Maximize Utilization,Premium / Priority Pricing
DEL-MUM,2026-01-15,-32.923849704250586,0.0,1800,-29.631464733825528,0.0,1829.6314647338256,Balanced Allocation,Volatile | High Fixed Cost Exposure | Low Delay Risk | Locked → Balanced Allocation,Standard Contract Pricing
DEL-MUM,2026-01-16,41.474622534882826,0.3257823623001625,1800,37.32716028139455,0.020737311267441414,1762.6728397186055,Balanced Allocation,Volatile | High Fixed Cost Exposure | Low Delay Risk | Locked → Balanced Allocation,Standard Contract Pricing
DEL-MUM,2026-01-17,175.99504136592532,0.91836137647187,1800,184.7947934342216,0.1026637741301231,1615.2052065657783,Maximize Utilization,Stable | High Fixed Cost Exposure | Low Delay Risk | Locked → Maximize Utilization,Premium / Priority Pricing
DEL-MUM,2026-01-18,65.98613982811281,0.5091341718580829,1800,59.38752584530153,0.03299306991405641,1740.6124741546985,Balanced Allocation,Volatile | High Fixed Cost Exposure | Low Delay Risk | Locked → Balanced Allocation,Standard Contract Pricing
DEL-MUM,2026-01-19,1828.7078288895468,0.9463064948652916,1800,1800.0,1.0,0.0,Maximize Utilization,Stable | High Fixed Cost Exposure | Low Delay Risk | Locked → Maximize Utilization,Premium / Priority Pricing
DEL-MUM,2026-01-20,197.8249461367413,0.8306212056649168,1800,207.71619344357836,0.11539788524643242,1592.2838065564217,Maximize Utilization,Stable | High Fixed Cost Exposure | Low Delay Risk | Locked → Maximize Utilization,Premium / Priority Pricing
DEL-MUM,2026-01-21,66.33303298471537,0.4732157140698364,1800,59.699729686243835,0.03316651649235769,1740.300270313756,Balanced Allocation,Volatile | High Fixed Cost Exposure | Low Delay Risk | Locked → Balanced Allocation,Standard Contract Pricing
DEL-MUM,2026-01-22,94.2897445631316,0.6057368952834068,1800,84.86077010681845,0.0471448722815658,1715.1392298931814,Balanced Allocation,Volatile | High Fixed Cost Exposure | Low Delay Risk | Locked → Balanced Allocation,Standard Contract Pricing
DEL-MUM,2026-01-23,-62.86722176938582,0.0,1800,-56.58049959244724,0.0,1856.5804995924473,Balanced Allocation,Volatile | High Fixed Cost Exposure | Low Delay Risk | Locked → Balanced Allocation,Standard Contract Pricing
DEL-MUM,2026-01-24,1915.4624115870884,0.9333359060994412,1800,1800.0,1.0,0.0,Maximize Utilization,Stable | High Fixed Cost Exposure | Low Delay Risk | Locked → Maximize Utilization,Premium / Priority Pricing
DEL-MUM,2026-01-25,66.7054878566264,0.5143735498962032,1800,60.034939070963766,0.0333527439283132,1739.9650609290363,Balanced Allocation,Volatile | High Fixed Cost Exposure | Low Delay Risk | Locked → Balanced Allocation,Standard Contract Pricing
DEL-MUM,2026-01-26,-1.1136679145544122,0.0,1800,-1.002301123098971,0.0,1801.002301123099,Balanced Allocation,Volatile | High Fixed Cost Exposure | Low Delay Risk | Locked → Balanced Allocation,Standard Contract Pricing
DEL-MUM,2026-01-27,-49.643047503920286,0.0,1800,-44.67874275352826,0.0,1844.6787427535282,Balanced Allocation,Volatile | High Fixed Cost Exposure | Low Delay Risk | Locked → Balanced Allocation,Standard Contract Pricing
DEL-MUM,2026-01-28,205.7910005265689,0.821567738488368,1800,216.08055055289734,0.12004475030716519,1583.9194494471026,Maximize Utilization,Stable | High Fixed Cost Exposure | Low Delay Risk | Locked → Maximize Utilization,Premium / Priority Pricing
DEL-MUM,2026-01-29,92.35427564106992,0.6510644108348682,1800,83.11884807696293,0.046177137820534966,1716.8811519230371,Balanced Allocation,Volatile | High Fixed Cost Exposure | Low Delay Risk | Locked → Balanced Allocation,Standard Contract Pricing
DEL-MUM,2026-01-30,72.64987539960185,0.5680554305776936,1800,65.38488785964167,0.03632493769980093,1734.6151121403584,Balanced Allocation,Volatile | High Fixed Cost Exposure | Low Delay Risk | Locked → Balanced Allocation,Standard Contract Pricing
DEL-MUM,2026-01-31,54.63972065059244,0.4188883466527227,1800,49.17574858553319,0.02731986032529622,1750.8242514144667,Balanced Allocation,Volatile | High Fixed Cost Exposure | Low Delay Risk | Locked → Balanced Allocation,Standard Contract Pricing
DEL-MUM,2026-02-01,-98.28925186505174,0.0,1800,-88.46032667854656,0.0,1888.4603266785466,Balanced Allocation,Volatile | High Fixed Cost Exposure | Low Delay Risk | Locked → Balanced Allocation,Standard Contract Pricing
DEL-MUM,2026-02-02,-4.046870044723221,0.0,1800,-3.642183040250899,0.0,1803.642183040251,Balanced Allocation,Volatile | High Fixed Cost Exposure | Low Delay Risk | Locked → Balanced Allocation,Standard Contract Pricing
DEL-MUM,2026-02-03,3.430418803269731,0.0316778788146492,1800,3.087376922942758,0.0017152094016348656,1796.9126230770573,Balanced Allocation,Volatile | High Fixed Cost Exposure | Low Delay Risk | Locked → Balanced Allocation,Standard Contract Pricing
DEL-MUM,2026-02-04,-12.05983029212075,0.0,1800,-10.853847262908676,0.0,1810.8538472629086,Balanced Allocation,Volatile | High Fixed Cost Exposure | Low Delay Risk | Locked → Balanced Allocation,Standard Contract Pricing
DEL-MUM,2026-02-05,-81.90408335908958,0.0,1800,-73.71367502318063,0.0,1873.7136750231807,Balanced Allocation,Volatile | High Fixed Cost Exposure | Low Delay Risk | Locked → Balanced Allocation,Standard Contract Pricing
DEL-MUM,2026-02-06,129.6207391220462,0.8036877147445727,1800,136.1017760781485,0.07561209782119362,1663.8982239218515,Maximize Utilization,Stable | High Fixed Cost Exposure | Low Delay Risk | Locked → Maximize Utilization,Premium / Priority Pricing
DEL-MUM,2026-02-07,14.798631312906764,0.1332742565220612,1800,13.318768181616088,0.007399315656453382,1786.6812318183838,Balanced Allocation,Volatile | High Fixed Cost Exposure | Low Delay Risk | Locked → Balanced Allocation,Standard Contract Pricing
DEL-MUM,2026-02-08,153.39669625358982,0.9379858906342872,1800,161.06653106626933,0.0894814061479274,1638.9334689337306,Maximize Utilization,Stable | High Fixed Cost Exposure | Low Delay Risk | Locked → Maximize Utilization,Premium / Priority Pricing
DEL-MUM,2026-02-09,-19.35442224394086,0.0,1800,-17.418980019546776,0.0,1817.4189800195468,Balanced Allocation,Volatile | High Fixed Cost Exposure | Low Delay Risk | Locked → Balanced Allocation,Standard Contract Pricing
DEL-MUM,2026-02-10,-90.8695285971026,0.0,1800,-81.78257573739235,0.0,1881.7825757373923,Balanced Allocation,Volatile | High Fixed Cost Exposure | Low Delay Risk | Locked → Balanced Allocation,Standard Contract Pricing
DEL-MUM,2026-02-11,2167.5702119739926,0.7227543444715758,1800,1800.0,1.0,0.0,Balanced Allocation,Volatile | High Fixed Cost Exposure | Low Delay Risk | Locked → Balanced Allocation,Standard Contract Pricing
DEL-MUM,2026-02-12,-13.17172837834812,0.0,1800,-11.854555540513308,0.0,1811.8545555405133,Balanced Allocation,Volatile | High Fixed Cost Exposure | Low Delay Risk | Locked → Balanced Allocation,Standard Contract Pricing
DEL-MUM,2026-02-13,-108.28625374056828,0.0,1800,-97.45762836651146,0.0,1897.4576283665115,Balanced Allocation,Volatile | High Fixed Cost Exposure | Low Delay Risk | Locked → Balanced Allocation,Standard Contract Pricing
DEL-MUM,2026-02-14,-103.2617530265355,0.0,1800,-92.93557772388195,0.0,1892.935577723882,Balanced Allocation,Volatile | High Fixed Cost Exposure | Low Delay Risk | Locked → Balanced Allocation,Standard Contract Pricing
DEL-MUM,2026-02-15,-106.67411335178136,0.0,1800,-96.00670201660323,0.0,1896.0067020166032,Balanced Allocation,Volatile | High Fixed Cost Exposure | Low Delay Risk | Locked → Balanced Allocation,Standard Contract Pricing
DEL-MUM,2026-02-16,70.88658472343997,0.5736201181349994,1800,63.79792625109597,0.03544329236171998,1736.202073748904,Balanced Allocation,Volatile | High Fixed Cost Exposure | Low Delay Risk | Locked → Balanced Allocation,Standard Contract Pricing
DEL-MUM,2026-02-17,-61.7464880836053,0.0,1800,-55.57183927524477,0.0,1855.5718392752447,Balanced Allocation,Volatile | High Fixed Cost Exposure | Low Delay Risk | Locked → Balanced Allocation,Standard Contract Pricing
DEL-MUM,2026-02-18,-82.8542984046297,0.0,1800,-74.56886856416673,0.0,1874.5688685641667,Balanced Allocation,Volatile | High Fixed Cost Exposure | Low Delay Risk | Locked → Balanced Allocation,Standard Contract Pricing
DEL-MUM,2026-02-19,150.80457776904376,0.9777568302594356,1800,158.34480665749595,0.0879693370319422,1641.655193342504,Maximize Utilization,Stable | High Fixed Cost Exposure | Low Delay Risk | Locked → Maximize Utilization,Premium / Priority Pricing
DEL-MUM,2026-02-20,-30.855195164778934,0.0,1800,-27.769675648301043,0.0,1827.769675648301,Balanced Allocation,Volatile | High Fixed Cost Exposure | Low Delay Risk | Locked → Balanced Allocation,Standard Contract Pricing
DEL-MUM,2026-02-21,70.4070769581844,0.5735287478051256,1800,63.366369262365964,0.0352035384790922,1736.6336307376341,Balanced Allocation,Volatile | High Fixed Cost Exposure | Low Delay Risk | Locked → Balanced Allocation,Standard Contract Pricing
DEL-MUM,2026-02-22,12.305290613300484,0.108484879309137,1800,11.074761551970436,0.0061526453066502425,1788.9252384480296,Balanced Allocation,Volatile | High Fixed Cost Exposure | Low Delay Risk | Locked → Balanced Allocation,Standard Contract Pricing
DEL-MUM,2026-02-23,1335.2710330162188,0.4485219377129947,1800,1201.743929714597,0.6676355165081095,598.256070285403,Balanced Allocation,Volatile | High Fixed Cost Exposure | Low Delay Risk | Locked → Balanced Allocation,Standard Contract Pricing
DEL-MUM,2026-02-24,183.4071320611726,0.9287191154348486,1800,192.57748866423125,0.1069874937023507,1607.4225113357688,Maximize Utilization,Stable | High Fixed Cost Exposure | Low Delay Risk | Locked → Maximize Utilization,Premium / Priority Pricing
DEL-MUM,2026-02-25,47.34952084119601,0.3689519706236225,1800,42.61456875707641,0.023674760420598007,1757.3854312429237,Balanced Allocation,Volatile | High Fixed Cost Exposure | Low Delay Risk | Locked → Balanced Allocation,Standard Contract Pricing
DEL-MUM,2026-02-26,59.785658665426126,0.4725318507307473,1800,53.80709279888352,0.029892829332713065,1746.1929072011164,Balanced Allocation,Volatile | High Fixed Cost Exposure | Low Delay Risk | Locked → Balanced Allocation,Standard Contract Pricing
DEL-MUM,2026-02-27,851.0161670343587,0.6120384837902642,1800,765.9145503309228,0.42550808351717934,1034.0854496690772,Balanced Allocation,Volatile | High Fixed Cost Exposure | Low Delay Risk | Locked → Balanced Allocation,Standard Contract Pricing
DEL-MUM,2026-02-28,964.9205304511164,0.9562145971528953,1800,1013.1665569736723,0.562870309429818,786.8334430263277,Maximize Utilization,Stable | High Fixed Cost Exposure | Low Delay Risk | Locked → Maximize Utilization,Premium / Priority Pricing
DEL-MUM,2026-03-01,682.7608315968444,0.8015813045239109,1800,716.8988731766866,0.39827715176482587,1083.1011268233133,Maximize Utilization,Stable | High Fixed Cost Exposure | Low Delay Risk | Locked → Maximize Utilization,Premium / Priority Pricing
DEL-MUM,2026-01-01,-140.73094307085495,0.0,1800,-126.65784876376945,0.0,1926.6578487637694,Balanced Allocation,Volatile | High Fixed Cost Exposure | Low Delay Risk | Locked → Balanced Allocation,Standard Contract Pricing
DEL-MUM,2026-01-02,-157.10301707046102,0.0,1800,-141.39271536341494,0.0,1941.392715363415,Balanced Allocation,Volatile | High Fixed Cost Exposure | Low Delay Risk | Locked → Balanced Allocation,Standard Contract Pricing
DEL-MUM,2026-01-03,565.9526963726282,0.741516769847455,1800,509.35742673536544,0.2829763481863141,1290.6425732646346,Balanced Allocation,Volatile | High Fixed Cost Exposure | Low Delay Risk | Locked → Balanced Allocation,Standard Contract Pricing
DEL-MUM,2026-01-04,237.13148174138888,0.8441472970976908,1800,248.98805582845833,0.13832669768247685,1551.0119441715417,Maximize Utilization,Stable | High Fixed Cost Exposure | Low Delay Risk | Locked → Maximize Utilization,Premium / Priority Pricing
DEL-MUM,2026-01-05,156.47848464647743,0.8873881567478871,1800,164.30240887880132,0.0912791160437785,1635.6975911211987,Maximize Utilization,Stable | High Fixed Cost Exposure | Low Delay Risk | Locked → Maximize Utilization,Premium / Priority Pricing
DEL-MUM,2026-01-06,71.87180803682816,0.5743436261817394,1800,64.68462723314535,0.03593590401841408,1735.3153727668546,Balanced Allocation,Volatile | High Fixed Cost Exposure | Low Delay Risk | Locked → Balanced Allocation,Standard Contract Pricing
DEL-MUM,2026-01-07,208.9601698724337,0.8702677810351012,1800,219.4081783660554,0.12189343242558634,1580.5918216339446,Maximize Utilization,Stable | High Fixed Cost Exposure | Low Delay Risk | Locked → Maximize Utilization,Premium / Priority Pricing
DEL-MUM,2026-01-08,13.29027269362672,0.1173997187653385,1800,11.961245424264048,0.0066451363468133596,1788.038754575736,Balanced Allocation,Volatile | High Fixed Cost Exposure | Low Delay Risk | Locked → Balanced Allocation,Standard Contract Pricing
DEL-MUM,2026-01-09,99.8221845556394,0.6841417951966828,1800,89.83996610007546,0.0499110922778197,1710.1600338999247,Balanced Allocation,Volatile | High Fixed Cost Exposure | Low Delay Risk | Locked → Balanced Allocation,Standard Contract Pricing
DEL-MUM,2026-01-10,218.67610176925683,0.7847356280397907,1800,229.6099068577197,0.12756105936539983,1570.3900931422804,Maximize Utilization,Stable | High Fixed Cost Exposure | Low Delay Risk | Locked → Maximize Utilization,Premium / Priority Pricing
DEL-MUM,2026-01-11,19.403139933287605,0.1662353153336566,1800,17.462825939958844,0.009701569966643802,1782.5371740600413,Balanced Allocation,Volatile | High Fixed Cost Exposure | Low Delay Risk | Locked → Balanced Allocation,Standard Contract Pricing
DEL-MUM,2026-01-12,78.70510699666772,0.5913248873487715,1800,70.83459629700096,0.039352553498333866,1729.1654037029991,Balanced Allocation,Volatile | High Fixed Cost Exposure | Low Delay Risk | Locked → Balanced Allocation,Standard Contract Pricing
DEL-MUM,2026-01-13,-106.30573735903424,0.0,1800,-95.67516362313081,0.0,1895.6751636231309,Balanced Allocation,Volatile | High Fixed Cost Exposure | Low Delay Risk | Locked → Balanced Allocation,Standard Contract Pricing
DEL-MUM,2026-01-14,1187.109282286379,0.7118988081987971,1800,1068.3983540577412,0.5935546411431896,731.6016459422588,Balanced Allocation,Volatile | High Fixed Cost Exposure | Low Delay Risk | Locked → Balanced Allocation,Standard Contract Pricing
DEL-MUM,2026-01-15,159.67607968387065,0.9627680554669988,1800,167.6598836680642,0.09314437981559122,1632.3401163319359,Maximize Utilization,Stable | High Fixed Cost Exposure | Low Delay Risk | Locked → Maximize Utilization,Premium / Priority Pricing
DEL-MUM,2026-01-16,102.50466756286647,0.7271048169198402,1800,92.25420080657983,0.05125233378143324,1707.7457991934202,Balanced Allocation,Volatile | High Fixed Cost Exposure | Low Delay Risk | Locked → Balanced Allocation,Standard Contract Pricing
DEL-MUM,2026-01-17,27.15169011626665,0.2373115668823039,1800,24.436521104639986,0.013575845058133326,1775.56347889536,Balanced Allocation,Volatile | High Fixed Cost Exposure | Low Delay Risk | Locked → Balanced Allocation,Standard Contract Pricing
DEL-MUM,2026-01-18,-35.188414925050324,0.0,1800,-31.669573432545292,0.0,1831.6695734325453,Balanced Allocation,Volatile | High Fixed Cost Exposure | Low Delay Risk | Locked → Balanced Allocation,Standard Contract Pricing
DEL-MUM,2026-01-19,55.49605976720102,0.4238210985492321,1800,49.946453790480916,0.02774802988360051,1750.053546209519,Balanced Allocation,Volatile | High Fixed Cost Exposure | Low Delay Risk | Locked → Balanced Allocation,Standard Contract Pricing
DEL-MUM,2026-01-20,-63.177946821557725,0.0,1800,-56.860152139401954,0.0,1856.8601521394019,Balanced Allocation,Volatile | High Fixed Cost Exposure | Low Delay Risk | Locked → Balanced Allocation,Standard Contract Pricing
DEL-MUM,2026-01-21,75.01359803716429,0.557740256404462,1800,67.51223823344786,0.03750679901858214,1732.4877617665522,Balanced Allocation,Volatile | High Fixed Cost Exposure | Low Delay Risk | Locked → Balanced Allocation,Standard Contract Pricing
DEL-MUM,2026-01-22,143.54036941096683,0.8148249083106818,1800,150.71738788151518,0.08373188215639732,1649.2826121184848,Maximize Utilization,Stable | High Fixed Cost Exposure | Low Delay Risk | Locked → Maximize Utilization,Premium / Priority Pricing
DEL-MUM,2026-01-23,693.2494135957845,0.5211130978165739,1800,623.924472236206,0.34662470679789226,1176.075527763794,Balanced Allocation,Volatile | High Fixed Cost Exposure | Low Delay Risk | Locked → Balanced Allocation,Standard Contract Pricing
DEL-MUM,2026-01-24,22.59175608724945,0.1950243360845424,1800,20.332580478524505,0.011295878043624726,1779.6674195214755,Balanced Allocation,Volatile | High Fixed Cost Exposure | Low Delay Risk | Locked → Balanced Allocation,Standard Contract Pricing
DEL-MUM,2026-01-25,20.935877604339908,0.1722962751310374,1800,18.842289843905917,0.010467938802169953,1781.157710156094,Balanced Allocation,Volatile | High Fixed Cost Exposure | Low Delay Risk | Locked → Balanced Allocation,Standard Contract Pricing
DEL-MUM,2026-01-26,135.29368817204517,0.8955673510426316,1800,142.05837258064744,0.0789213181003597,1657.9416274193525,Maximize Utilization,Stable | High Fixed Cost Exposure | Low Delay Risk | Locked → Maximize Utilization,Premium / Priority Pricing
DEL-MUM,2026-01-27,1671.444248592497,0.0,1800,1504.2998237332472,0.8357221242962485,295.7001762667528,Balanced Allocation,Volatile | High Fixed Cost Exposure | Low Delay Risk | Locked → Balanced Allocation,Standard Contract Pricing
DEL-MUM,2026-01-28,70.01088583712902,0.5533909359210573,1800,63.009797253416124,0.035005442918564514,1736.990202746584,Balanced Allocation,Volatile | High Fixed Cost Exposure | Low Delay Risk | Locked → Balanced Allocation,Standard Contract Pricing
DEL-MUM,2026-01-29,-57.86721043105268,0.0,1800,-52.080489387947416,0.0,1852.0804893879474,Balanced Allocation,Volatile | High Fixed Cost Exposure | Low Delay Risk | Locked → Balanced Allocation,Standard Contract Pricing
DEL-MUM,2026-01-30,60.18925520788389,0.4855145122793165,1800,54.1703296870955,0.030094627603941947,1745.8296703129045,Balanced Allocation,Volatile | High Fixed Cost Exposure | Low Delay Risk | Locked → Balanced Allocation,Standard Contract Pricing
DEL-MUM,2026-01-31,-90.4020781484503,0.0,1800,-81.36187033360527,0.0,1881.3618703336053,Balanced Allocation,Volatile | High Fixed Cost Exposure | Low Delay Risk | Locked → Balanced Allocation,Standard Contract Pricing
DEL-MUM,2026-02-01,715.3087432181717,0.626330389006309,1800,643.7778688963546,0.35765437160908586,1156.2221311036456,Balanced Allocation,Volatile | High Fixed Cost Exposure | Low Delay Risk | Locked → Balanced Allocation,Standard Contract Pricing
DEL-MUM,2026-02-02,1400.1222660214669,0.9506230039737816,1800,1470.1283793225402,0.8167379885125223,329.87162067745976,Maximize Utilization,Stable | High Fixed Cost Exposure | Low Delay Risk | Locked → Maximize Utilization,Premium / Priority Pricing
DEL-MUM,2026-02-03,1687.944476055682,0.0,1800,1519.1500284501137,0.8439722380278409,280.8499715498863,Balanced Allocation,Volatile | High Fixed Cost Exposure | Low Delay Risk | Locked → Balanced Allocation,Standard Contract Pricing
DEL-MUM,2026-02-04,1872.7203080274312,0.8524398428926512,1800,1800.0,1.0,0.0,Maximize Utilization,Stable | High Fixed Cost Exposure | Low Delay Risk | Locked → Maximize Utilization,Premium / Priority Pricing
DEL-MUM,2026-02-05,78.46049713903545,0.6658169920801132,1800,70.61444742513191,0.03923024856951773,1729.3855525748681,Balanced Allocation,Volatile | High Fixed Cost Exposure | Low Delay Risk | Locked → Balanced Allocation,Standard Contract Pricing
DEL-MUM,2026-02-06,111.7364035544578,0.7533616575054921,1800,117.3232237321807,0.06517956874010039,1682.6767762678194,Maximize Utilization,Stable | High Fixed Cost Exposure | Low Delay Risk | Locked → Maximize Utilization,Premium / Priority Pricing
DEL-MUM,2026-02-07,77.54598166988228,0.5577910722065105,1800,69.79138350289405,0.03877299083494114,1730.208616497106,Balanced Allocation,Volatile | High Fixed Cost Exposure | Low Delay Risk | Locked → Balanced Allocation,Standard Contract Pricing
DEL-MUM,2026-02-08,-139.35770187487614,0.0,1800,-125.42193168738854,0.0,1925.4219316873885,Balanced Allocation,Volatile | High Fixed Cost Exposure | Low Delay Risk | Locked → Balanced Allocation,Standard Contract Pricing
DEL-MUM,2026-02-09,1851.2314126478784,0.6669865905874945,1800,1666.1082713830906,0.9256157063239392,133.8917286169094,Balanced Allocation,Volatile | High Fixed Cost Exposure | Low Delay Risk | Locked → Balanced Allocation,Standard Contract Pricing
DEL-MUM,2026-02-10,483.7446355038152,0.6301712711099312,1800,435.37017195343367,0.2418723177519076,1364.6298280465662,Balanced Allocation,Volatile | High Fixed Cost Exposure | Low Delay Risk | Locked → Balanced Allocation,Standard Contract Pricing
DEL-MUM,2026-02-11,-99.72423715102934,0.0,1800,-89.75181343592641,0.0,1889.7518134359264,Balanced Allocation,Volatile | High Fixed Cost Exposure | Low Delay Risk | Locked → Balanced Allocation,Standard Contract Pricing
DEL-MUM,2026-02-12,1102.6184174823206,0.5521367828981367,1800,992.3565757340886,0.5513092087411603,807.6434242659114,Balanced Allocation,Volatile | High Fixed Cost Exposure | Low Delay Risk | Locked → Balanced Allocation,Standard Contract Pricing
DEL-MUM,2026-02-13,53.27534199615008,0.373490119757272,1800,47.94780779653507,0.02663767099807504,1752.052192203465,Balanced Allocation,Volatile | High Fixed Cost Exposure | Low Delay Risk | Locked → Balanced Allocation,Standard Contract Pricing
DEL-MUM,2026-02-14,1035.6567447332006,0.710777194790723,1800,932.0910702598806,0.5178283723666003,867.9089297401194,Balanced Allocation,Volatile | High Fixed Cost Exposure | Low Delay Risk | Locked → Balanced Allocation,Standard Contract Pricing
DEL-MUM,2026-02-15,1761.991121086783,0.7310030257917868,1800,1585.7920089781048,0.8809955605433916,214.20799102189517,Balanced Allocation,Volatile | High Fixed Cost Exposure | Low Delay Risk | Locked → Balanced Allocation,Standard Contract Pricing
DEL-MUM,2026-02-16,123.9038141767561,0.8440661332221797,1800,130.0990048855939,0.07227722493644105,1669.9009951144062,Maximize Utilization,Stable | High Fixed Cost Exposure | Low Delay Risk | Locked → Maximize Utilization,Premium / Priority Pricing
DEL-MUM,2026-02-17,198.9900545274208,0.8265713135642152,1800,208.93955725379183,0.11607753180766213,1591.060442746208,Maximize Utilization,Stable | High Fixed Cost Exposure | Low Delay Risk | Locked → Maximize Utilization,Premium / Priority Pricing
DEL-MUM,2026-02-18,515.6262008575754,0.703336538348573,1800,464.0635807718179,0.25781310042878774,1335.936419228182,Balanced Allocation,Volatile | High Fixed Cost Exposure | Low Delay Risk | Locked → Balanced Allocation,Standard Contract Pricing
DEL-MUM,2026-02-19,1257.1642715066505,0.6565771431414753,1800,1131.4478443559856,0.6285821357533253,668.5521556440144,Balanced Allocation,Volatile | High Fixed Cost Exposure | Low Delay Risk | Locked → Balanced Allocation,Standard Contract Pricing
DEL-MUM,2026-02-20,98.28702878489564,0.6936892581808363,1800,88.45832590640607,0.04914351439244782,1711.5416740935939,Balanced Allocation,Volatile | High Fixed Cost Exposure | Low Delay Risk | Locked → Balanced Allocation,Standard Contract Pricing
DEL-MUM,2026-02-21,39.978903211605086,0.3390465684968725,1800,35.98101289044458,0.019989451605802545,1764.0189871095554,Balanced Allocation,Volatile | High Fixed Cost Exposure | Low Delay Risk | Locked → Balanced Allocation,Standard Contract Pricing
DEL-MUM,2026-02-22,1623.381889027535,0.891969437871007,1800,1704.5509834789118,0.9469727685993955,95.4490165210882,Maximize Utilization,Stable | High Fixed Cost Exposure | Low Delay Risk | Locked → Maximize Utilization,Premium / Priority Pricing
DEL-MUM,2026-02-23,16.692369944726465,0.142909597453998,1800,15.02313295025382,0.008346184972363233,1784.9768670497463,Balanced Allocation,Volatile | High Fixed Cost Exposure | Low Delay Risk | Locked → Balanced Allocation,Standard Contract Pricing
DEL-MUM,2026-02-24,63.472407434182855,0.4733630097266139,1800,57.12516669076457,0.03173620371709143,1742.8748333092353,Balanced Allocation,Volatile | High Fixed Cost Exposure | Low Delay Risk | Locked → Balanced Allocation,Standard Contract Pricing
DEL-MUM,2026-02-25,339.4097698143359,0.7370558571210395,1800,305.4687928329023,0.16970488490716795,1494.5312071670978,Balanced Allocation,Volatile | High Fixed Cost Exposure | Low Delay Risk | Locked → Balanced Allocation,Standard Contract Pricing
DEL-MUM,2026-02-26,11.518733421994853,0.1023720576340897,1800,10.366860079795368,0.005759366710997427,1789.6331399202047,Balanced Allocation,Volatile | High Fixed Cost Exposure | Low Delay Risk | Locked → Balanced Allocation,Standard Contract Pricing
DEL-MUM,2026-02-27,-108.46412665591536,0.0,1800,-97.61771399032384,0.0,1897.6177139903239,Balanced Allocation,Volatile | High Fixed Cost Exposure | Low Delay Risk | Locked → Balanced Allocation,Standard Contract Pricing
DEL-MUM,2026-02-28,2083.679432109331,0.3939517434559565,1800,1800.0,1.0,0.0,Balanced Allocation,Volatile | High Fixed Cost Exposure | Low Delay Risk | Locked → Balanced Allocation,Standard Contract Pricing
DEL-MUM,2026-03-01,17.339806531246722,0.1478761081659168,1800,15.605825878122051,0.008669903265623361,1784.394174121878,Balanced Allocation,Volatile | High Fixed Cost Exposure | Low Delay Risk | Locked → Balanced Allocation,Standard Contract Pricing
DEL-BLR,2026-01-01,1294.6351613779052,0.852475389866537,2275,906.2446129645335,0.3983492804239708,1368.7553870354664,Conservative Loading,Stable | High Fixed Cost Exposure | High Delay Risk | Locked → Conservative Loading,Discount / Spot Pricing
DEL-BLR,2026-01-02,1312.4853713434816,0.8924424737150933,2275,918.739759940437,0.4038416527210712,1356.2602400595629,Conservative Loading,Stable | High Fixed Cost Exposure | High Delay Risk | Locked → Conservative Loading,Discount / Spot Pricing
DEL-BLR,2026-01-03,351.0741752322269,0.7537015915445022,2275,245.7519226625588,0.1080228231483775,2029.2480773374411,Conservative Loading,Stable | High Fixed Cost Exposure | High Delay Risk | Locked → Conservative Loading,Discount / Spot Pricing
DEL-BLR,2026-01-04,102.30591176413446,0.6485055852230668,2275,71.61413823489411,0.03147874208127214,2203.385861765106,Conservative Loading,Volatile | High Fixed Cost Exposure | High Delay Risk | Locked → Conservative Loading,Discount / Spot Pricing
DEL-BLR,2026-01-05,1165.1268660630687,0.8643639818907068,2275,815.588806244148,0.3585005741732519,1459.4111937558519,Conservative Loading,Stable | High Fixed Cost Exposure | High Delay Risk | Locked → Conservative Loading,Discount / Spot Pricing
DEL-BLR,2026-01-06,98.79679205683276,0.6173051515204936,2275,69.15775443978292,0.03039901294056392,2205.842245560217,Conservative Loading,Volatile | High Fixed Cost Exposure | High Delay Risk | Locked → Conservative Loading,Discount / Spot Pricing
DEL-BLR,2026-01-07,165.77933290385016,0.9913348758801424,2275,116.0455330326951,0.05100902550887697,2158.954466967305,Conservative Loading,Stable | High Fixed Cost Exposure | High Delay Risk | Locked → Conservative Loading,Discount / Spot Pricing
DEL-BLR,2026-01-08,27.99201285833243,0.2547289050551391,2275,19.594409000832698,0.008612927033333054,2255.405590999167,Conservative Loading,Volatile | High Fixed Cost Exposure | High Delay Risk | Locked → Conservative Loading,Discount / Spot Pricing
DEL-BLR,2026-01-09,152.2524136392217,0.9943108557521634,2275,106.57668954745517,0.0468468965043759,2168.4233104525447,Conservative Loading,Stable | High Fixed Cost Exposure | High Delay Risk | Locked → Conservative Loading,Discount / Spot Pricing
DEL-BLR,2026-01-10,32.81726969428689,0.2563852224926308,2275,22.972088786000825,0.010097621444395967,2252.0279112139992,Conservative Loading,Volatile | High Fixed Cost Exposure | High Delay Risk | Locked → Conservative Loading,Discount / Spot Pricing
DEL-BLR,2026-01-11,252.34434135885917,0.8541697404890223,2275,176.6410389512014,0.07764441272580282,2098.3589610487984,Conservative Loading,Stable | High Fixed Cost Exposure | High Delay Risk | Locked → Conservative Loading,Discount / Spot Pricing
DEL-BLR,2026-01-12,236.4105919038008,0.8582545717618566,2275,165.48741433266053,0.07274172058578485,2109.5125856673394,Conservative Loading,Stable | High Fixed Cost Exposure | High Delay Risk | Locked → Conservative Loading,Discount / Spot Pricing
DEL-BLR,2026-01-13,234.40843124712893,0.8927572585357186,2275,164.08590187299023,0.07212567115296274,2110.9140981270098,Conservative Loading,Stable | High Fixed Cost Exposure | High Delay Risk | Locked → Conservative Loading,Discount / Spot Pricing
DEL-BLR,2026-01-14,389.8192358842462,0.5543579246206132,2275,272.8734651189723,0.11994438027207574,2002.1265348810277,Conservative Loading,Volatile | High Fixed Cost Exposure | High Delay Risk | Locked → Conservative Loading,Discount / Spot Pricing
DEL-BLR,2026-01-15,150.0046450273104,0.7900761805594831,2275,105.00325151911727,0.04615527539301858,2169.9967484808826,Conservative Loading,Stable | High Fixed Cost Exposure | High Delay Risk | Locked → Conservative Loading,Discount / Spot Pricing
DEL-BLR,2026-01-16,203.1995970766785,0.9561280019536932,2275,142.23971795367493,0.06252295294667029,2132.7602820463253,Conservative Loading,Stable | High Fixed Cost Exposure | High Delay Risk | Locked → Conservative Loading,Discount / Spot Pricing
DEL-BLR,2026-01-17,251.53736319273224,0.8262213006546651,2275,176.07615423491256,0.07739611175160992,2098.923845765087,Conservative Loading,Stable | High Fixed Cost Exposure | High Delay Risk | Locked → Conservative Loading,Discount / Spot Pricing
DEL-BLR,2026-01-18,370.55675116980257,0.6810061093250939,2275,259.3897258188618,0.11401746189840078,2015.6102741811383,Conservative Loading,Volatile | High Fixed Cost Exposure | High Delay Risk | Locked → Conservative Loading,Discount / Spot Pricing
DEL-BLR,2026-01-19,1220.1117645151037,0.97721722309853,2275,854.0782351605725,0.3754190044661857,1420.9217648394274,Conservative Loading,Stable | High Fixed Cost Exposure | High Delay Risk | Locked → Conservative Loading,Discount / Spot Pricing
DEL-BLR,2026-01-20,433.3817042829517,0.651408614363786,2275,303.3671929980662,0.13334821670244668,1971.6328070019338,Conservative Loading,Volatile | High Fixed Cost Exposure | High Delay Risk | Locked → Conservative Loading,Discount / Spot Pricing
DEL-BLR,2026-01-21,2271.185202515861,0.6660063491657724,2275,1589.8296417611025,0.6988262161587264,685.1703582388975,Conservative Loading,Volatile | High Fixed Cost Exposure | High Delay Risk | Locked → Conservative Loading,Discount / Spot Pricing
DEL-BLR,2026-01-22,224.2719183239465,0.9257129493542728,2275,156.99034282676254,0.06900674409967585,2118.0096571732374,Conservative Loading,Stable | High Fixed Cost Exposure | High Delay Risk | Locked → Conservative Loading,Discount / Spot Pricing
DEL-BLR,2026-01-23,247.30671187516413,0.9411845548813929,2275,173.11469831261488,0.07609437288466588,2101.885301687385,Conservative Loading,Stable | High Fixed Cost Exposure | High Delay Risk | Locked → Conservative Loading,Discount / Spot Pricing
DEL-BLR,2026-01-24,121.06584329243134,0.7488685489216244,2275,84.74609030470194,0.03725102870536349,2190.2539096952983,Conservative Loading,Volatile | High Fixed Cost Exposure | High Delay Risk | Locked → Conservative Loading,Discount / Spot Pricing
DEL-BLR,2026-01-25,325.12114166988925,0.8139362442742983,2275,227.58479916892247,0.10003727435996593,2047.4152008310775,Conservative Loading,Stable | High Fixed Cost Exposure | High Delay Risk | Locked → Conservative Loading,Discount / Spot Pricing
DEL-BLR,2026-01-26,366.3603771612175,0.6382819123754309,2275,256.45226401285225,0.11272626989575923,2018.5477359871477,Conservative Loading,Volatile | High Fixed Cost Exposure | High Delay Risk | Locked → Conservative Loading,Discount / Spot Pricing
DEL-BLR,2026-01-27,39.31659950984954,0.3401374313023162,2275,27.521619656894675,0.012097415233799856,2247.4783803431055,Conservative Loading,Volatile | High Fixed Cost Exposure | High Delay Risk | Locked → Conservative Loading,Discount / Spot Pricing
DEL-BLR,2026-01-28,1778.245295676013,0.9198198811288784,2275,1244.7717069732091,0.5471523986695425,1030.2282930267909,Conservative Loading,Stable | High Fixed Cost Exposure | High Delay Risk | Locked → Conservative Loading,Discount / Spot Pricing
DEL-BLR,2026-01-29,159.07764424270096,0.9185811336148908,2275,111.35435096989066,0.0489469674592926,2163.6456490301093,Conservative Loading,Stable | High Fixed Cost Exposure | High Delay Risk | Locked → Conservative Loading,Discount / Spot Pricing
DEL-BLR,2026-01-30,79.68142206971856,0.5475884098549929,2275,55.77699544880299,0.02451736063683648,2219.223004551197,Conservative Loading,Volatile | High Fixed Cost Exposure | High Delay Risk | Locked → Conservative Loading,Discount / Spot Pricing
DEL-BLR,2026-01-31,117.22707723105084,0.8285084096192165,2275,82.05895406173559,0.036069869917246415,2192.9410459382643,Conservative Loading,Stable | High Fixed Cost Exposure | High Delay Risk | Locked → Conservative Loading,Discount / Spot Pricing
DEL-BLR,2026-02-01,46.62124013646326,0.3484627659007917,2275,32.634868095524276,0.014344996965065616,2242.3651319044757,Conservative Loading,Volatile | High Fixed Cost Exposure | High Delay Risk | Locked → Conservative Loading,Discount / Spot Pricing
DEL-BLR,2026-02-02,312.85301744756663,0.723142918495097,2275,218.99711221329662,0.09626246690694357,2056.0028877867035,Conservative Loading,Volatile | High Fixed Cost Exposure | High Delay Risk | Locked → Conservative Loading,Discount / Spot Pricing
DEL-BLR,2026-02-03,256.9391464343208,0.7922826238029735,2275,179.85740250402452,0.07905819890286792,2095.1425974959757,Conservative Loading,Stable | High Fixed Cost Exposure | High Delay Risk | Locked → Conservative Loading,Discount / Spot Pricing
DEL-BLR,2026-02-04,195.0994554331474,0.9232178661882768,2275,136.56961880320316,0.06003060167173765,2138.430381196797,Conservative Loading,Stable | High Fixed Cost Exposure | High Delay Risk | Locked → Conservative Loading,Discount / Spot Pricing
DEL-BLR,2026-02-05,97.00845225588944,0.7371247936877408,2275,67.9059165791226,0.02984875454027367,2207.0940834208773,Conservative Loading,Volatile | High Fixed Cost Exposure | High Delay Risk | Locked → Conservative Loading,Discount / Spot Pricing
DEL-BLR,2026-02-06,166.55744358514858,0.9140521083757904,2275,116.59021050960399,0.05124844418004571,2158.409789490396,Conservative Loading,Stable | High Fixed Cost Exposure | High Delay Risk | Locked → Conservative Loading,Discount / Spot Pricing
DEL-BLR,2026-02-07,2016.10848376686,0.9608224888329322,2275,1411.2759386368018,0.6203410719282645,863.7240613631982,Conservative Loading,Stable | High Fixed Cost Exposure | High Delay Risk | Locked → Conservative Loading,Discount / Spot Pricing
DEL-BLR,2026-02-08,29.569648311355195,0.2681424558238078,2275,20.698753817948635,0.00909835332657083,2254.3012461820513,Conservative Loading,Volatile | High Fixed Cost Exposure | High Delay Risk | Locked → Conservative Loading,Discount / Spot Pricing
DEL-BLR,2026-02-09,304.3603177552158,0.6699867654750337,2275,213.05222242865105,0.0936493285400664,2061.947777571349,Conservative Loading,Volatile | High Fixed Cost Exposure | High Delay Risk | Locked → Conservative Loading,Discount / Spot Pricing
DEL-BLR,2026-02-10,169.77697011649775,0.9729867963142328,2275,118.84387908154842,0.052239067728153156,2156.1561209184515,Conservative Loading,Stable | High Fixed Cost Exposure | High Delay Risk | Locked → Conservative Loading,Discount / Spot Pricing
DEL-BLR,2026-02-11,200.239897952292,0.957152900366984,2275,140.1679285666044,0.06161227629301292,2134.8320714333954,Conservative Loading,Stable | High Fixed Cost Exposure | High Delay Risk | Locked → Conservative Loading,Discount / Spot Pricing
DEL-BLR,2026-02-12,109.49228351371426,0.7361095082266311,2275,76.64459845959998,0.03368993338883516,2198.3554015404,Conservative Loading,Volatile | High Fixed Cost Exposure | High Delay Risk | Locked → Conservative Loading,Discount / Spot Pricing
DEL-BLR,2026-02-13,258.7849991566657,0.7322251293844234,2275,181.149499409666,0.07962615358666637,2093.850500590334,Conservative Loading,Volatile | High Fixed Cost Exposure | High Delay Risk | Locked → Conservative Loading,Discount / Spot Pricing
DEL-BLR,2026-02-14,688.1097331652106,0.7171720043792899,2275,481.6768132156474,0.21172607174314173,1793.3231867843526,Conservative Loading,Volatile | High Fixed Cost Exposure | High Delay Risk | Locked → Conservative Loading,Discount / Spot Pricing
DEL-BLR,2026-02-15,220.5224788884412,0.8828598110288409,2275,154.36573522190884,0.06785307042721267,2120.634264778091,Conservative Loading,Stable | High Fixed Cost Exposure | High Delay Risk | Locked → Conservative Loading,Discount / Spot Pricing
DEL-BLR,2026-02-16,277.7396385925079,0.6136562266878068,2275,194.41774701475552,0.08545835033615627,2080.5822529852444,Conservative Loading,Volatile | High Fixed Cost Exposure | High Delay Risk | Locked → Conservative Loading,Discount / Spot Pricing
DEL-BLR,2026-02-17,335.7491637405935,0.7106391182606316,2275,235.02441461841542,0.10330743499710568,2039.9755853815846,Conservative Loading,Volatile | High Fixed Cost Exposure | High Delay Risk | Locked → Conservative Loading,Discount / Spot Pricing
DEL-BLR,2026-02-18,1402.6081962833125,0.9090589182737115,2275,981.8257373983187,0.43157175270255765,1293.1742626016812,Conservative Loading,Stable | High Fixed Cost Exposure | High Delay Risk | Locked → Conservative Loading,Discount / Spot Pricing
DEL-BLR,2026-02-19,286.93820413383804,0.8229460310619118,2275,200.85674289368663,0.08828867819502709,2074.1432571063133,Conservative Loading,Stable | High Fixed Cost Exposure | High Delay Risk | Locked → Conservative Loading,Discount / Spot Pricing
DEL-BLR,2026-02-20,323.2252852808411,0.8349327233534223,2275,226.25769969658876,0.09945393393256649,2048.7423003034114,Conservative Loading,Stable | High Fixed Cost Exposure | High Delay Risk | Locked → Conservative Loading,Discount / Spot Pricing
DEL-BLR,2026-02-21,225.57711491635592,0.9420098938521184,2275,157.90398044144914,0.06940834305118643,2117.096019558551,Conservative Loading,Stable | High Fixed Cost Exposure | High Delay Risk | Locked → Conservative Loading,Discount / Spot Pricing
DEL-BLR,2026-02-22,418.0219382824974,0.6073344188228864,2275,292.6153567977482,0.12862213485615304,1982.384643202252,Conservative Loading,Volatile | High Fixed Cost Exposure | High Delay Risk | Locked → Conservative Loading,Discount / Spot Pricing
DEL-BLR,2026-02-23,136.4427807754186,0.8885113975528005,2275,95.50994654279302,0.04198239408474418,2179.490053457207,Conservative Loading,Stable | High Fixed Cost Exposure | High Delay Risk | Locked → Conservative Loading,Discount / Spot Pricing
DEL-BLR,2026-02-24,42.64922554800205,0.307595860648042,2275,29.854457883601434,0.013122838630154477,2245.1455421163987,Conservative Loading,Volatile | High Fixed Cost Exposure | High Delay Risk | Locked → Conservative Loading,Discount / Spot Pricing
DEL-BLR,2026-02-25,146.5930193037094,0.8727769755430578,2275,102.61511351259658,0.045105544401141354,2172.3848864874035,Conservative Loading,Stable | High Fixed Cost Exposure | High Delay Risk | Locked → Conservative Loading,Discount / Spot Pricing
DEL-BLR,2026-02-26,323.3293861753339,0.7318876881241992,2275,226.33057032273373,0.09948596497702582,2048.669429677266,Conservative Loading,Volatile | High Fixed Cost Exposure | High Delay Risk | Locked → Conservative Loading,Discount / Spot Pricing
DEL-BLR,2026-02-27,284.0721833920074,0.7636655673303667,2275,198.85052837440517,0.0874068256590792,2076.1494716255947,Conservative Loading,Stable | High Fixed Cost Exposure | High Delay Risk | Locked → Conservative Loading,Discount / Spot Pricing
DEL-BLR,2026-02-28,53.50167905534357,0.429160683969348,2275,37.4511753387405,0.016462055093951867,2237.5488246612595,Conservative Loading,Volatile | High Fixed Cost Exposure | High Delay Risk | Locked → Conservative Loading,Discount / Spot Pricing
DEL-BLR,2026-03-01,46.59293936968385,0.376777276124221,2275,32.615057558778695,0.0143362890368258,2242.3849424412215,Conservative Loading,Volatile | High Fixed Cost Exposure | High Delay Risk | Locked → Conservative Loading,Discount / Spot Pricing
DEL-BLR,2026-01-01,237.58072558470548,0.8031326942171109,2275,166.30650790929383,0.07310176171837092,2108.693492090706,Conservative Loading,Stable | High Fixed Cost Exposure | High Delay Risk | Locked → Conservative Loading,Discount / Spot Pricing
DEL-BLR,2026-01-02,117.37041805623198,0.8219896289985025,2275,82.15929263936238,0.036113974786532915,2192.8407073606377,Conservative Loading,Stable | High Fixed Cost Exposure | High Delay Risk | Locked → Conservative Loading,Discount / Spot Pricing
DEL-BLR,2026-01-03,231.05308019668024,0.8446276385076019,2275,161.73715613767615,0.07109325544513237,2113.2628438623237,Conservative Loading,Stable | High Fixed Cost Exposure | High Delay Risk | Locked → Conservative Loading,Discount / Spot Pricing
DEL-BLR,2026-01-04,348.9165484888045,0.6309682931732535,2275,244.24158394216312,0.10735893799655521,2030.758416057837,Conservative Loading,Volatile | High Fixed Cost Exposure | High Delay Risk | Locked → Conservative Loading,Discount / Spot Pricing
DEL-BLR,2026-01-05,1151.6419094500131,0.957177015373992,2275,806.1493366150091,0.35435135675385016,1468.8506633849909,Conservative Loading,Stable | High Fixed Cost Exposure | High Delay Risk | Locked → Conservative Loading,Discount / Spot Pricing
DEL-BLR,2026-01-06,262.7134523893704,0.8127761726586413,2275,183.89941667255925,0.08083490842749858,2091.1005833274407,Conservative Loading,Stable | High Fixed Cost Exposure | High Delay Risk | Locked → Conservative Loading,Discount / Spot Pricing
DEL-BLR,2026-01-07,159.89952746425746,0.9645406827688808,2275,111.92966922498022,0.04919985460438691,2163.07033077502,Conservative Loading,Stable | High Fixed Cost Exposure | High Delay Risk | Locked → Conservative Loading,Discount / Spot Pricing
DEL-BLR,2026-01-08,1936.419058671766,0.6465620789767439,2275,1355.493341070236,0.5958212488220818,919.506658929764,Conservative Loading,Volatile | High Fixed Cost Exposure | High Delay Risk | Locked → Conservative Loading,Discount / Spot Pricing
DEL-BLR,2026-01-09,262.7571811836527,0.6112307257601416,2275,183.93002682855686,0.0808483634411239,2091.069973171443,Conservative Loading,Volatile | High Fixed Cost Exposure | High Delay Risk | Locked → Conservative Loading,Discount / Spot Pricing
DEL-BLR,2026-01-10,2165.8420237104783,0.7235698660759227,2275,1516.0894165973348,0.6664129303724549,758.9105834026652,Conservative Loading,Volatile | High Fixed Cost Exposure | High Delay Risk | Locked → Conservative Loading,Discount / Spot Pricing
DEL-BLR,2026-01-11,1166.2851351260565,0.8709434975393637,2275,816.3995945882396,0.3588569646541712,1458.6004054117604,Conservative Loading,Stable | High Fixed Cost Exposure | High Delay Risk | Locked → Conservative Loading,Discount / Spot Pricing
DEL-BLR,2026-01-12,489.57567704335366,0.4639702249941265,2275,342.7029739303475,0.15063866985949342,1932.2970260696525,Conservative Loading,Volatile | High Fixed Cost Exposure | High Delay Risk | Locked → Conservative Loading,Discount / Spot Pricing
DEL-BLR,2026-01-13,437.7130181623335,0.5865010127480108,2275,306.39911271363343,0.13468092866533338,1968.6008872863665,Conservative Loading,Volatile | High Fixed Cost Exposure | High Delay Risk | Locked → Conservative Loading,Discount / Spot Pricing
DEL-BLR,2026-01-14,177.0443165121785,0.974127905356492,2275,123.93102155852495,0.054475174311439535,2151.068978441475,Conservative Loading,Stable | High Fixed Cost Exposure | High Delay Risk | Locked → Conservative Loading,Discount / Spot Pricing
DEL-BLR,2026-01-15,142.74067098853237,0.953767426286029,2275,99.91846969197266,0.04392020645800996,2175.081530308027,Conservative Loading,Stable | High Fixed Cost Exposure | High Delay Risk | Locked → Conservative Loading,Discount / Spot Pricing
DEL-BLR,2026-01-16,1822.331035757094,0.7680799549366313,2275,1275.6317250299658,0.5607172417714136,999.3682749700342,Conservative Loading,Stable | High Fixed Cost Exposure | High Delay Risk | Locked → Conservative Loading,Discount / Spot Pricing
DEL-BLR,2026-01-17,179.27284468952627,0.918805223763698,2275,125.49099128266838,0.055160875289085,2149.5090087173317,Conservative Loading,Stable | High Fixed Cost Exposure | High Delay Risk | Locked → Conservative Loading,Discount / Spot Pricing
DEL-BLR,2026-01-18,296.2143247863606,0.8545458012948859,2275,207.3500273504524,0.09114286916503402,2067.6499726495476,Conservative Loading,Stable | High Fixed Cost Exposure | High Delay Risk | Locked → Conservative Loading,Discount / Spot Pricing
DEL-BLR,2026-01-19,248.1508575240044,0.8669508619941064,2275,173.7056002668031,0.07635411000738597,2101.2943997331968,Conservative Loading,Stable | High Fixed Cost Exposure | High Delay Risk | Locked → Conservative Loading,Discount / Spot Pricing
DEL-BLR,2026-01-20,204.304480483198,0.9923712567879462,2275,143.01313633823858,0.06286291707175322,2131.9868636617616,Conservative Loading,Stable | High Fixed Cost Exposure | High Delay Risk | Locked → Conservative Loading,Discount / Spot Pricing
DEL-BLR,2026-01-21,1755.9640255305771,0.9497978707773675,2275,1229.174817871404,0.5402966232401776,1045.825182128596,Conservative Loading,Stable | High Fixed Cost Exposure | High Delay Risk | Locked → Conservative Loading,Discount / Spot Pricing
DEL-BLR,2026-01-22,404.9781858767354,0.5581893906729998,2275,283.48473011371476,0.12460867257745704,1991.5152698862853,Conservative Loading,Volatile | High Fixed Cost Exposure | High Delay Risk | Locked → Conservative Loading,Discount / Spot Pricing
DEL-BLR,2026-01-23,371.8047374399902,0.6275357532357357,2275,260.2633162079931,0.11440145767384313,2014.736683792007,Conservative Loading,Volatile | High Fixed Cost Exposure | High Delay Risk | Locked → Conservative Loading,Discount / Spot Pricing
DEL-BLR,2026-01-24,506.8584612647431,0.6496924285157112,2275,354.8009228853201,0.15595644961992094,1920.1990771146798,Conservative Loading,Volatile | High Fixed Cost Exposure | High Delay Risk | Locked → Conservative Loading,Discount / Spot Pricing
DEL-BLR,2026-01-25,267.1221464096856,0.7093019477158797,2275,186.98550248677992,0.08219142966451864,2088.0144975132202,Conservative Loading,Volatile | High Fixed Cost Exposure | High Delay Risk | Locked → Conservative Loading,Discount / Spot Pricing
DEL-BLR,2026-01-26,1124.1248420808736,0.6980331534363999,2275,786.8873894566115,0.34588456679411494,1488.1126105433887,Conservative Loading,Volatile | High Fixed Cost Exposure | High Delay Risk | Locked → Conservative Loading,Discount / Spot Pricing
DEL-BLR,2026-01-27,319.24859681943514,0.7118663499521448,2275,223.47401777360457,0.09823033748290311,2051.5259822263956,Conservative Loading,Volatile | High Fixed Cost Exposure | High Delay Risk | Locked → Conservative Loading,Discount / Spot Pricing
DEL-BLR,2026-01-28,350.3801398158242,0.6346605857693566,2275,245.2660978710769,0.10780927378948435,2029.733902128923,Conservative Loading,Volatile | High Fixed Cost Exposure | High Delay Risk | Locked → Conservative Loading,Discount / Spot Pricing
DEL-BLR,2026-01-29,173.87342503447837,0.9674150926854084,2275,121.71139752413485,0.05349951539522411,2153.288602475865,Conservative Loading,Stable | High Fixed Cost Exposure | High Delay Risk | Locked → Conservative Loading,Discount / Spot Pricing
DEL-BLR,2026-01-30,64.07501603339728,0.4983796144496683,2275,44.85251122337809,0.01971538954873762,2230.1474887766217,Conservative Loading,Volatile | High Fixed Cost Exposure | High Delay Risk | Locked → Conservative Loading,Discount / Spot Pricing
DEL-BLR,2026-01-31,292.67437157241505,0.7238679125326724,2275,204.87206010069053,0.09005365279151233,2070.1279398993092,Conservative Loading,Volatile | High Fixed Cost Exposure | High Delay Risk | Locked → Conservative Loading,Discount / Spot Pricing
DEL-BLR,2026-02-01,153.2739029924751,0.874547299607515,2275,107.29173209473255,0.047161200920761565,2167.7082679052673,Conservative Loading,Stable | High Fixed Cost Exposure | High Delay Risk | Locked → Conservative Loading,Discount / Spot Pricing
DEL-BLR,2026-02-02,144.72500834080887,0.9461942016993296,2275,101.3075058385662,0.04453077179717196,2173.692494161434,Conservative Loading,Stable | High Fixed Cost Exposure | High Delay Risk | Locked → Conservative Loading,Discount / Spot Pricing
DEL-BLR,2026-02-03,214.4785202492888,0.931881590670208,2275,150.13496417450216,0.06599339084593502,2124.8650358254977,Conservative Loading,Stable | High Fixed Cost Exposure | High Delay Risk | Locked → Conservative Loading,Discount / Spot Pricing
DEL-BLR,2026-02-04,230.86866780020935,0.8744664488132481,2275,161.60806746014654,0.07103651316929518,2113.3919325398533,Conservative Loading,Stable | High Fixed Cost Exposure | High Delay Risk | Locked → Conservative Loading,Discount / Spot Pricing
DEL-BLR,2026-02-05,86.07316061460705,0.6436460076675112,2275,60.25121243022493,0.026484049419879092,2214.7487875697752,Conservative Loading,Volatile | High Fixed Cost Exposure | High Delay Risk | Locked → Conservative Loading,Discount / Spot Pricing
DEL-BLR,2026-02-06,2502.33065190892,0.6861705841748695,2275,1751.631456336244,0.7699478928950523,523.3685436637561,Conservative Loading,Volatile | High Fixed Cost Exposure | High Delay Risk | Locked → Conservative Loading,Discount / Spot Pricing
DEL-BLR,2026-02-07,258.8834060612923,0.70919663368626,2275,181.2183842429046,0.07965643263424378,2093.7816157570956,Conservative Loading,Volatile | High Fixed Cost Exposure | High Delay Risk | Locked → Conservative Loading,Discount / Spot Pricing
DEL-BLR,2026-02-08,1462.0441921930803,0.8826747919592504,2275,1023.4309345351562,0.44985975144402474,1251.5690654648438,Conservative Loading,Stable | High Fixed Cost Exposure | High Delay Risk | Locked → Conservative Loading,Discount / Spot Pricing
DEL-BLR,2026-02-09,339.44898506356384,0.6961738097056378,2275,237.61428954449468,0.10444584155801964,2037.3857104555054,Conservative Loading,Volatile | High Fixed Cost Exposure | High Delay Risk | Locked → Conservative Loading,Discount / Spot Pricing
DEL-BLR,2026-02-10,89.83024687916765,0.6742985460103919,2275,62.88117281541735,0.027640075962820813,2212.1188271845826,Conservative Loading,Volatile | High Fixed Cost Exposure | High Delay Risk | Locked → Conservative Loading,Discount / Spot Pricing
DEL-BLR,2026-02-11,145.52504385707977,0.8560321357191243,2275,101.86753069995584,0.04477693657140916,2173.1324693000442,Conservative Loading,Stable | High Fixed Cost Exposure | High Delay Risk | Locked → Conservative Loading,Discount / Spot Pricing
DEL-BLR,2026-02-12,246.1025087781176,0.7834409879738786,2275,172.2717561446823,0.07572384885480542,2102.7282438553175,Conservative Loading,Stable | High Fixed Cost Exposure | High Delay Risk | Locked → Conservative Loading,Discount / Spot Pricing
DEL-BLR,2026-02-13,378.0301290257421,0.5616337015619338,2275,264.62109031801947,0.11631696277715141,2010.3789096819805,Conservative Loading,Volatile | High Fixed Cost Exposure | High Delay Risk | Locked → Conservative Loading,Discount / Spot Pricing
DEL-BLR,2026-02-14,260.7254624823961,0.6875303035792681,2275,182.50782373767726,0.08022321922535264,2092.4921762623226,Conservative Loading,Volatile | High Fixed Cost Exposure | High Delay Risk | Locked → Conservative Loading,Discount / Spot Pricing
DEL-BLR,2026-02-15,392.6695547756224,0.666093189300559,2275,274.8686883429356,0.12082140146942226,2000.1313116570643,Conservative Loading,Volatile | High Fixed Cost Exposure | High Delay Risk | Locked → Conservative Loading,Discount / Spot Pricing
DEL-BLR,2026-02-16,265.90802724133613,0.6920430813904512,2275,186.13561906893528,0.08181785453579572,2088.8643809310647,Conservative Loading,Volatile | High Fixed Cost Exposure | High Delay Risk | Locked → Conservative Loading,Discount / Spot Pricing
DEL-BLR,2026-02-17,198.89097564109997,0.9866408314807332,2275,139.22368294876998,0.06119722327418461,2135.77631705123,Conservative Loading,Stable | High Fixed Cost Exposure | High Delay Risk | Locked → Conservative Loading,Discount / Spot Pricing
DEL-BLR,2026-02-18,953.9104315115468,0.9573045131140298,2275,667.7373020580827,0.29351090200355284,1607.2626979419174,Conservative Loading,Stable | High Fixed Cost Exposure | High Delay Risk | Locked → Conservative Loading,Discount / Spot Pricing
DEL-BLR,2026-02-19,217.89384185710716,0.9839169141043416,2275,152.525689299975,0.06704425903295605,2122.474310700025,Conservative Loading,Stable | High Fixed Cost Exposure | High Delay Risk | Locked → Conservative Loading,Discount / Spot Pricing
DEL-BLR,2026-02-20,322.6513401638653,0.7423659297747527,2275,225.8559381147057,0.09927733543503547,2049.1440618852944,Conservative Loading,Volatile | High Fixed Cost Exposure | High Delay Risk | Locked → Conservative Loading,Discount / Spot Pricing
DEL-BLR,2026-02-21,279.9452006343758,0.7611363233409751,2275,195.96164044406305,0.08613698481057716,2079.038359555937,Conservative Loading,Stable | High Fixed Cost Exposure | High Delay Risk | Locked → Conservative Loading,Discount / Spot Pricing
DEL-BLR,2026-02-22,324.6549130566295,0.6809115537016834,2275,227.25843913964061,0.09989381940203983,2047.7415608603594,Conservative Loading,Volatile | High Fixed Cost Exposure | High Delay Risk | Locked → Conservative Loading,Discount / Spot Pricing
DEL-BLR,2026-02-23,254.876321016561,0.8353022422707144,2275,178.41342471159268,0.07842348338971107,2096.5865752884074,Conservative Loading,Stable | High Fixed Cost Exposure | High Delay Risk | Locked → Conservative Loading,Discount / Spot Pricing
DEL-BLR,2026-02-24,115.84623208242245,0.8030184297250014,2275,81.09236245769571,0.035644994486899215,2193.907637542304,Conservative Loading,Stable | High Fixed Cost Exposure | High Delay Risk | Locked → Conservative Loading,Discount / Spot Pricing
DEL-BLR,2026-02-25,311.6788573170955,0.7891253190270175,2275,218.17520012196684,0.0959011868667986,2056.824799878033,Conservative Loading,Stable | High Fixed Cost Exposure | High Delay Risk | Locked → Conservative Loading,Discount / Spot Pricing
DEL-BLR,2026-02-26,66.93093791026496,0.5236824277071068,2275,46.85165653718547,0.020594134741619988,2228.1483434628144,Conservative Loading,Volatile | High Fixed Cost Exposure | High Delay Risk | Locked → Conservative Loading,Discount / Spot Pricing
DEL-BLR,2026-02-27,191.11524564669884,0.970714166436956,2275,133.78067195268918,0.05880469096821502,2141.2193280473107,Conservative Loading,Stable | High Fixed Cost Exposure | High Delay Risk | Locked → Conservative Loading,Discount / Spot Pricing
DEL-BLR,2026-02-28,212.75874154246827,0.8809060673014724,2275,148.93111907972778,0.06546422816691332,2126.068880920272,Conservative Loading,Stable | High Fixed Cost Exposure | High Delay Risk | Locked → Conservative Loading,Discount / Spot Pricing
DEL-BLR,2026-03-01,1262.0806752969927,0.8412280766349467,2275,883.4564727078948,0.38833251547599773,1391.5435272921052,Conservative Loading,Stable | High Fixed Cost Exposure | High Delay Risk | Locked → Conservative Loading,Discount / Spot Pricing
DEL-BLR,2026-01-01,386.66713139666393,0.6169773500055646,2275,270.66699197766474,0.11897450196820428,2004.3330080223352,Conservative Loading,Volatile | High Fixed Cost Exposure | High Delay Risk | Locked → Conservative Loading,Discount / Spot Pricing
DEL-BLR,2026-01-02,197.8376764856991,0.7632961182214798,2275,138.48637353998936,0.06087313122636895,2136.5136264600105,Conservative Loading,Stable | High Fixed Cost Exposure | High Delay Risk | Locked → Conservative Loading,Discount / Spot Pricing
DEL-BLR,2026-01-03,585.2024487903941,0.4973347265767519,2275,409.64171415327587,0.18006229193550588,1865.3582858467241,Conservative Loading,Volatile | High Fixed Cost Exposure | High Delay Risk | Locked → Conservative Loading,Discount / Spot Pricing
DEL-BLR,2026-01-04,217.2788760316758,0.8605393983088694,2275,152.09521322217304,0.06685503877897717,2122.9047867778268,Conservative Loading,Stable | High Fixed Cost Exposure | High Delay Risk | Locked → Conservative Loading,Discount / Spot Pricing
DEL-BLR,2026-01-05,351.22678680097664,0.6603208935866227,2275,245.85875076068362,0.10806978055414665,2029.1412492393165,Conservative Loading,Volatile | High Fixed Cost Exposure | High Delay Risk | Locked → Conservative Loading,Discount / Spot Pricing
DEL-BLR,2026-01-06,520.6663362669547,0.5746551379076037,2275,364.4664353868682,0.16020502654367835,1910.5335646131318,Conservative Loading,Volatile | High Fixed Cost Exposure | High Delay Risk | Locked → Conservative Loading,Discount / Spot Pricing
DEL-BLR,2026-01-07,469.10361912538457,0.5710531065164512,2275,328.3725333877692,0.14433957511550294,1946.6274666122308,Conservative Loading,Volatile | High Fixed Cost Exposure | High Delay Risk | Locked → Conservative Loading,Discount / Spot Pricing
DEL-BLR,2026-01-08,451.15346377598513,0.6103065555244818,2275,315.80742464318956,0.13881645039261079,1959.1925753568105,Conservative Loading,Volatile | High Fixed Cost Exposure | High Delay Risk | Locked → Conservative Loading,Discount / Spot Pricing
DEL-BLR,2026-01-09,260.4163997530347,0.7076049061625753,2275,182.29147982712428,0.08012812300093375,2092.7085201728755,Conservative Loading,Volatile | High Fixed Cost Exposure | High Delay Risk | Locked → Conservative Loading,Discount / Spot Pricing
DEL-BLR,2026-01-10,2040.692776849974,0.6351155258342462,2275,1428.4849437949817,0.627905469799992,846.5150562050183,Conservative Loading,Volatile | High Fixed Cost Exposure | High Delay Risk | Locked → Conservative Loading,Discount / Spot Pricing
DEL-BLR,2026-01-11,156.039750003956,0.9929086424481326,2275,109.22782500276918,0.04801223077044799,2165.7721749972306,Conservative Loading,Stable | High Fixed Cost Exposure | High Delay Risk | Locked → Conservative Loading,Discount / Spot Pricing
DEL-BLR,2026-01-12,401.5429349324666,0.4929743485366943,2275,281.0800544527266,0.12355167228691279,1993.9199455472735,Conservative Loading,Volatile | High Fixed Cost Exposure | High Delay Risk | Locked → Conservative Loading,Discount / Spot Pricing
DEL-BLR,2026-01-13,209.5830489369284,0.8494604429372905,2275,146.70813425584987,0.06448709198059335,2128.29186574415,Conservative Loading,Stable | High Fixed Cost Exposure | High Delay Risk | Locked → Conservative Loading,Discount / Spot Pricing
DEL-BLR,2026-01-14,396.985527023178,0.4552958298100731,2275,277.8898689162246,0.12214939293020861,1997.1101310837753,Conservative Loading,Volatile | High Fixed Cost Exposure | High Delay Risk | Locked → Conservative Loading,Discount / Spot Pricing
DEL-BLR,2026-01-15,492.6811176597989,0.6106331797057833,2275,344.87678236185917,0.15159419004916885,1930.1232176381409,Conservative Loading,Volatile | High Fixed Cost Exposure | High Delay Risk | Locked → Conservative Loading,Discount / Spot Pricing
DEL-BLR,2026-01-16,1201.5944910100998,0.9994960064518768,2275,841.1161437070698,0.36972138184926145,1433.8838562929302,Conservative Loading,Stable | High Fixed Cost Exposure | High Delay Risk | Locked → Conservative Loading,Discount / Spot Pricing
DEL-BLR,2026-01-17,391.7927233369301,0.6038058575885941,2275,274.25490633585105,0.12055160718059386,2000.745093664149,Conservative Loading,Volatile | High Fixed Cost Exposure | High Delay Risk | Locked → Conservative Loading,Discount / Spot Pricing
DEL-BLR,2026-01-18,226.7678770310629,0.8641096081920856,2275,158.73751392174404,0.0697747313941732,2116.262486078256,Conservative Loading,Stable | High Fixed Cost Exposure | High Delay Risk | Locked → Conservative Loading,Discount / Spot Pricing
DEL-BLR,2026-01-19,431.3261174777511,0.6913648044502645,2275,301.92828223442575,0.13271572845469265,1973.0717177655742,Conservative Loading,Volatile | High Fixed Cost Exposure | High Delay Risk | Locked → Conservative Loading,Discount / Spot Pricing
DEL-BLR,2026-01-20,449.8515197261261,0.6180271796101304,2275,314.89606380828826,0.13841585222342342,1960.1039361917117,Conservative Loading,Volatile | High Fixed Cost Exposure | High Delay Risk | Locked → Conservative Loading,Discount / Spot Pricing
DEL-BLR,2026-01-21,305.81387721914547,0.5516689582762391,2275,214.0697140534018,0.09409657760589091,2060.9302859465984,Conservative Loading,Volatile | High Fixed Cost Exposure | High Delay Risk | Locked → Conservative Loading,Discount / Spot Pricing
DEL-BLR,2026-01-22,406.6185841514125,0.4715145691903685,2275,284.63300890598873,0.1251134105081269,1990.3669910940112,Conservative Loading,Volatile | High Fixed Cost Exposure | High Delay Risk | Locked → Conservative Loading,Discount / Spot Pricing
DEL-BLR,2026-01-23,1765.0473580694738,0.8127174777823561,2275,1235.5331506486316,0.5430914947906073,1039.4668493513684,Conservative Loading,Stable | High Fixed Cost Exposure | High Delay Risk | Locked → Conservative Loading,Discount / Spot Pricing
DEL-BLR,2026-01-24,206.59760040075588,0.8501978092730305,2275,144.6183202805291,0.06356849243100181,2130.381679719471,Conservative Loading,Stable | High Fixed Cost Exposure | High Delay Risk | Locked → Conservative Loading,Discount / Spot Pricing
DEL-BLR,2026-01-25,331.8105465007662,0.6895174002296003,2275,232.2673825505363,0.10209555276946651,2042.7326174494638,Conservative Loading,Volatile | High Fixed Cost Exposure | High Delay Risk | Locked → Conservative Loading,Discount / Spot Pricing
DEL-BLR,2026-01-26,219.15277373836847,0.7772840569644566,2275,153.40694161685792,0.06743162268872875,2121.5930583831423,Conservative Loading,Stable | High Fixed Cost Exposure | High Delay Risk | Locked → Conservative Loading,Discount / Spot Pricing
DEL-BLR,2026-01-27,458.3290353170027,0.5808118836022111,2275,320.8303247219019,0.14102431855907777,1954.169675278098,Conservative Loading,Volatile | High Fixed Cost Exposure | High Delay Risk | Locked → Conservative Loading,Discount / Spot Pricing
DEL-BLR,2026-01-28,497.4080700133924,0.514724067112605,2275,348.18564900937463,0.15304863692719764,1926.8143509906254,Conservative Loading,Volatile | High Fixed Cost Exposure | High Delay Risk | Locked → Conservative Loading,Discount / Spot Pricing
DEL-BLR,2026-01-29,139.942445493055,0.9937357823961992,2275,97.9597118451385,0.043059213997863076,2177.0402881548616,Conservative Loading,Stable | High Fixed Cost Exposure | High Delay Risk | Locked → Conservative Loading,Discount / Spot Pricing
DEL-BLR,2026-01-30,176.01474485397512,0.8410356077593577,2275,123.21032139778258,0.054158383031992344,2151.7896786022175,Conservative Loading,Stable | High Fixed Cost Exposure | High Delay Risk | Locked → Conservative Loading,Discount / Spot Pricing
DEL-BLR,2026-01-31,267.327179448761,0.6644961166003736,2275,187.1290256141327,0.08225451675346493,2087.870974385867,Conservative Loading,Volatile | High Fixed Cost Exposure | High Delay Risk | Locked → Conservative Loading,Discount / Spot Pricing
DEL-BLR,2026-02-01,508.9925678486995,0.4622742093126214,2275,356.2947974940896,0.15661309779959984,1918.7052025059104,Conservative Loading,Volatile | High Fixed Cost Exposure | High Delay Risk | Locked → Conservative Loading,Discount / Spot Pricing
DEL-BLR,2026-02-02,463.9680803190276,0.4845362971930755,2275,324.7776562233193,0.14275940932893155,1950.2223437766806,Conservative Loading,Volatile | High Fixed Cost Exposure | High Delay Risk | Locked → Conservative Loading,Discount / Spot Pricing
DEL-BLR,2026-02-03,2280.472113636272,0.6005492556985381,2275,1596.3304795453903,0.701683727272699,678.6695204546097,Conservative Loading,Volatile | High Fixed Cost Exposure | High Delay Risk | Locked → Conservative Loading,Discount / Spot Pricing
DEL-BLR,2026-02-04,524.3091098912073,0.4744789248443366,2275,367.0163769238451,0.1613258799665253,1907.9836230761548,Conservative Loading,Volatile | High Fixed Cost Exposure | High Delay Risk | Locked → Conservative Loading,Discount / Spot Pricing
DEL-BLR,2026-02-05,2150.2328914889194,0.8922082492792198,2275,1505.1630240422435,0.661610120458129,769.8369759577565,Conservative Loading,Stable | High Fixed Cost Exposure | High Delay Risk | Locked → Conservative Loading,Discount / Spot Pricing
DEL-BLR,2026-02-06,145.23251386788968,0.9556139110713922,2275,101.66275970752277,0.04468692734396605,2173.3372402924774,Conservative Loading,Stable | High Fixed Cost Exposure | High Delay Risk | Locked → Conservative Loading,Discount / Spot Pricing
DEL-BLR,2026-02-07,176.89729543772074,0.9354508636817584,2275,123.8281068064045,0.054429937057760225,2151.1718931935957,Conservative Loading,Stable | High Fixed Cost Exposure | High Delay Risk | Locked → Conservative Loading,Discount / Spot Pricing
DEL-BLR,2026-02-08,550.0157469474862,0.4586586584857272,2275,385.01102286324027,0.16923561444538035,1889.9889771367598,Conservative Loading,Volatile | High Fixed Cost Exposure | High Delay Risk | Locked → Conservative Loading,Discount / Spot Pricing
DEL-BLR,2026-02-09,549.0021555237324,0.5739299801181752,2275,384.30150886661266,0.16892374016114842,1890.6984911333873,Conservative Loading,Volatile | High Fixed Cost Exposure | High Delay Risk | Locked → Conservative Loading,Discount / Spot Pricing
DEL-BLR,2026-02-10,246.28721967898497,0.7266879967459565,2275,172.40105377528945,0.07578068297814922,2102.5989462247107,Conservative Loading,Volatile | High Fixed Cost Exposure | High Delay Risk | Locked → Conservative Loading,Discount / Spot Pricing
DEL-BLR,2026-02-11,689.60839295609,0.707120622960428,2275,482.725875069263,0.2121871978326431,1792.274124930737,Conservative Loading,Volatile | High Fixed Cost Exposure | High Delay Risk | Locked → Conservative Loading,Discount / Spot Pricing
DEL-BLR,2026-02-12,328.18109208901336,0.807429006075328,2275,229.72676446230935,0.10097879756585026,2045.2732355376907,Conservative Loading,Stable | High Fixed Cost Exposure | High Delay Risk | Locked → Conservative Loading,Discount / Spot Pricing
DEL-BLR,2026-02-13,2417.726343136512,0.6542945296849614,2275,1692.4084401955581,0.7439157978881574,582.5915598044419,Conservative Loading,Volatile | High Fixed Cost Exposure | High Delay Risk | Locked → Conservative Loading,Discount / Spot Pricing
DEL-BLR,2026-02-14,290.9659212485781,0.7629882123953979,2275,203.67614487400468,0.08952797576879326,2071.323855125995,Conservative Loading,Stable | High Fixed Cost Exposure | High Delay Risk | Locked → Conservative Loading,Discount / Spot Pricing
DEL-BLR,2026-02-15,446.119193473872,0.5222472159969574,2275,312.28343543171036,0.13726744414580674,1962.7165645682896,Conservative Loading,Volatile | High Fixed Cost Exposure | High Delay Risk | Locked → Conservative Loading,Discount / Spot Pricing
DEL-BLR,2026-02-16,273.80308816410417,0.7020860399416932,2275,191.6621617148729,0.08424710405049358,2083.337838285127,Conservative Loading,Volatile | High Fixed Cost Exposure | High Delay Risk | Locked → Conservative Loading,Discount / Spot Pricing
DEL-BLR,2026-02-17,143.53611450370977,0.887372619603674,2275,100.47528015259684,0.044164958308833775,2174.524719847403,Conservative Loading,Stable | High Fixed Cost Exposure | High Delay Risk | Locked → Conservative Loading,Discount / Spot Pricing
DEL-BLR,2026-02-18,175.8058510423935,0.8938519180149345,2275,123.06409572967544,0.05409410801304415,2151.9359042703245,Conservative Loading,Stable | High Fixed Cost Exposure | High Delay Risk | Locked → Conservative Loading,Discount / Spot Pricing
DEL-BLR,2026-02-19,256.5225672460048,0.817330389942514,2275,179.56579707220337,0.0789300206910784,2095.434202927797,Conservative Loading,Stable | High Fixed Cost Exposure | High Delay Risk | Locked → Conservative Loading,Discount / Spot Pricing
DEL-BLR,2026-02-20,476.1355023911423,0.6236663099375475,2275,333.2948516737996,0.14650323150496686,1941.7051483262003,Conservative Loading,Volatile | High Fixed Cost Exposure | High Delay Risk | Locked → Conservative Loading,Discount / Spot Pricing
DEL-BLR,2026-02-21,207.9233856061732,0.8069242804082112,2275,145.54636992432123,0.06397642634036098,2129.4536300756786,Conservative Loading,Stable | High Fixed Cost Exposure | High Delay Risk | Locked → Conservative Loading,Discount / Spot Pricing
DEL-BLR,2026-02-22,228.7222134071705,0.8354455889047236,2275,160.10554938501934,0.07037606566374477,2114.8944506149805,Conservative Loading,Stable | High Fixed Cost Exposure | High Delay Risk | Locked → Conservative Loading,Discount / Spot Pricing
DEL-BLR,2026-02-23,448.42474877721617,0.6209780692814033,2275,313.8973241440513,0.13797684577760497,1961.1026758559487,Conservative Loading,Volatile | High Fixed Cost Exposure | High Delay Risk | Locked → Conservative Loading,Discount / Spot Pricing
DEL-BLR,2026-02-24,510.8847839418025,0.6239871636246812,2275,357.6193487592617,0.1571953181359392,1917.3806512407382,Conservative Loading,Volatile | High Fixed Cost Exposure | High Delay Risk | Locked → Conservative Loading,Discount / Spot Pricing
DEL-BLR,2026-02-25,157.90563386950515,0.8917548726089711,2275,110.5339437086536,0.04858634888292466,2164.4660562913464,Conservative Loading,Stable | High Fixed Cost Exposure | High Delay Risk | Locked → Conservative Loading,Discount / Spot Pricing
DEL-BLR,2026-02-26,255.7459727740896,0.7039239997363649,2275,179.02218094186273,0.07869106854587372,2095.9778190581374,Conservative Loading,Volatile | High Fixed Cost Exposure | High Delay Risk | Locked → Conservative Loading,Discount / Spot Pricing
DEL-BLR,2026-02-27,545.3618933362009,0.5750756260632586,2275,381.7533253353406,0.1678036594880618,1893.2466746646594,Conservative Loading,Volatile | High Fixed Cost Exposure | High Delay Risk | Locked → Conservative Loading,Discount / Spot Pricing
DEL-BLR,2026-02-28,498.13924227990645,0.5682073566559828,2275,348.6974695959345,0.15327361300920198,1926.3025304040655,Conservative Loading,Volatile | High Fixed Cost Exposure | High Delay Risk | Locked → Conservative Loading,Discount / Spot Pricing
DEL-BLR,2026-03-01,1396.171650716272,0.8955241358181513,2275,977.3201555013904,0.42959127714346834,1297.6798444986096,Conservative Loading,Stable | High Fixed Cost Exposure | High Delay Risk | Locked → Conservative Loading,Discount / Spot Pricing
DEL-BLR,2026-01-01,34.39351090556488,0.2754475180113584,2275,24.075457633895414,0.010582618740173808,2250.9245423661046,Conservative Loading,Volatile | High Fixed Cost Exposure | High Delay Risk | Locked → Conservative Loading,Discount / Spot Pricing
DEL-BLR,2026-01-02,1985.10300676386,0.0,2275,1389.572104734702,0.6108009251581108,885.427895265298,Conservative Loading,Volatile | High Fixed Cost Exposure | High Delay Risk | Locked → Conservative Loading,Discount / Spot Pricing
DEL-BLR,2026-01-03,-26.03937150331961,0.0,2275,-18.227560052323728,0.0,2293.227560052324,Conservative Loading,Volatile | High Fixed Cost Exposure | High Delay Risk | Locked → Conservative Loading,Discount / Spot Pricing
DEL-BLR,2026-01-04,20.78164335138496,0.1707411311858309,2275,14.547150345969472,0.0063943518004261415,2260.4528496540306,Conservative Loading,Volatile | High Fixed Cost Exposure | High Delay Risk | Locked → Conservative Loading,Discount / Spot Pricing
DEL-BLR,2026-01-05,154.65164318552036,0.9134676891196593,2275,108.25615022986425,0.04758512098016011,2166.743849770136,Conservative Loading,Stable | High Fixed Cost Exposure | High Delay Risk | Locked → Conservative Loading,Discount / Spot Pricing
DEL-BLR,2026-01-06,118.95995493730304,0.7474244756452365,2275,83.27196845611212,0.0366030630576317,2191.728031543888,Conservative Loading,Volatile | High Fixed Cost Exposure | High Delay Risk | Locked → Conservative Loading,Discount / Spot Pricing
DEL-BLR,2026-01-07,-36.52419561668359,0.0,2275,-25.566936931678512,0.0,2300.5669369316784,Conservative Loading,Volatile | High Fixed Cost Exposure | High Delay Risk | Locked → Conservative Loading,Discount / Spot Pricing
DEL-BLR,2026-01-08,1181.924333588618,0.735805602053001,2275,827.3470335120326,0.36366902571957477,1447.6529664879674,Conservative Loading,Volatile | High Fixed Cost Exposure | High Delay Risk | Locked → Conservative Loading,Discount / Spot Pricing
DEL-BLR,2026-01-09,141.95591795044538,0.883110965203361,2275,99.36914256531176,0.043678743984752424,2175.630857434688,Conservative Loading,Stable | High Fixed Cost Exposure | High Delay Risk | Locked → Conservative Loading,Discount / Spot Pricing
DEL-BLR,2026-01-10,-119.70522663748484,0.0,2275,-83.79365864623938,0.0,2358.7936586462392,Conservative Loading,Volatile | High Fixed Cost Exposure | High Delay Risk | Locked → Conservative Loading,Discount / Spot Pricing
DEL-BLR,2026-01-11,-82.36736055800588,0.0,2275,-57.65715239060412,0.0,2332.657152390604,Conservative Loading,Volatile | High Fixed Cost Exposure | High Delay Risk | Locked → Conservative Loading,Discount / Spot Pricing
DEL-BLR,2026-01-12,-6.236938769616472,0.0,2275,-4.36585713873153,0.0,2279.3658571387314,Conservative Loading,Volatile | High Fixed Cost Exposure | High Delay Risk | Locked → Conservative Loading,Discount / Spot Pricing
DEL-BLR,2026-01-13,1895.6312884422427,0.730504138269403,2275,1326.9419019095699,0.5832711656745362,948.0580980904301,Conservative Loading,Volatile | High Fixed Cost Exposure | High Delay Risk | Locked → Conservative Loading,Discount / Spot Pricing
DEL-BLR,2026-01-14,140.94128521567336,0.9441730823768127,2275,98.65889965097135,0.04336654929713026,2176.3411003490287,Conservative Loading,Stable | High Fixed Cost Exposure | High Delay Risk | Locked → Conservative Loading,Discount / Spot Pricing
DEL-BLR,2026-01-15,1940.952821534377,0.7593822123974665,2275,1358.6669750740639,0.5972162527798083,916.3330249259361,Conservative Loading,Stable | High Fixed Cost Exposure | High Delay Risk | Locked → Conservative Loading,Discount / Spot Pricing
DEL-BLR,2026-01-16,111.21145448793813,0.7153113577527404,2275,77.84801814155668,0.03421890907321173,2197.1519818584434,Conservative Loading,Volatile | High Fixed Cost Exposure | High Delay Risk | Locked → Conservative Loading,Discount / Spot Pricing
DEL-BLR,2026-01-17,-19.728561841746057,0.0,2275,-13.80999328922224,0.0,2288.8099932892223,Conservative Loading,Volatile | High Fixed Cost Exposure | High Delay Risk | Locked → Conservative Loading,Discount / Spot Pricing
DEL-BLR,2026-01-18,479.30348032452986,0.6272040727173877,2275,335.5124362271709,0.1474779939460092,1939.4875637728292,Conservative Loading,Volatile | High Fixed Cost Exposure | High Delay Risk | Locked → Conservative Loading,Discount / Spot Pricing
DEL-BLR,2026-01-19,178.30938534955112,0.964668154260058,2275,124.81656974468578,0.05486442626140034,2150.1834302553143,Conservative Loading,Stable | High Fixed Cost Exposure | High Delay Risk | Locked → Conservative Loading,Discount / Spot Pricing
DEL-BLR,2026-01-20,82.22164174403878,0.5922348569849722,2275,57.55514922082714,0.02529896669047347,2217.444850779173,Conservative Loading,Volatile | High Fixed Cost Exposure | High Delay Risk | Locked → Conservative Loading,Discount / Spot Pricing
DEL-BLR,2026-01-21,73.24838200474073,0.5117853924140309,2275,51.27386740331851,0.02253796369376638,2223.7261325966815,Conservative Loading,Volatile | High Fixed Cost Exposure | High Delay Risk | Locked → Conservative Loading,Discount / Spot Pricing
DEL-BLR,2026-01-22,-45.77637540342454,0.0,2275,-32.04346278239718,0.0,2307.043462782397,Conservative Loading,Volatile | High Fixed Cost Exposure | High Delay Risk | Locked → Conservative Loading,Discount / Spot Pricing
DEL-BLR,2026-01-23,-97.62991704720716,0.0,2275,-68.340941933045,0.0,2343.340941933045,Conservative Loading,Volatile | High Fixed Cost Exposure | High Delay Risk | Locked → Conservative Loading,Discount / Spot Pricing
DEL-BLR,2026-01-24,86.38385631100056,0.6297527190743152,2275,60.468699417700385,0.026579648095692476,2214.5313005822995,Conservative Loading,Volatile | High Fixed Cost Exposure | High Delay Risk | Locked → Conservative Loading,Discount / Spot Pricing
DEL-BLR,2026-01-25,84.29676448952421,0.622723866839211,2275,59.00773514266694,0.025937465996776675,2215.992264857333,Conservative Loading,Volatile | High Fixed Cost Exposure | High Delay Risk | Locked → Conservative Loading,Discount / Spot Pricing
DEL-BLR,2026-01-26,107.74420137728248,0.7491432535783377,2275,75.42094096409772,0.033152061962240756,2199.5790590359024,Conservative Loading,Volatile | High Fixed Cost Exposure | High Delay Risk | Locked → Conservative Loading,Discount / Spot Pricing
DEL-BLR,2026-01-27,-53.00936492755477,0.0,2275,-37.10655544928834,0.0,2312.1065554492884,Conservative Loading,Volatile | High Fixed Cost Exposure | High Delay Risk | Locked → Conservative Loading,Discount / Spot Pricing
DEL-BLR,2026-01-28,9.035335275457156,0.0807795122041031,2275,6.324734692820009,0.002780103161679125,2268.67526530718,Conservative Loading,Volatile | High Fixed Cost Exposure | High Delay Risk | Locked → Conservative Loading,Discount / Spot Pricing
DEL-BLR,2026-01-29,1364.0014400320424,0.5042961087473948,2275,954.8010080224296,0.41969275077908996,1320.1989919775704,Conservative Loading,Volatile | High Fixed Cost Exposure | High Delay Risk | Locked → Conservative Loading,Discount / Spot Pricing
DEL-BLR,2026-01-30,99.43838304071733,0.7146996657960735,2275,69.60686812850213,0.030596425550989948,2205.3931318714976,Conservative Loading,Volatile | High Fixed Cost Exposure | High Delay Risk | Locked → Conservative Loading,Discount / Spot Pricing
DEL-BLR,2026-01-31,229.1837927740791,0.7816042712461585,2275,160.42865494185537,0.07051809008433203,2114.5713450581447,Conservative Loading,Stable | High Fixed Cost Exposure | High Delay Risk | Locked → Conservative Loading,Discount / Spot Pricing
DEL-BLR,2026-02-01,69.84505718758999,0.5305924547613948,2275,48.891540031312985,0.021490786826950763,2226.108459968687,Conservative Loading,Volatile | High Fixed Cost Exposure | High Delay Risk | Locked → Conservative Loading,Discount / Spot Pricing
DEL-BLR,2026-02-02,853.916052709513,0.5031467585636631,2275,597.7412368966591,0.2627434008336963,1677.258763103341,Conservative Loading,Volatile | High Fixed Cost Exposure | High Delay Risk | Locked → Conservative Loading,Discount / Spot Pricing
DEL-BLR,2026-02-03,-14.177880877665928,0.0,2275,-9.924516614366148,0.0,2284.924516614366,Conservative Loading,Volatile | High Fixed Cost Exposure | High Delay Risk | Locked → Conservative Loading,Discount / Spot Pricing
DEL-BLR,2026-02-04,17.04439225814815,0.1371050421492973,2275,11.931074580703704,0.005244428387122507,2263.068925419296,Conservative Loading,Volatile | High Fixed Cost Exposure | High Delay Risk | Locked → Conservative Loading,Discount / Spot Pricing
DEL-BLR,2026-02-05,-108.08602604354796,0.0,2275,-75.66021823048357,0.0,2350.6602182304837,Conservative Loading,Volatile | High Fixed Cost Exposure | High Delay Risk | Locked → Conservative Loading,Discount / Spot Pricing
DEL-BLR,2026-02-06,12.765325907859165,0.1113719086955218,2275,8.935728135501414,0.003927792587033589,2266.0642718644986,Conservative Loading,Volatile | High Fixed Cost Exposure | High Delay Risk | Locked → Conservative Loading,Discount / Spot Pricing
DEL-BLR,2026-02-07,-14.344667835611348,0.0,2275,-10.041267484927943,0.0,2285.041267484928,Conservative Loading,Volatile | High Fixed Cost Exposure | High Delay Risk | Locked → Conservative Loading,Discount / Spot Pricing
DEL-BLR,2026-02-08,2057.747512759212,0.9892441738250914,2275,1440.4232589314483,0.6331530808489882,834.5767410685517,Conservative Loading,Stable | High Fixed Cost Exposure | High Delay Risk | Locked → Conservative Loading,Discount / Spot Pricing
DEL-BLR,2026-02-09,1996.8105334049592,0.9720113102876342,2275,1397.7673733834713,0.6144032410476797,877.2326266165287,Conservative Loading,Stable | High Fixed Cost Exposure | High Delay Risk | Locked → Conservative Loading,Discount / Spot Pricing
DEL-BLR,2026-02-10,1158.2591346970737,0.3358342241118514,2275,810.7813942879516,0.35638742606063806,1464.2186057120484,Conservative Loading,Volatile | High Fixed Cost Exposure | High Delay Risk | Locked → Conservative Loading,Discount / Spot Pricing
DEL-BLR,2026-02-11,221.75531123838,0.9059138978552752,2275,155.228717866866,0.06823240345796307,2119.771282133134,Conservative Loading,Stable | High Fixed Cost Exposure | High Delay Risk | Locked → Conservative Loading,Discount / Spot Pricing
DEL-BLR,2026-02-12,449.9644007802111,0.8950431680011474,2275,314.97508054614775,0.13845058485544956,1960.0249194538524,Conservative Loading,Stable | High Fixed Cost Exposure | High Delay Risk | Locked → Conservative Loading,Discount / Spot Pricing
DEL-BLR,2026-02-13,170.91030485260876,0.9796094212737816,2275,119.63721339682613,0.052587786108495,2155.362786603174,Conservative Loading,Stable | High Fixed Cost Exposure | High Delay Risk | Locked → Conservative Loading,Discount / Spot Pricing
DEL-BLR,2026-02-14,217.90140713891896,0.8023281566651862,2275,152.53098499724325,0.06704658681197506,2122.469015002757,Conservative Loading,Stable | High Fixed Cost Exposure | High Delay Risk | Locked → Conservative Loading,Discount / Spot Pricing
DEL-BLR,2026-02-15,1894.0170926510757,0.7867375611410621,2275,1325.8119648557529,0.5827744900464847,949.1880351442471,Conservative Loading,Stable | High Fixed Cost Exposure | High Delay Risk | Locked → Conservative Loading,Discount / Spot Pricing
DEL-BLR,2026-02-16,101.60457001849976,0.644337119627603,2275,71.12319901294983,0.031262944621076844,2203.87680098705,Conservative Loading,Volatile | High Fixed Cost Exposure | High Delay Risk | Locked → Conservative Loading,Discount / Spot Pricing
DEL-BLR,2026-02-17,-10.528087068156765,0.0,2275,-7.369660947709735,0.0,2282.3696609477097,Conservative Loading,Volatile | High Fixed Cost Exposure | High Delay Risk | Locked → Conservative Loading,Discount / Spot Pricing
DEL-BLR,2026-02-18,1986.47112167778,0.7397790605690048,2275,1390.529785174446,0.6112218835931631,884.470214825554,Conservative Loading,Volatile | High Fixed Cost Exposure | High Delay Risk | Locked → Conservative Loading,Discount / Spot Pricing
DEL-BLR,2026-02-19,35.263691980824035,0.2975689730987483,2275,24.684584386576823,0.010850366763330472,2250.3154156134233,Conservative Loading,Volatile | High Fixed Cost Exposure | High Delay Risk | Locked → Conservative Loading,Discount / Spot Pricing
DEL-BLR,2026-02-20,104.81384872814856,0.7699096949633899,2275,73.36969410970399,0.03225041499327648,2201.630305890296,Conservative Loading,Stable | High Fixed Cost Exposure | High Delay Risk | Locked → Conservative Loading,Discount / Spot Pricing
DEL-BLR,2026-02-21,53.59545029578106,0.4382987733967917,2275,37.51681520704674,0.016490907783317247,2237.483184792953,Conservative Loading,Volatile | High Fixed Cost Exposure | High Delay Risk | Locked → Conservative Loading,Discount / Spot Pricing
DEL-BLR,2026-02-22,145.02056670446638,0.9605963846423672,2275,101.51439669312646,0.0446217128321435,2173.4856033068736,Conservative Loading,Stable | High Fixed Cost Exposure | High Delay Risk | Locked → Conservative Loading,Discount / Spot Pricing
DEL-BLR,2026-02-23,-98.54788047215015,0.0,2275,-68.9835163305051,0.0,2343.983516330505,Conservative Loading,Volatile | High Fixed Cost Exposure | High Delay Risk | Locked → Conservative Loading,Discount / Spot Pricing
DEL-BLR,2026-02-24,181.61076754744656,0.9526176801581372,2275,127.12753728321258,0.05588023616844509,2147.8724627167876,Conservative Loading,Stable | High Fixed Cost Exposure | High Delay Risk | Locked → Conservative Loading,Discount / Spot Pricing
DEL-BLR,2026-02-25,70.91398984124766,0.5197224104620479,2275,49.63979288887336,0.021819689181922355,2225.360207111127,Conservative Loading,Volatile | High Fixed Cost Exposure | High Delay Risk | Locked → Conservative Loading,Discount / Spot Pricing
DEL-BLR,2026-02-26,-132.82299518897287,0.0,2275,-92.976096632281,0.0,2367.976096632281,Conservative Loading,Volatile | High Fixed Cost Exposure | High Delay Risk | Locked → Conservative Loading,Discount / Spot Pricing
DEL-BLR,2026-02-27,-17.739724105487653,0.0,2275,-12.417806873841357,0.0,2287.4178068738415,Conservative Loading,Volatile | High Fixed Cost Exposure | High Delay Risk | Locked → Conservative Loading,Discount / Spot Pricing
DEL-BLR,2026-02-28,-77.53391028769897,0.0,2275,-54.27373720138928,0.0,2329.2737372013894,Conservative Loading,Volatile | High Fixed Cost Exposure | High Delay Risk | Locked → Conservative Loading,Discount / Spot Pricing
DEL-BLR,2026-03-01,-64.17418263708572,0.0,2275,-44.92192784596,0.0,2319.92192784596,Conservative Loading,Volatile | High Fixed Cost Exposure | High Delay Risk | Locked → Conservative Loading,Discount / Spot Pricing
DEL-BLR,2026-01-01,257.93876748807014,0.8066414158381537,2275,180.5571372416491,0.07936577461171389,2094.442862758351,Conservative Loading,Stable | High Fixed Cost Exposure | High Delay Risk | Locked → Conservative Loading,Discount / Spot Pricing
DEL-BLR,2026-01-02,267.2050639317921,0.829635114820527,2275,187.04354475225446,0.08221694274824372,2087.9564552477455,Conservative Loading,Stable | High Fixed Cost Exposure | High Delay Risk | Locked → Conservative Loading,Discount / Spot Pricing
DEL-BLR,2026-01-03,1972.5984261824028,0.9499516842383792,2275,1380.8188983276818,0.6069533619022778,894.1811016723182,Conservative Loading,Stable | High Fixed Cost Exposure | High Delay Risk | Locked → Conservative Loading,Discount / Spot Pricing
DEL-BLR,2026-01-04,368.3737969566884,0.6766728252713856,2275,257.8616578696819,0.11334578367898106,2017.138342130318,Conservative Loading,Volatile | High Fixed Cost Exposure | High Delay Risk | Locked → Conservative Loading,Discount / Spot Pricing
DEL-BLR,2026-01-05,138.95283685256436,0.8236753812202425,2275,97.26698579679504,0.04275471903155826,2177.733014203205,Conservative Loading,Stable | High Fixed Cost Exposure | High Delay Risk | Locked → Conservative Loading,Discount / Spot Pricing
DEL-BLR,2026-01-06,321.99822888580724,0.737508035447621,2275,225.39876022006504,0.09907637811870991,2049.601239779935,Conservative Loading,Volatile | High Fixed Cost Exposure | High Delay Risk | Locked → Conservative Loading,Discount / Spot Pricing
DEL-BLR,2026-01-07,223.57813631804635,0.925158956131672,2275,156.50469542263244,0.06879327271324502,2118.4953045773677,Conservative Loading,Stable | High Fixed Cost Exposure | High Delay Risk | Locked → Conservative Loading,Discount / Spot Pricing
DEL-BLR,2026-01-08,1704.0107399571189,0.9922415792406571,2275,1192.807517969983,0.5243109969098827,1082.192482030017,Conservative Loading,Stable | High Fixed Cost Exposure | High Delay Risk | Locked → Conservative Loading,Discount / Spot Pricing
DEL-BLR,2026-01-09,332.58522699532017,0.6602297944440387,2275,232.8096588967241,0.10233391599856005,2042.1903411032758,Conservative Loading,Volatile | High Fixed Cost Exposure | High Delay Risk | Locked → Conservative Loading,Discount / Spot Pricing
DEL-BLR,2026-01-10,-17.115238870583312,0.0,2275,-11.980667209408317,0.0,2286.9806672094082,Conservative Loading,Volatile | High Fixed Cost Exposure | High Delay Risk | Locked → Conservative Loading,Discount / Spot Pricing
DEL-BLR,2026-01-11,242.45090847149496,0.8031329152796711,2275,169.71563593004646,0.07460027952969076,2105.2843640699534,Conservative Loading,Stable | High Fixed Cost Exposure | High Delay Risk | Locked → Conservative Loading,Discount / Spot Pricing
DEL-BLR,2026-01-12,1001.444631700932,0.5031348914389908,2275,701.0112421906523,0.3081368097541329,1573.9887578093476,Conservative Loading,Volatile | High Fixed Cost Exposure | High Delay Risk | Locked → Conservative Loading,Discount / Spot Pricing
DEL-BLR,2026-01-13,67.81247080012184,0.5103068635149339,2275,47.468729560085286,0.020865375630806718,2227.531270439915,Conservative Loading,Volatile | High Fixed Cost Exposure | High Delay Risk | Locked → Conservative Loading,Discount / Spot Pricing
DEL-BLR,2026-01-14,10.658176331793412,0.0866852780874016,2275,7.460723432255388,0.0032794388713210496,2267.5392765677448,Conservative Loading,Volatile | High Fixed Cost Exposure | High Delay Risk | Locked → Conservative Loading,Discount / Spot Pricing
DEL-BLR,2026-01-15,234.90226964445043,0.9408217553780808,2275,164.4315887511153,0.07227762142906168,2110.568411248885,Conservative Loading,Stable | High Fixed Cost Exposure | High Delay Risk | Locked → Conservative Loading,Discount / Spot Pricing
DEL-BLR,2026-01-16,-28.59120216179861,0.0,2275,-20.013841513259024,0.0,2295.013841513259,Conservative Loading,Volatile | High Fixed Cost Exposure | High Delay Risk | Locked → Conservative Loading,Discount / Spot Pricing
DEL-BLR,2026-01-17,1050.3338403121704,0.9859369692831814,2275,735.2336882185192,0.3231796431729755,1539.766311781481,Conservative Loading,Stable | High Fixed Cost Exposure | High Delay Risk | Locked → Conservative Loading,Discount / Spot Pricing
DEL-BLR,2026-01-18,89.160254484044,0.5943802421903767,2275,62.4121781388308,0.02743392445662892,2212.5878218611692,Conservative Loading,Volatile | High Fixed Cost Exposure | High Delay Risk | Locked → Conservative Loading,Discount / Spot Pricing
DEL-BLR,2026-01-19,244.32566913116665,0.8258044162044633,2275,171.02796839181664,0.07517712896343588,2103.9720316081834,Conservative Loading,Stable | High Fixed Cost Exposure | High Delay Risk | Locked → Conservative Loading,Discount / Spot Pricing
DEL-BLR,2026-01-20,-42.394327807255024,0.0,2275,-29.676029465078514,0.0,2304.6760294650785,Conservative Loading,Volatile | High Fixed Cost Exposure | High Delay Risk | Locked → Conservative Loading,Discount / Spot Pricing
DEL-BLR,2026-01-21,1059.775716131212,0.7177835195663798,2275,741.8430012918484,0.3260848357326806,1533.1569987081516,Conservative Loading,Volatile | High Fixed Cost Exposure | High Delay Risk | Locked → Conservative Loading,Discount / Spot Pricing
DEL-BLR,2026-01-22,120.54742021227788,0.8261223348417813,2275,84.38319414859451,0.037091513911470114,2190.6168058514054,Conservative Loading,Stable | High Fixed Cost Exposure | High Delay Risk | Locked → Conservative Loading,Discount / Spot Pricing
DEL-BLR,2026-01-23,1906.570759341459,0.9244868439322692,2275,1334.5995315390212,0.5866371567204489,940.4004684609788,Conservative Loading,Stable | High Fixed Cost Exposure | High Delay Risk | Locked → Conservative Loading,Discount / Spot Pricing
DEL-BLR,2026-01-24,285.875099810107,0.8715868483281758,2275,200.11256986707488,0.0879615691723406,2074.887430132925,Conservative Loading,Stable | High Fixed Cost Exposure | High Delay Risk | Locked → Conservative Loading,Discount / Spot Pricing
DEL-BLR,2026-01-25,17.090979617188452,0.1490939257802617,2275,11.963685732031916,0.005258762959134908,2263.036314267968,Conservative Loading,Volatile | High Fixed Cost Exposure | High Delay Risk | Locked → Conservative Loading,Discount / Spot Pricing
DEL-BLR,2026-01-26,998.9451890436378,0.7083406777691105,2275,699.2616323305464,0.30736775047496545,1575.7383676694535,Conservative Loading,Volatile | High Fixed Cost Exposure | High Delay Risk | Locked → Conservative Loading,Discount / Spot Pricing
DEL-BLR,2026-01-27,280.6558375352243,0.7744967315554677,2275,196.45908627465698,0.08635564231853055,2078.540913725343,Conservative Loading,Stable | High Fixed Cost Exposure | High Delay Risk | Locked → Conservative Loading,Discount / Spot Pricing
DEL-BLR,2026-01-28,213.53454480658317,0.9430277358632104,2275,149.4741813646082,0.06570293686356404,2125.5258186353917,Conservative Loading,Stable | High Fixed Cost Exposure | High Delay Risk | Locked → Conservative Loading,Discount / Spot Pricing
DEL-BLR,2026-01-29,66.51965897364829,0.4693804371151465,2275,46.5637612815538,0.020467587376507165,2228.436238718446,Conservative Loading,Volatile | High Fixed Cost Exposure | High Delay Risk | Locked → Conservative Loading,Discount / Spot Pricing
DEL-BLR,2026-01-30,293.2943739100565,0.8563188939551291,2275,205.30606173703953,0.09024442274155584,2069.6939382629603,Conservative Loading,Stable | High Fixed Cost Exposure | High Delay Risk | Locked → Conservative Loading,Discount / Spot Pricing
DEL-BLR,2026-01-31,242.75240043322464,0.8369278570682112,2275,169.92668030325723,0.07469304628714603,2105.0733196967426,Conservative Loading,Stable | High Fixed Cost Exposure | High Delay Risk | Locked → Conservative Loading,Discount / Spot Pricing
DEL-BLR,2026-02-01,297.63641700808665,0.6809734118198849,2275,208.34549190566065,0.0915804360024882,2066.6545080943392,Conservative Loading,Volatile | High Fixed Cost Exposure | High Delay Risk | Locked → Conservative Loading,Discount / Spot Pricing
DEL-BLR,2026-02-02,130.9526583131327,0.8640170497319043,2275,91.66686081919289,0.040293125634810065,2183.333139180807,Conservative Loading,Stable | High Fixed Cost Exposure | High Delay Risk | Locked → Conservative Loading,Discount / Spot Pricing
DEL-BLR,2026-02-03,145.10021012877905,0.9107250685106236,2275,101.57014709014533,0.04464621850116278,2173.4298529098546,Conservative Loading,Stable | High Fixed Cost Exposure | High Delay Risk | Locked → Conservative Loading,Discount / Spot Pricing
DEL-BLR,2026-02-04,232.44588788001064,0.864707102765117,2275,162.71212151600744,0.07152181165538789,2112.2878784839927,Conservative Loading,Stable | High Fixed Cost Exposure | High Delay Risk | Locked → Conservative Loading,Discount / Spot Pricing
DEL-BLR,2026-02-05,214.00962423139725,0.9805924273178488,2275,149.80673696197806,0.06584911514812222,2125.193263038022,Conservative Loading,Stable | High Fixed Cost Exposure | High Delay Risk | Locked → Conservative Loading,Discount / Spot Pricing
DEL-BLR,2026-02-06,106.21716204159397,0.716007395149515,2275,74.35201342911577,0.032682203705105835,2200.6479865708843,Conservative Loading,Volatile | High Fixed Cost Exposure | High Delay Risk | Locked → Conservative Loading,Discount / Spot Pricing
DEL-BLR,2026-02-07,21.00622296692643,0.1779678277100127,2275,14.7043560768485,0.006463453220592747,2260.2956439231516,Conservative Loading,Volatile | High Fixed Cost Exposure | High Delay Risk | Locked → Conservative Loading,Discount / Spot Pricing
DEL-BLR,2026-02-08,191.09565310560475,0.9796296353446332,2275,133.76695717392332,0.058798662494032226,2141.2330428260766,Conservative Loading,Stable | High Fixed Cost Exposure | High Delay Risk | Locked → Conservative Loading,Discount / Spot Pricing
DEL-BLR,2026-02-09,73.11593208027011,0.5002158341071579,2275,51.181152456189075,0.022497209870852342,2223.818847543811,Conservative Loading,Volatile | High Fixed Cost Exposure | High Delay Risk | Locked → Conservative Loading,Discount / Spot Pricing
DEL-BLR,2026-02-10,1800.362477645247,0.7821412053630392,2275,1260.2537343516728,0.5539576854293068,1014.7462656483272,Conservative Loading,Stable | High Fixed Cost Exposure | High Delay Risk | Locked → Conservative Loading,Discount / Spot Pricing
DEL-BLR,2026-02-11,105.21852520727803,0.7111298257954972,2275,73.65296764509462,0.032374930833008624,2201.3470323549054,Conservative Loading,Volatile | High Fixed Cost Exposure | High Delay Risk | Locked → Conservative Loading,Discount / Spot Pricing
DEL-BLR,2026-02-12,103.54408012538228,0.7183048647894696,2275,72.48085608776759,0.031859716961656084,2202.5191439122323,Conservative Loading,Volatile | High Fixed Cost Exposure | High Delay Risk | Locked → Conservative Loading,Discount / Spot Pricing
DEL-BLR,2026-02-13,152.98701683093026,0.856048105601785,2275,107.09091178165117,0.047072928255670846,2167.9090882183486,Conservative Loading,Stable | High Fixed Cost Exposure | High Delay Risk | Locked → Conservative Loading,Discount / Spot Pricing
DEL-BLR,2026-02-14,-11.83482549918756,0.0,2275,-8.28437784943129,0.0,2283.284377849431,Conservative Loading,Volatile | High Fixed Cost Exposure | High Delay Risk | Locked → Conservative Loading,Discount / Spot Pricing
DEL-BLR,2026-02-15,154.31065852175794,0.819355051113744,2275,108.01746096523055,0.047480202622079366,2166.9825390347696,Conservative Loading,Stable | High Fixed Cost Exposure | High Delay Risk | Locked → Conservative Loading,Discount / Spot Pricing
DEL-BLR,2026-02-16,1632.5698537004846,0.8974591577123259,2275,1142.798897590339,0.5023291857539952,1132.201102409661,Conservative Loading,Stable | High Fixed Cost Exposure | High Delay Risk | Locked → Conservative Loading,Discount / Spot Pricing
DEL-BLR,2026-02-17,191.92794851420632,0.9729370269779284,2275,134.34956395994442,0.05905475338898656,2140.6504360400554,Conservative Loading,Stable | High Fixed Cost Exposure | High Delay Risk | Locked → Conservative Loading,Discount / Spot Pricing
DEL-BLR,2026-02-18,190.7493510185115,0.9858236105509016,2275,133.52454571295806,0.05869210800569585,2141.475454287042,Conservative Loading,Stable | High Fixed Cost Exposure | High Delay Risk | Locked → Conservative Loading,Discount / Spot Pricing
DEL-BLR,2026-02-19,203.5065917435416,0.9951492535643556,2275,142.4546142204791,0.06261741284416664,2132.545385779521,Conservative Loading,Stable | High Fixed Cost Exposure | High Delay Risk | Locked → Conservative Loading,Discount / Spot Pricing
DEL-BLR,2026-02-20,1901.3187060985392,0.7406744715113285,2275,1330.9230942689774,0.585021140338012,944.0769057310226,Conservative Loading,Volatile | High Fixed Cost Exposure | High Delay Risk | Locked → Conservative Loading,Discount / Spot Pricing
DEL-BLR,2026-02-21,201.89242108537783,0.9746175867885216,2275,141.32469475976447,0.062120744949347016,2133.6753052402355,Conservative Loading,Stable | High Fixed Cost Exposure | High Delay Risk | Locked → Conservative Loading,Discount / Spot Pricing
DEL-BLR,2026-02-22,176.103615220804,0.9290005139478674,2275,123.27253065456279,0.054185727760247375,2151.7274693454374,Conservative Loading,Stable | High Fixed Cost Exposure | High Delay Risk | Locked → Conservative Loading,Discount / Spot Pricing
DEL-BLR,2026-02-23,319.4918542470528,0.7919746246579722,2275,223.64429797293695,0.0983051859221701,2051.355702027063,Conservative Loading,Stable | High Fixed Cost Exposure | High Delay Risk | Locked → Conservative Loading,Discount / Spot Pricing
DEL-BLR,2026-02-24,1106.3861279157986,0.8913268847021701,2275,774.470289541059,0.34042650089716875,1500.529710458941,Conservative Loading,Stable | High Fixed Cost Exposure | High Delay Risk | Locked → Conservative Loading,Discount / Spot Pricing
DEL-BLR,2026-02-25,187.91594298209185,0.9803997548850454,2275,131.54116008746428,0.057820290148335944,2143.458839912536,Conservative Loading,Stable | High Fixed Cost Exposure | High Delay Risk | Locked → Conservative Loading,Discount / Spot Pricing
DEL-BLR,2026-02-26,82.99931042559552,0.5809288756358406,2275,58.09951729791686,0.025538249361721697,2216.900482702083,Conservative Loading,Volatile | High Fixed Cost Exposure | High Delay Risk | Locked → Conservative Loading,Discount / Spot Pricing
DEL-BLR,2026-02-27,68.26979537348109,0.4932043804687114,2275,47.78885676143676,0.021006090884148027,2227.211143238563,Conservative Loading,Volatile | High Fixed Cost Exposure | High Delay Risk | Locked → Conservative Loading,Discount / Spot Pricing
DEL-BLR,2026-02-28,207.02858884439007,0.9850655413170666,2275,144.92001219107303,0.06370110425981232,2130.079987808927,Conservative Loading,Stable | High Fixed Cost Exposure | High Delay Risk | Locked → Conservative Loading,Discount / Spot Pricing
DEL-BLR,2026-03-01,176.47708972857964,0.983316325859493,2275,123.53396281000575,0.05430064299340912,2151.466037189994,Conservative Loading,Stable | High Fixed Cost Exposure | High Delay Risk | Locked → Conservative Loading,Discount / Spot Pricing
MUM-DXB,2026-01-01,73.13369426804724,0.5176371629558684,1820,65.82032484124251,0.03616501364903434,1754.1796751587574,Balanced Allocation,Volatile | High Fixed Cost Exposure | Low Delay Risk | Locked → Balanced Allocation,Standard Contract Pricing
MUM-DXB,2026-01-02,193.05419588957108,0.951778114067698,1820,202.70690568404964,0.11137742070552178,1617.2930943159504,Maximize Utilization,Stable | High Fixed Cost Exposure | Low Delay Risk | Locked → Maximize Utilization,Premium / Priority Pricing
MUM-DXB,2026-01-03,82.98602542615788,0.5819474478068304,1820,74.6874228835421,0.04103704554040775,1745.312577116458,Balanced Allocation,Volatile | High Fixed Cost Exposure | Low Delay Risk | Locked → Balanced Allocation,Standard Contract Pricing
MUM-DXB,2026-01-04,35.68377926062635,0.2864950399059855,1820,32.11540133456372,0.017645824909100945,1787.8845986654362,Balanced Allocation,Volatile | High Fixed Cost Exposure | Low Delay Risk | Locked → Balanced Allocation,Standard Contract Pricing
MUM-DXB,2026-01-05,45.26417315613753,0.3504383040341838,1820,40.73775584052378,0.022383382329958124,1779.2622441594763,Balanced Allocation,Volatile | High Fixed Cost Exposure | Low Delay Risk | Locked → Balanced Allocation,Standard Contract Pricing
MUM-DXB,2026-01-06,64.35996671252042,0.4788257642296084,1820,57.923970041268376,0.031826357165532074,1762.0760299587316,Balanced Allocation,Volatile | High Fixed Cost Exposure | Low Delay Risk | Locked → Balanced Allocation,Standard Contract Pricing
MUM-DXB,2026-01-07,89.40241458787705,0.6564740315713052,1820,80.46217312908935,0.04420998523576338,1739.5378268709107,Balanced Allocation,Volatile | High Fixed Cost Exposure | Low Delay Risk | Locked → Balanced Allocation,Standard Contract Pricing
MUM-DXB,2026-01-08,42.93991117215603,0.3341889559154875,1820,38.645920054940426,0.021234022008209025,1781.3540799450595,Balanced Allocation,Volatile | High Fixed Cost Exposure | Low Delay Risk | Locked → Balanced Allocation,Standard Contract Pricing
MUM-DXB,2026-01-09,62.29087580668016,0.4467241464481649,1820,56.06178822601215,0.03080318034396272,1763.9382117739879,Balanced Allocation,Volatile | High Fixed Cost Exposure | Low Delay Risk | Locked → Balanced Allocation,Standard Contract Pricing
MUM-DXB,2026-01-10,6.607768686717236,0.0525827996436364,1820,5.946991818045513,0.003267577922003029,1814.0530081819545,Balanced Allocation,Volatile | High Fixed Cost Exposure | Low Delay Risk | Locked → Balanced Allocation,Standard Contract Pricing
MUM-DXB,2026-01-11,15.97726528624321,0.1383726767898974,1820,14.379538757618889,0.00790084547121917,1805.6204612423812,Balanced Allocation,Volatile | High Fixed Cost Exposure | Low Delay Risk | Locked → Balanced Allocation,Standard Contract Pricing
MUM-DXB,2026-01-12,1237.2170091909998,0.8657685139304602,1820,1299.0778596505497,0.7137790437640383,520.9221403494503,Maximize Utilization,Stable | High Fixed Cost Exposure | Low Delay Risk | Locked → Maximize Utilization,Premium / Priority Pricing
MUM-DXB,2026-01-13,323.3766237137042,0.7197928469231349,1820,291.0389613423338,0.1599115172210625,1528.9610386576662,Balanced Allocation,Volatile | High Fixed Cost Exposure | Low Delay Risk | Locked → Balanced Allocation,Standard Contract Pricing
MUM-DXB,2026-01-14,285.9124585897261,0.8739794132068047,1820,300.20808151921244,0.16494949534022663,1519.7919184807874,Maximize Utilization,Stable | High Fixed Cost Exposure | Low Delay Risk | Locked → Maximize Utilization,Premium / Priority Pricing
MUM-DXB,2026-01-15,49.42138413079397,0.3831188837755307,1820,44.47924571771457,0.02443914599874427,1775.5207542822855,Balanced Allocation,Volatile | High Fixed Cost Exposure | Low Delay Risk | Locked → Balanced Allocation,Standard Contract Pricing
MUM-DXB,2026-01-16,70.0078080635351,0.4997596866045559,1820,63.00702725718158,0.034619245745704165,1756.9929727428184,Balanced Allocation,Volatile | High Fixed Cost Exposure | Low Delay Risk | Locked → Balanced Allocation,Standard Contract Pricing
MUM-DXB,2026-01-17,269.81562522452447,0.8343000415423907,1820,283.3064064857507,0.15566286070645644,1536.6935935142492,Maximize Utilization,Stable | High Fixed Cost Exposure | Low Delay Risk | Locked → Maximize Utilization,Premium / Priority Pricing
MUM-DXB,2026-01-18,-43.936055965254525,0.0,1820,-39.54245036872907,0.0,1859.542450368729,Balanced Allocation,Volatile | High Fixed Cost Exposure | Low Delay Risk | Locked → Balanced Allocation,Standard Contract Pricing
MUM-DXB,2026-01-19,84.28909684058789,0.6129849856339527,1820,75.86018715652911,0.04168142151457643,1744.139812843471,Balanced Allocation,Volatile | High Fixed Cost Exposure | Low Delay Risk | Locked → Balanced Allocation,Standard Contract Pricing
MUM-DXB,2026-01-20,9.245572216563971,0.0798157869147344,1820,8.321014994907575,0.004571986260938228,1811.6789850050925,Balanced Allocation,Volatile | High Fixed Cost Exposure | Low Delay Risk | Locked → Balanced Allocation,Standard Contract Pricing
MUM-DXB,2026-01-21,227.31275378059823,0.9490131927058096,1820,238.67839146962814,0.13114197333496053,1581.3216085303718,Maximize Utilization,Stable | High Fixed Cost Exposure | Low Delay Risk | Locked → Maximize Utilization,Premium / Priority Pricing
MUM-DXB,2026-01-22,226.0261637441185,0.8456933170804999,1820,237.32747193132442,0.13039970985237606,1582.6725280686755,Maximize Utilization,Stable | High Fixed Cost Exposure | Low Delay Risk | Locked → Maximize Utilization,Premium / Priority Pricing
MUM-DXB,2026-01-23,248.95448004940064,0.8476084703035658,1820,261.4022040518707,0.143627584643885,1558.5977959481293,Maximize Utilization,Stable | High Fixed Cost Exposure | Low Delay Risk | Locked → Maximize Utilization,Premium / Priority Pricing
MUM-DXB,2026-01-24,241.10746615064744,0.8025747972624786,1820,253.16283945817983,0.13910046124075814,1566.8371605418201,Maximize Utilization,Stable | High Fixed Cost Exposure | Low Delay Risk | Locked → Maximize Utilization,Premium / Priority Pricing
MUM-DXB,2026-01-25,189.20326994142368,0.9555434626853988,1820,198.66343343849488,0.10915573265851367,1621.3365665615052,Maximize Utilization,Stable | High Fixed Cost Exposure | Low Delay Risk | Locked → Maximize Utilization,Premium / Priority Pricing
MUM-DXB,2026-01-26,113.36359502497127,0.7961796942681856,1820,119.03177477621985,0.06540207405286805,1700.96822522378,Maximize Utilization,Stable | High Fixed Cost Exposure | Low Delay Risk | Locked → Maximize Utilization,Premium / Priority Pricing
MUM-DXB,2026-01-27,692.406191891934,0.6472680520273433,1820,623.1655727027406,0.3423986663201872,1196.8344272972595,Balanced Allocation,Volatile | High Fixed Cost Exposure | Low Delay Risk | Locked → Balanced Allocation,Standard Contract Pricing
MUM-DXB,2026-01-28,81.2637057854829,0.5631801267725731,1820,73.13733520693461,0.04018534901479923,1746.8626647930655,Balanced Allocation,Volatile | High Fixed Cost Exposure | Low Delay Risk | Locked → Balanced Allocation,Standard Contract Pricing
MUM-DXB,2026-01-29,1576.8378803520163,0.9901269351349056,1820,1655.6797743696172,0.909714161741548,164.32022563038277,Maximize Utilization,Stable | High Fixed Cost Exposure | Low Delay Risk | Locked → Maximize Utilization,Premium / Priority Pricing
MUM-DXB,2026-01-30,147.17512065745308,0.876592514060572,1820,154.53387669032574,0.08490872345622294,1665.4661233096742,Maximize Utilization,Stable | High Fixed Cost Exposure | Low Delay Risk | Locked → Maximize Utilization,Premium / Priority Pricing
MUM-DXB,2026-01-31,1580.824241030528,0.7190651186371063,1820,1422.7418169274752,0.7817262730370743,397.25818307252484,Balanced Allocation,Volatile | High Fixed Cost Exposure | Low Delay Risk | Locked → Balanced Allocation,Standard Contract Pricing
MUM-DXB,2026-02-01,-5.479556616383832,0.0,1820,-4.9316009547454485,0.0,1824.9316009547454,Balanced Allocation,Volatile | High Fixed Cost Exposure | Low Delay Risk | Locked → Balanced Allocation,Standard Contract Pricing
MUM-DXB,2026-02-02,-9.131098680653736,0.0,1820,-8.217988812588363,0.0,1828.2179888125884,Balanced Allocation,Volatile | High Fixed Cost Exposure | Low Delay Risk | Locked → Balanced Allocation,Standard Contract Pricing
MUM-DXB,2026-02-03,172.68336463195982,0.9130700955860614,1820,181.31753286355783,0.09962501805689991,1638.6824671364423,Maximize Utilization,Stable | High Fixed Cost Exposure | Low Delay Risk | Locked → Maximize Utilization,Premium / Priority Pricing
MUM-DXB,2026-02-04,190.9464368306756,0.9854035797357468,1820,200.4937586722094,0.11016140586385131,1619.5062413277906,Maximize Utilization,Stable | High Fixed Cost Exposure | Low Delay Risk | Locked → Maximize Utilization,Premium / Priority Pricing
MUM-DXB,2026-02-05,1025.9183546042664,0.8705495134311828,1820,1077.2142723344798,0.5918759738101538,742.7857276655202,Maximize Utilization,Stable | High Fixed Cost Exposure | Low Delay Risk | Locked → Maximize Utilization,Premium / Priority Pricing
MUM-DXB,2026-02-06,22.701762498908977,0.2022046391833395,1820,20.43158624901808,0.011226146290669274,1799.568413750982,Balanced Allocation,Volatile | High Fixed Cost Exposure | Low Delay Risk | Locked → Balanced Allocation,Standard Contract Pricing
MUM-DXB,2026-02-07,341.88162087649147,0.7162458640650792,1820,307.69345878884235,0.1690623399938694,1512.3065412111578,Balanced Allocation,Volatile | High Fixed Cost Exposure | Low Delay Risk | Locked → Balanced Allocation,Standard Contract Pricing
MUM-DXB,2026-02-08,1718.877893715074,0.9773428917215164,1820,1804.8217884008277,0.991660323297158,15.1782115991723,Maximize Utilization,Stable | High Fixed Cost Exposure | Low Delay Risk | Locked → Maximize Utilization,Premium / Priority Pricing
MUM-DXB,2026-02-09,56.341521843552016,0.4372821121032236,1820,50.707369659196814,0.02786119212043781,1769.2926303408033,Balanced Allocation,Volatile | High Fixed Cost Exposure | Low Delay Risk | Locked → Balanced Allocation,Standard Contract Pricing
MUM-DXB,2026-02-10,94.97527772083362,0.6857203800739744,1820,85.47774994875026,0.046965796675137506,1734.5222500512498,Balanced Allocation,Volatile | High Fixed Cost Exposure | Low Delay Risk | Locked → Balanced Allocation,Standard Contract Pricing
MUM-DXB,2026-02-11,1814.306876739657,0.8050570773523014,1820,1820.0,1.0,0.0,Maximize Utilization,Stable | High Fixed Cost Exposure | Low Delay Risk | Locked → Maximize Utilization,Premium / Priority Pricing
MUM-DXB,2026-02-12,1920.4255461833432,0.9730509613233348,1820,1820.0,1.0,0.0,Maximize Utilization,Stable | High Fixed Cost Exposure | Low Delay Risk | Locked → Maximize Utilization,Premium / Priority Pricing
MUM-DXB,2026-02-13,292.01737982243543,0.7664700140024244,1820,306.6182488135572,0.1684715652821743,1513.3817511864427,Maximize Utilization,Stable | High Fixed Cost Exposure | Low Delay Risk | Locked → Maximize Utilization,Premium / Priority Pricing
MUM-DXB,2026-02-14,2030.4167681963163,0.9528599377777746,1820,1820.0,1.0,0.0,Maximize Utilization,Stable | High Fixed Cost Exposure | Low Delay Risk | Locked → Maximize Utilization,Premium / Priority Pricing
MUM-DXB,2026-02-15,197.1278329989138,0.9040311702345712,1820,206.98422464885948,0.11372759596091181,1613.0157753511405,Maximize Utilization,Stable | High Fixed Cost Exposure | Low Delay Risk | Locked → Maximize Utilization,Premium / Priority Pricing
MUM-DXB,2026-02-16,2308.266811281831,0.9929060179650572,1820,1820.0,1.0,0.0,Maximize Utilization,Stable | High Fixed Cost Exposure | Low Delay Risk | Locked → Maximize Utilization,Premium / Priority Pricing
MUM-DXB,2026-02-17,1553.0290678223214,0.3639318745388152,1820,1397.7261610400892,0.7679814071648842,422.2738389599108,Balanced Allocation,Volatile | High Fixed Cost Exposure | Low Delay Risk | Locked → Balanced Allocation,Standard Contract Pricing
MUM-DXB,2026-02-18,1973.1494051843729,0.4027634658195024,1820,1775.8344646659357,0.9757332223439207,44.165535334064316,Balanced Allocation,Volatile | High Fixed Cost Exposure | Low Delay Risk | Locked → Balanced Allocation,Standard Contract Pricing
MUM-DXB,2026-02-19,299.6972730981917,0.7544361695788673,1820,314.6821367531013,0.17290227294126445,1505.3178632468987,Maximize Utilization,Stable | High Fixed Cost Exposure | Low Delay Risk | Locked → Maximize Utilization,Premium / Priority Pricing
MUM-DXB,2026-02-20,240.03504263482856,0.8460183044887523,1820,252.03679476656998,0.13848175536624724,1567.96320523343,Maximize Utilization,Stable | High Fixed Cost Exposure | Low Delay Risk | Locked → Maximize Utilization,Premium / Priority Pricing
MUM-DXB,2026-02-21,43.40502295375285,0.3344359613011973,1820,39.06452065837757,0.021464022339767894,1780.9354793416223,Balanced Allocation,Volatile | High Fixed Cost Exposure | Low Delay Risk | Locked → Balanced Allocation,Standard Contract Pricing
MUM-DXB,2026-02-22,-15.835668608645278,0.0,1820,-14.25210174778075,0.0,1834.2521017477807,Balanced Allocation,Volatile | High Fixed Cost Exposure | Low Delay Risk | Locked → Balanced Allocation,Standard Contract Pricing
MUM-DXB,2026-02-23,2266.5324567432813,0.8984709998401046,1820,1820.0,1.0,0.0,Maximize Utilization,Stable | High Fixed Cost Exposure | Low Delay Risk | Locked → Maximize Utilization,Premium / Priority Pricing
MUM-DXB,2026-02-24,-15.527762090312194,0.0,1820,-13.974985881280976,0.0,1833.9749858812809,Balanced Allocation,Volatile | High Fixed Cost Exposure | Low Delay Risk | Locked → Balanced Allocation,Standard Contract Pricing
MUM-DXB,2026-02-25,11.562834550312855,0.0953672999603745,1820,10.40655109528157,0.005717885217187676,1809.5934489047183,Balanced Allocation,Volatile | High Fixed Cost Exposure | Low Delay Risk | Locked → Balanced Allocation,Standard Contract Pricing
MUM-DXB,2026-02-26,1712.3207365898268,0.8702267820851411,1820,1797.9367734193181,0.9878773480325924,22.063226580681885,Maximize Utilization,Stable | High Fixed Cost Exposure | Low Delay Risk | Locked → Maximize Utilization,Premium / Priority Pricing
MUM-DXB,2026-02-27,212.961111057818,0.9611873744053262,1820,223.60916661070888,0.12286217945643345,1596.3908333892912,Maximize Utilization,Stable | High Fixed Cost Exposure | Low Delay Risk | Locked → Maximize Utilization,Premium / Priority Pricing
MUM-DXB,2026-02-28,33.873829584813734,0.2659095421611823,1820,30.486446626332363,0.016750794849633165,1789.5135533736677,Balanced Allocation,Volatile | High Fixed Cost Exposure | Low Delay Risk | Locked → Balanced Allocation,Standard Contract Pricing
MUM-DXB,2026-03-01,90.57834807804306,0.6088362485085725,1820,81.52051327023877,0.0447914908078235,1738.4794867297612,Balanced Allocation,Volatile | High Fixed Cost Exposure | Low Delay Risk | Locked → Balanced Allocation,Standard Contract Pricing
MUM-DXB,2026-01-01,615.0415635288846,0.8377881124814586,1820,645.7936417053288,0.3548316712666642,1174.2063582946712,Maximize Utilization,Stable | High Fixed Cost Exposure | Low Delay Risk | Locked → Maximize Utilization,Premium / Priority Pricing
MUM-DXB,2026-01-02,2461.230478563347,0.6934495465183588,1820,1820.0,1.0,0.0,Balanced Allocation,Volatile | High Fixed Cost Exposure | Low Delay Risk | Locked → Balanced Allocation,Standard Contract Pricing
MUM-DXB,2026-01-03,72.57352421934058,0.5376374603878089,1820,65.31617179740653,0.0358880064820915,1754.6838282025935,Balanced Allocation,Volatile | High Fixed Cost Exposure | Low Delay Risk | Locked → Balanced Allocation,Standard Contract Pricing
MUM-DXB,2026-01-04,198.35790793454743,0.9841055570131212,1820,208.2758033312748,0.11443725457762352,1611.7241966687252,Maximize Utilization,Stable | High Fixed Cost Exposure | Low Delay Risk | Locked → Maximize Utilization,Premium / Priority Pricing
MUM-DXB,2026-01-05,155.6689443243174,0.9385628364984296,1820,163.45239154053328,0.08980900634095236,1656.5476084594668,Maximize Utilization,Stable | High Fixed Cost Exposure | Low Delay Risk | Locked → Maximize Utilization,Premium / Priority Pricing
MUM-DXB,2026-01-06,189.03484998289792,0.9510084486754674,1820,198.48659248204282,0.10905856729782573,1621.5134075179571,Maximize Utilization,Stable | High Fixed Cost Exposure | Low Delay Risk | Locked → Maximize Utilization,Premium / Priority Pricing
MUM-DXB,2026-01-07,56.27620854143021,0.460219195628508,1820,50.64858768728719,0.02782889433367428,1769.351412312713,Balanced Allocation,Volatile | High Fixed Cost Exposure | Low Delay Risk | Locked → Balanced Allocation,Standard Contract Pricing
MUM-DXB,2026-01-08,111.78196912798752,0.6793635725373521,1820,100.60377221518877,0.05527679792043339,1719.3962277848113,Balanced Allocation,Volatile | High Fixed Cost Exposure | Low Delay Risk | Locked → Balanced Allocation,Standard Contract Pricing
MUM-DXB,2026-01-09,284.601847751358,0.7718991879098296,1820,298.8319401389259,0.16419337370270654,1521.1680598610742,Maximize Utilization,Stable | High Fixed Cost Exposure | Low Delay Risk | Locked → Maximize Utilization,Premium / Priority Pricing
MUM-DXB,2026-01-10,306.48963277133333,0.643883288614922,1820,275.84066949420003,0.15156080741439562,1544.1593305058,Balanced Allocation,Volatile | High Fixed Cost Exposure | Low Delay Risk | Locked → Balanced Allocation,Standard Contract Pricing
MUM-DXB,2026-01-11,207.9330746530396,0.921040630809731,1820,218.3297283856916,0.11996138922290747,1601.6702716143084,Maximize Utilization,Stable | High Fixed Cost Exposure | Low Delay Risk | Locked → Maximize Utilization,Premium / Priority Pricing
MUM-DXB,2026-01-12,243.8544095320804,0.7941165298774688,1820,256.04713000868446,0.14068523626850796,1563.9528699913155,Maximize Utilization,Stable | High Fixed Cost Exposure | Low Delay Risk | Locked → Maximize Utilization,Premium / Priority Pricing
MUM-DXB,2026-01-13,289.3433553959823,0.8279136881124809,1820,303.81052316578143,0.1669288588822975,1516.1894768342186,Maximize Utilization,Stable | High Fixed Cost Exposure | Low Delay Risk | Locked → Maximize Utilization,Premium / Priority Pricing
MUM-DXB,2026-01-14,275.48946822504314,0.7566266016880494,1820,289.2639416362953,0.15893623166829413,1530.7360583637046,Maximize Utilization,Stable | High Fixed Cost Exposure | Low Delay Risk | Locked → Maximize Utilization,Premium / Priority Pricing
MUM-DXB,2026-01-15,66.9303922277582,0.5392260238856232,1820,60.23735300498239,0.03309744670603428,1759.7626469950176,Balanced Allocation,Volatile | High Fixed Cost Exposure | Low Delay Risk | Locked → Balanced Allocation,Standard Contract Pricing
MUM-DXB,2026-01-16,51.14490548528022,0.4503777196332073,1820,46.0304149367522,0.025291436778435275,1773.969585063248,Balanced Allocation,Volatile | High Fixed Cost Exposure | Low Delay Risk | Locked → Balanced Allocation,Standard Contract Pricing
MUM-DXB,2026-01-17,199.29083280933625,0.91781869240026,1820,209.25537444980307,0.11497548046692477,1610.7446255501968,Maximize Utilization,Stable | High Fixed Cost Exposure | Low Delay Risk | Locked → Maximize Utilization,Premium / Priority Pricing
MUM-DXB,2026-01-18,114.3155538858146,0.855517380550972,1820,120.03133158010533,0.06595128108796997,1699.9686684198946,Maximize Utilization,Stable | High Fixed Cost Exposure | Low Delay Risk | Locked → Maximize Utilization,Premium / Priority Pricing
MUM-DXB,2026-01-19,148.85093138685164,0.9706468763378824,1820,156.29347795619424,0.08587553733856826,1663.7065220438058,Maximize Utilization,Stable | High Fixed Cost Exposure | Low Delay Risk | Locked → Maximize Utilization,Premium / Priority Pricing
MUM-DXB,2026-01-20,168.30401990164546,0.9158390345793922,1820,176.71922089672773,0.09709847302018007,1643.2807791032724,Maximize Utilization,Stable | High Fixed Cost Exposure | Low Delay Risk | Locked → Maximize Utilization,Premium / Priority Pricing
MUM-DXB,2026-01-21,340.3359923054524,0.7572666553225271,1820,357.35279192072505,0.19634768786853024,1462.647208079275,Maximize Utilization,Stable | High Fixed Cost Exposure | Low Delay Risk | Locked → Maximize Utilization,Premium / Priority Pricing
MUM-DXB,2026-01-22,294.69523955968936,0.7771569370438256,1820,309.43000153767383,0.17001648436135924,1510.569998462326,Maximize Utilization,Stable | High Fixed Cost Exposure | Low Delay Risk | Locked → Maximize Utilization,Premium / Priority Pricing
MUM-DXB,2026-01-23,350.8653444247008,0.6018616037331648,1820,315.77880998223077,0.17350484064957736,1504.2211900177692,Balanced Allocation,Volatile | High Fixed Cost Exposure | Low Delay Risk | Locked → Balanced Allocation,Standard Contract Pricing
MUM-DXB,2026-01-24,935.535988667149,0.9497663176450764,1820,982.3127881005065,0.5397323011541244,837.6872118994935,Maximize Utilization,Stable | High Fixed Cost Exposure | Low Delay Risk | Locked → Maximize Utilization,Premium / Priority Pricing
MUM-DXB,2026-01-25,50.11655584490654,0.4031082467647666,1820,45.10490026041589,0.024782912230997742,1774.895099739584,Balanced Allocation,Volatile | High Fixed Cost Exposure | Low Delay Risk | Locked → Balanced Allocation,Standard Contract Pricing
MUM-DXB,2026-01-26,357.8333674420675,0.6140805421851535,1820,322.0500306978608,0.17695056631750594,1497.9499693021392,Balanced Allocation,Volatile | High Fixed Cost Exposure | Low Delay Risk | Locked → Balanced Allocation,Standard Contract Pricing
MUM-DXB,2026-01-27,209.3105826310388,0.9882683164658788,1820,219.77611176259077,0.12075610536406087,1600.2238882374093,Maximize Utilization,Stable | High Fixed Cost Exposure | Low Delay Risk | Locked → Maximize Utilization,Premium / Priority Pricing
MUM-DXB,2026-01-28,1302.2285145253688,0.7000763151393208,1820,1172.005663072832,0.6439591555345231,647.994336927168,Balanced Allocation,Volatile | High Fixed Cost Exposure | Low Delay Risk | Locked → Balanced Allocation,Standard Contract Pricing
MUM-DXB,2026-01-29,170.04642186987496,0.974955699075298,1820,178.5487429633687,0.09810370492492786,1641.4512570366312,Maximize Utilization,Stable | High Fixed Cost Exposure | Low Delay Risk | Locked → Maximize Utilization,Premium / Priority Pricing
MUM-DXB,2026-01-30,1721.8307825010893,0.8337118888168568,1820,1807.922321626144,0.9933639129813977,12.077678373856088,Maximize Utilization,Stable | High Fixed Cost Exposure | Low Delay Risk | Locked → Maximize Utilization,Premium / Priority Pricing
MUM-DXB,2026-01-31,138.91255312439978,0.856712351410399,1820,145.85818078061976,0.0801418575717691,1674.1418192193803,Maximize Utilization,Stable | High Fixed Cost Exposure | Low Delay Risk | Locked → Maximize Utilization,Premium / Priority Pricing
MUM-DXB,2026-02-01,155.2428528942172,0.9826267616533438,1820,163.00499553892809,0.0895631843620484,1656.9950044610719,Maximize Utilization,Stable | High Fixed Cost Exposure | Low Delay Risk | Locked → Maximize Utilization,Premium / Priority Pricing
MUM-DXB,2026-02-02,364.5884196876648,0.6468415923956929,1820,328.1295777188983,0.18029097676862543,1491.8704222811016,Balanced Allocation,Volatile | High Fixed Cost Exposure | Low Delay Risk | Locked → Balanced Allocation,Standard Contract Pricing
MUM-DXB,2026-02-03,416.9568853904165,0.6032580269564435,1820,375.26119685137485,0.2061874707974587,1444.7388031486253,Balanced Allocation,Volatile | High Fixed Cost Exposure | Low Delay Risk | Locked → Balanced Allocation,Standard Contract Pricing
MUM-DXB,2026-02-04,1666.8852328307582,0.9352218261446114,1820,1750.2294944722962,0.9616645574023606,69.77050552770379,Maximize Utilization,Stable | High Fixed Cost Exposure | Low Delay Risk | Locked → Maximize Utilization,Premium / Priority Pricing
MUM-DXB,2026-02-05,321.7911827464064,0.7044388245041409,1820,289.61206447176573,0.15912750795151964,1530.3879355282343,Balanced Allocation,Volatile | High Fixed Cost Exposure | Low Delay Risk | Locked → Balanced Allocation,Standard Contract Pricing
MUM-DXB,2026-02-06,72.86565654470269,0.4986419087885827,1820,65.57909089023242,0.036032467522105725,1754.4209091097675,Balanced Allocation,Volatile | High Fixed Cost Exposure | Low Delay Risk | Locked → Balanced Allocation,Standard Contract Pricing
MUM-DXB,2026-02-07,89.33638490961755,0.6389572379834203,1820,80.4027464186558,0.04417733319706362,1739.5972535813441,Balanced Allocation,Volatile | High Fixed Cost Exposure | Low Delay Risk | Locked → Balanced Allocation,Standard Contract Pricing
MUM-DXB,2026-02-08,932.0320063977172,0.9997215270766884,1820,978.633606717603,0.53771077292176,841.366393282397,Maximize Utilization,Stable | High Fixed Cost Exposure | Low Delay Risk | Locked → Maximize Utilization,Premium / Priority Pricing
MUM-DXB,2026-02-09,239.2110273419813,0.8913877408324775,1820,251.17157870908036,0.13800636192806615,1568.8284212909196,Maximize Utilization,Stable | High Fixed Cost Exposure | Low Delay Risk | Locked → Maximize Utilization,Premium / Priority Pricing
MUM-DXB,2026-02-10,172.3267226947437,0.9053227859002798,1820,180.9430588294809,0.09941926309312137,1639.0569411705192,Maximize Utilization,Stable | High Fixed Cost Exposure | Low Delay Risk | Locked → Maximize Utilization,Premium / Priority Pricing
MUM-DXB,2026-02-11,151.98005207757757,0.8574847873026858,1820,159.57905468145646,0.08768079927552552,1660.4209453185435,Maximize Utilization,Stable | High Fixed Cost Exposure | Low Delay Risk | Locked → Maximize Utilization,Premium / Priority Pricing
MUM-DXB,2026-02-12,164.9836543442958,0.9422129444627256,1820,173.2328370615106,0.0951828775063245,1646.7671629384895,Maximize Utilization,Stable | High Fixed Cost Exposure | Low Delay Risk | Locked → Maximize Utilization,Premium / Priority Pricing
MUM-DXB,2026-02-13,289.177777844732,0.7020132153361591,1820,260.26000006025885,0.14300000003310925,1559.7399999397412,Balanced Allocation,Volatile | High Fixed Cost Exposure | Low Delay Risk | Locked → Balanced Allocation,Standard Contract Pricing
MUM-DXB,2026-02-14,195.3309183641996,0.9961682395625556,1820,205.0974642824096,0.11269091444088439,1614.9025357175904,Maximize Utilization,Stable | High Fixed Cost Exposure | Low Delay Risk | Locked → Maximize Utilization,Premium / Priority Pricing
MUM-DXB,2026-02-15,114.88388823877663,0.742640016358858,1820,103.39549941489898,0.05681071396423021,1716.604500585101,Balanced Allocation,Volatile | High Fixed Cost Exposure | Low Delay Risk | Locked → Balanced Allocation,Standard Contract Pricing
MUM-DXB,2026-02-16,129.9566643113975,0.7848930677050019,1820,136.45449752696737,0.07497499864119087,1683.5455024730327,Maximize Utilization,Stable | High Fixed Cost Exposure | Low Delay Risk | Locked → Maximize Utilization,Premium / Priority Pricing
MUM-DXB,2026-02-17,43.87589524836113,0.3489070489578566,1820,39.48830572352502,0.021696871276662102,1780.511694276475,Balanced Allocation,Volatile | High Fixed Cost Exposure | Low Delay Risk | Locked → Balanced Allocation,Standard Contract Pricing
MUM-DXB,2026-02-18,2175.3855648912927,0.9681441456247944,1820,1820.0,1.0,0.0,Maximize Utilization,Stable | High Fixed Cost Exposure | Low Delay Risk | Locked → Maximize Utilization,Premium / Priority Pricing
MUM-DXB,2026-02-19,140.37284663386453,0.8934877631066868,1820,147.39148896555776,0.0809843345964603,1672.6085110344422,Maximize Utilization,Stable | High Fixed Cost Exposure | Low Delay Risk | Locked → Maximize Utilization,Premium / Priority Pricing
MUM-DXB,2026-02-20,2580.1590518570524,0.6301692844067647,1820,1820.0,1.0,0.0,Balanced Allocation,Volatile | High Fixed Cost Exposure | Low Delay Risk | Locked → Balanced Allocation,Standard Contract Pricing
MUM-DXB,2026-02-21,62.05038769809471,0.4745095182644566,1820,55.84534892828524,0.030684257652903977,1764.1546510717149,Balanced Allocation,Volatile | High Fixed Cost Exposure | Low Delay Risk | Locked → Balanced Allocation,Standard Contract Pricing
MUM-DXB,2026-02-22,232.72301013798693,0.9770787159821108,1820,244.3591606448863,0.13426327507960786,1575.6408393551137,Maximize Utilization,Stable | High Fixed Cost Exposure | Low Delay Risk | Locked → Maximize Utilization,Premium / Priority Pricing
MUM-DXB,2026-02-23,352.16321530217994,0.6530974583709338,1820,316.9468937719619,0.1741466449296494,1503.0531062280381,Balanced Allocation,Volatile | High Fixed Cost Exposure | Low Delay Risk | Locked → Balanced Allocation,Standard Contract Pricing
MUM-DXB,2026-02-24,189.3643475006216,0.9456245526840956,1820,198.83256487565268,0.10924866201958938,1621.1674351243473,Maximize Utilization,Stable | High Fixed Cost Exposure | Low Delay Risk | Locked → Maximize Utilization,Premium / Priority Pricing
MUM-DXB,2026-02-25,1790.1351215768482,0.6477051169405219,1820,1611.1216094191634,0.8852316535270128,208.8783905808366,Balanced Allocation,Volatile | High Fixed Cost Exposure | Low Delay Risk | Locked → Balanced Allocation,Standard Contract Pricing
MUM-DXB,2026-02-26,1304.5156718281476,0.5857723578618101,1820,1174.064104645333,0.6450901673875455,645.9358953546671,Balanced Allocation,Volatile | High Fixed Cost Exposure | Low Delay Risk | Locked → Balanced Allocation,Standard Contract Pricing
MUM-DXB,2026-02-27,240.4979098783819,0.8113820135064059,1820,252.522805372301,0.13874879416060495,1567.477194627699,Maximize Utilization,Stable | High Fixed Cost Exposure | Low Delay Risk | Locked → Maximize Utilization,Premium / Priority Pricing
MUM-DXB,2026-02-28,37.924362513727374,0.322300147231608,1820,34.13192626235464,0.018753805638656394,1785.8680737376453,Balanced Allocation,Volatile | High Fixed Cost Exposure | Low Delay Risk | Locked → Balanced Allocation,Standard Contract Pricing
MUM-DXB,2026-03-01,256.49052002749505,0.853051116774343,1820,269.3150460288698,0.14797530001586254,1550.6849539711302,Maximize Utilization,Stable | High Fixed Cost Exposure | Low Delay Risk | Locked → Maximize Utilization,Premium / Priority Pricing
MUM-DXB,2026-01-01,355.1143058641555,0.6695337248108877,1820,319.60287527773994,0.17560597542732964,1500.39712472226,Balanced Allocation,Volatile | High Fixed Cost Exposure | Low Delay Risk | Locked → Balanced Allocation,Standard Contract Pricing
MUM-DXB,2026-01-02,153.36121685338998,0.9566460722284708,1820,161.0292776960595,0.088477625107725,1658.9707223039404,Maximize Utilization,Stable | High Fixed Cost Exposure | Low Delay Risk | Locked → Maximize Utilization,Premium / Priority Pricing
MUM-DXB,2026-01-03,333.6835688327384,0.629840833485483,1820,300.3152119494646,0.16500835821399154,1519.6847880505354,Balanced Allocation,Volatile | High Fixed Cost Exposure | Low Delay Risk | Locked → Balanced Allocation,Standard Contract Pricing
MUM-DXB,2026-01-04,521.8605618833249,0.6971544239544355,1820,469.6745056949924,0.2580629152170288,1350.3254943050076,Balanced Allocation,Volatile | High Fixed Cost Exposure | Low Delay Risk | Locked → Balanced Allocation,Standard Contract Pricing
MUM-DXB,2026-01-05,308.8241260054605,0.7709619846456044,1820,324.2653323057336,0.17816776500315032,1495.7346676942664,Maximize Utilization,Stable | High Fixed Cost Exposure | Low Delay Risk | Locked → Maximize Utilization,Premium / Priority Pricing
MUM-DXB,2026-01-06,425.69968336546816,0.620779256567166,1820,383.12971502892134,0.21051083243347327,1436.8702849710787,Balanced Allocation,Volatile | High Fixed Cost Exposure | Low Delay Risk | Locked → Balanced Allocation,Standard Contract Pricing
MUM-DXB,2026-01-07,534.0510394963603,0.5511720262923818,1820,480.6459355467243,0.264091173377321,1339.3540644532757,Balanced Allocation,Volatile | High Fixed Cost Exposure | Low Delay Risk | Locked → Balanced Allocation,Standard Contract Pricing
MUM-DXB,2026-01-08,340.6383639228981,0.658692589408123,1820,306.5745275306083,0.16844754259923533,1513.4254724693917,Balanced Allocation,Volatile | High Fixed Cost Exposure | Low Delay Risk | Locked → Balanced Allocation,Standard Contract Pricing
MUM-DXB,2026-01-09,1251.684241086842,0.91024603141282,1820,1314.268453141184,0.7221255237039472,505.73154685881605,Maximize Utilization,Stable | High Fixed Cost Exposure | Low Delay Risk | Locked → Maximize Utilization,Premium / Priority Pricing
MUM-DXB,2026-01-10,300.6221160711104,0.6118490439711282,1820,270.5599044639994,0.1486592881670326,1549.4400955360006,Balanced Allocation,Volatile | High Fixed Cost Exposure | Low Delay Risk | Locked → Balanced Allocation,Standard Contract Pricing
MUM-DXB,2026-01-11,601.2629699285426,0.5886934854626239,1820,541.1366729356884,0.29732784227235626,1278.8633270643118,Balanced Allocation,Volatile | High Fixed Cost Exposure | Low Delay Risk | Locked → Balanced Allocation,Standard Contract Pricing
MUM-DXB,2026-01-12,326.95883591942714,0.5053392790422995,1820,294.2629523274844,0.16168294083927714,1525.7370476725155,Balanced Allocation,Volatile | High Fixed Cost Exposure | Low Delay Risk | Locked → Balanced Allocation,Standard Contract Pricing
MUM-DXB,2026-01-13,1401.5650012208362,0.8304866329202738,1820,1471.643251281878,0.8085951930120209,348.35674871812193,Maximize Utilization,Stable | High Fixed Cost Exposure | Low Delay Risk | Locked → Maximize Utilization,Premium / Priority Pricing
MUM-DXB,2026-01-14,361.20556507114674,0.6689370692820966,1820,325.0850085640321,0.178618136573644,1494.914991435968,Balanced Allocation,Volatile | High Fixed Cost Exposure | Low Delay Risk | Locked → Balanced Allocation,Standard Contract Pricing
MUM-DXB,2026-01-15,571.876376244127,0.5571138345514375,1820,514.6887386197143,0.28279601023061224,1305.3112613802857,Balanced Allocation,Volatile | High Fixed Cost Exposure | Low Delay Risk | Locked → Balanced Allocation,Standard Contract Pricing
MUM-DXB,2026-01-16,1431.179139100166,0.9900925709784414,1820,1502.7380960551743,0.8256802725577881,317.2619039448257,Maximize Utilization,Stable | High Fixed Cost Exposure | Low Delay Risk | Locked → Maximize Utilization,Premium / Priority Pricing
MUM-DXB,2026-01-17,159.60369725398135,0.910314731241641,1820,167.58388211668043,0.09207905610806617,1652.4161178833197,Maximize Utilization,Stable | High Fixed Cost Exposure | Low Delay Risk | Locked → Maximize Utilization,Premium / Priority Pricing
MUM-DXB,2026-01-18,354.3322321849292,0.5163866581907457,1820,318.89900896643627,0.1752192356958441,1501.1009910335638,Balanced Allocation,Volatile | High Fixed Cost Exposure | Low Delay Risk | Locked → Balanced Allocation,Standard Contract Pricing
MUM-DXB,2026-01-19,446.3680032138163,0.5986294602028097,1820,401.7312028924347,0.2207314301606784,1418.2687971075652,Balanced Allocation,Volatile | High Fixed Cost Exposure | Low Delay Risk | Locked → Balanced Allocation,Standard Contract Pricing
MUM-DXB,2026-01-20,266.3776548601381,0.8004911975059744,1820,279.696537603145,0.15367941626546427,1540.3034623968551,Maximize Utilization,Stable | High Fixed Cost Exposure | Low Delay Risk | Locked → Maximize Utilization,Premium / Priority Pricing
MUM-DXB,2026-01-21,390.2641387673145,0.7170515656506877,1820,351.237724890583,0.19298776092889178,1468.762275109417,Balanced Allocation,Volatile | High Fixed Cost Exposure | Low Delay Risk | Locked → Balanced Allocation,Standard Contract Pricing
MUM-DXB,2026-01-22,319.3352875855829,0.6484571885731861,1820,287.4017588270246,0.15791305430056296,1532.5982411729753,Balanced Allocation,Volatile | High Fixed Cost Exposure | Low Delay Risk | Locked → Balanced Allocation,Standard Contract Pricing
MUM-DXB,2026-01-23,1745.9867562390486,0.9312984005405603,1820,1820.0,1.0,0.0,Maximize Utilization,Stable | High Fixed Cost Exposure | Low Delay Risk | Locked → Maximize Utilization,Premium / Priority Pricing
MUM-DXB,2026-01-24,432.4499431503578,0.5868380274231135,1820,389.204948835322,0.21384887298644065,1430.795051164678,Balanced Allocation,Volatile | High Fixed Cost Exposure | Low Delay Risk | Locked → Balanced Allocation,Standard Contract Pricing
MUM-DXB,2026-01-25,447.3291179676642,0.5715132647858518,1820,402.5962061708978,0.2212067066873065,1417.4037938291021,Balanced Allocation,Volatile | High Fixed Cost Exposure | Low Delay Risk | Locked → Balanced Allocation,Standard Contract Pricing
MUM-DXB,2026-01-26,528.484948619991,0.6595757884450175,1820,475.6364537579919,0.2613387108560395,1344.3635462420082,Balanced Allocation,Volatile | High Fixed Cost Exposure | Low Delay Risk | Locked → Balanced Allocation,Standard Contract Pricing
MUM-DXB,2026-01-27,2264.975355435828,0.765955108379427,1820,1820.0,1.0,0.0,Maximize Utilization,Stable | High Fixed Cost Exposure | Low Delay Risk | Locked → Maximize Utilization,Premium / Priority Pricing
MUM-DXB,2026-01-28,306.4455659989657,0.5484397069609941,1820,275.80100939906913,0.15153901615333468,1544.1989906009308,Balanced Allocation,Volatile | High Fixed Cost Exposure | Low Delay Risk | Locked → Balanced Allocation,Standard Contract Pricing
MUM-DXB,2026-01-29,231.70832671286445,0.8706170348951721,1820,243.29374304850768,0.13367788079588333,1576.7062569514924,Maximize Utilization,Stable | High Fixed Cost Exposure | Low Delay Risk | Locked → Maximize Utilization,Premium / Priority Pricing
MUM-DXB,2026-01-30,349.9290690601269,0.7188545567854513,1820,314.9361621541142,0.17304184733742536,1505.0638378458857,Balanced Allocation,Volatile | High Fixed Cost Exposure | Low Delay Risk | Locked → Balanced Allocation,Standard Contract Pricing
MUM-DXB,2026-01-31,560.2113064476009,0.4959346981259075,1820,504.1901758028408,0.27702756912244003,1315.8098241971593,Balanced Allocation,Volatile | High Fixed Cost Exposure | Low Delay Risk | Locked → Balanced Allocation,Standard Contract Pricing
MUM-DXB,2026-02-01,189.6152141704478,0.906386643297134,1820,199.09597487897022,0.10939339279064297,1620.9040251210297,Maximize Utilization,Stable | High Fixed Cost Exposure | Low Delay Risk | Locked → Maximize Utilization,Premium / Priority Pricing
MUM-DXB,2026-02-02,1402.830613282144,0.908577381103236,1820,1472.9721439462512,0.8093253538166215,347.0278560537488,Maximize Utilization,Stable | High Fixed Cost Exposure | Low Delay Risk | Locked → Maximize Utilization,Premium / Priority Pricing
MUM-DXB,2026-02-03,433.6965969054698,0.5711772496797549,1820,390.3269372149228,0.21446535011808945,1429.6730627850773,Balanced Allocation,Volatile | High Fixed Cost Exposure | Low Delay Risk | Locked → Balanced Allocation,Standard Contract Pricing
MUM-DXB,2026-02-04,1814.770836793952,0.8922781592871758,1820,1820.0,1.0,0.0,Maximize Utilization,Stable | High Fixed Cost Exposure | Low Delay Risk | Locked → Maximize Utilization,Premium / Priority Pricing
MUM-DXB,2026-02-05,354.9158642062048,0.5744130306405464,1820,319.4242777855843,0.17550784493713423,1500.5757222144157,Balanced Allocation,Volatile | High Fixed Cost Exposure | Low Delay Risk | Locked → Balanced Allocation,Standard Contract Pricing
MUM-DXB,2026-02-06,496.4824872985235,0.5718838811505579,1820,446.83423856867114,0.24551331789487424,1373.165761431329,Balanced Allocation,Volatile | High Fixed Cost Exposure | Low Delay Risk | Locked → Balanced Allocation,Standard Contract Pricing
MUM-DXB,2026-02-07,800.2924235208818,0.9226220149692668,1820,840.3070446969259,0.46170716741589335,979.6929553030741,Maximize Utilization,Stable | High Fixed Cost Exposure | Low Delay Risk | Locked → Maximize Utilization,Premium / Priority Pricing
MUM-DXB,2026-02-08,420.5693770879895,0.5928764137454579,1820,378.51243937919054,0.20797386779076404,1441.4875606208095,Balanced Allocation,Volatile | High Fixed Cost Exposure | Low Delay Risk | Locked → Balanced Allocation,Standard Contract Pricing
MUM-DXB,2026-02-09,521.8091486162527,0.5251054389908827,1820,469.6282337546275,0.25803749107397117,1350.3717662453726,Balanced Allocation,Volatile | High Fixed Cost Exposure | Low Delay Risk | Locked → Balanced Allocation,Standard Contract Pricing
MUM-DXB,2026-02-10,252.5817120023353,0.7945649313044735,1820,265.2107976024521,0.14572021846288577,1554.7892023975478,Maximize Utilization,Stable | High Fixed Cost Exposure | Low Delay Risk | Locked → Maximize Utilization,Premium / Priority Pricing
MUM-DXB,2026-02-11,529.1348371226743,0.3514497576911098,1820,476.2213534104069,0.26166008429143234,1343.778646589593,Balanced Allocation,Volatile | High Fixed Cost Exposure | Low Delay Risk | Locked → Balanced Allocation,Standard Contract Pricing
MUM-DXB,2026-02-12,263.37447301405126,0.8055995608695101,1820,276.54319666475385,0.15194681135426036,1543.4568033352461,Maximize Utilization,Stable | High Fixed Cost Exposure | Low Delay Risk | Locked → Maximize Utilization,Premium / Priority Pricing
MUM-DXB,2026-02-13,254.0056859885887,0.6360953719853658,1820,228.60511738972986,0.12560720735699443,1591.39488261027,Balanced Allocation,Volatile | High Fixed Cost Exposure | Low Delay Risk | Locked → Balanced Allocation,Standard Contract Pricing
MUM-DXB,2026-02-14,239.42708447551095,0.7589375682782489,1820,251.39843869928652,0.13813101027433325,1568.6015613007135,Maximize Utilization,Stable | High Fixed Cost Exposure | Low Delay Risk | Locked → Maximize Utilization,Premium / Priority Pricing
MUM-DXB,2026-02-15,369.1540880190816,0.5223677112683649,1820,332.23867921717346,0.1825487248446008,1487.7613207828265,Balanced Allocation,Volatile | High Fixed Cost Exposure | Low Delay Risk | Locked → Balanced Allocation,Standard Contract Pricing
MUM-DXB,2026-02-16,363.5190432852807,0.5221144420009827,1820,327.16713895675264,0.179762164261952,1492.8328610432472,Balanced Allocation,Volatile | High Fixed Cost Exposure | Low Delay Risk | Locked → Balanced Allocation,Standard Contract Pricing
MUM-DXB,2026-02-17,129.79455169288457,0.8715809824678695,1820,136.2842792775288,0.07488147213051033,1683.7157207224711,Maximize Utilization,Stable | High Fixed Cost Exposure | Low Delay Risk | Locked → Maximize Utilization,Premium / Priority Pricing
MUM-DXB,2026-02-18,540.635918451153,0.5398740690033037,1820,486.5723266060377,0.2673474322011196,1333.4276733939623,Balanced Allocation,Volatile | High Fixed Cost Exposure | Low Delay Risk | Locked → Balanced Allocation,Standard Contract Pricing
MUM-DXB,2026-02-19,853.3781039367275,0.9562883446031718,1820,896.0470091335638,0.49233352150195814,923.9529908664362,Maximize Utilization,Stable | High Fixed Cost Exposure | Low Delay Risk | Locked → Maximize Utilization,Premium / Priority Pricing
MUM-DXB,2026-02-20,268.8125220962536,0.7323153355198723,1820,241.93126988662823,0.13292926916847705,1578.0687301133717,Balanced Allocation,Volatile | High Fixed Cost Exposure | Low Delay Risk | Locked → Balanced Allocation,Standard Contract Pricing
MUM-DXB,2026-02-21,526.2952239443521,0.6120463672126604,1820,473.6657015499169,0.2602558799724818,1346.3342984500832,Balanced Allocation,Volatile | High Fixed Cost Exposure | Low Delay Risk | Locked → Balanced Allocation,Standard Contract Pricing
MUM-DXB,2026-02-22,203.0171259973477,0.8564769342695218,1820,213.1679822972151,0.11712526499846984,1606.832017702785,Maximize Utilization,Stable | High Fixed Cost Exposure | Low Delay Risk | Locked → Maximize Utilization,Premium / Priority Pricing
MUM-DXB,2026-02-23,234.2307076736473,0.6965348032776055,1820,210.80763690628257,0.11582837192652888,1609.1923630937174,Balanced Allocation,Volatile | High Fixed Cost Exposure | Low Delay Risk | Locked → Balanced Allocation,Standard Contract Pricing
MUM-DXB,2026-02-24,496.16819482686,0.6384062221013422,1820,446.551375344174,0.24535789854075496,1373.448624655826,Balanced Allocation,Volatile | High Fixed Cost Exposure | Low Delay Risk | Locked → Balanced Allocation,Standard Contract Pricing
MUM-DXB,2026-02-25,316.3501678179352,0.6382242156966307,1820,284.71515103614166,0.1564368961737042,1535.2848489638584,Balanced Allocation,Volatile | High Fixed Cost Exposure | Low Delay Risk | Locked → Balanced Allocation,Standard Contract Pricing
MUM-DXB,2026-02-26,554.0040022025707,0.4318031457840766,1820,498.6036019823137,0.27395802306720535,1321.3963980176864,Balanced Allocation,Volatile | High Fixed Cost Exposure | Low Delay Risk | Locked → Balanced Allocation,Standard Contract Pricing
MUM-DXB,2026-02-27,191.97078186301863,0.857099649672425,1820,201.56932095616958,0.11075237415174152,1618.4306790438304,Maximize Utilization,Stable | High Fixed Cost Exposure | Low Delay Risk | Locked → Maximize Utilization,Premium / Priority Pricing
MUM-DXB,2026-02-28,194.24252589744248,0.9516007338518044,1820,203.9546521923146,0.11206299571006297,1616.0453478076854,Maximize Utilization,Stable | High Fixed Cost Exposure | Low Delay Risk | Locked → Maximize Utilization,Premium / Priority Pricing
MUM-DXB,2026-03-01,408.59077795098784,0.6350451045249459,1820,367.7317001558891,0.20205038470103795,1452.268299844111,Balanced Allocation,Volatile | High Fixed Cost Exposure | Low Delay Risk | Locked → Balanced Allocation,Standard Contract Pricing
MUM-DXB,2026-01-01,33.924855970507735,0.2876968121139985,1820,30.532370373456963,0.016776027677723605,1789.467629626543,Balanced Allocation,Volatile | High Fixed Cost Exposure | Low Delay Risk | Locked → Balanced Allocation,Standard Contract Pricing
MUM-DXB,2026-01-02,1331.2714466804823,0.9268146322810432,1820,1397.8350190145065,0.7680412192387399,422.16498098549346,Maximize Utilization,Stable | High Fixed Cost Exposure | Low Delay Risk | Locked → Maximize Utilization,Premium / Priority Pricing
MUM-DXB,2026-01-03,1189.9165760118058,0.7445139338893345,1820,1070.9249184106252,0.5884202848410028,749.0750815893748,Balanced Allocation,Volatile | High Fixed Cost Exposure | Low Delay Risk | Locked → Balanced Allocation,Standard Contract Pricing
MUM-DXB,2026-01-04,235.12663180260276,0.9845819184288382,1820,246.8829633927329,0.135649979886117,1573.117036607267,Maximize Utilization,Stable | High Fixed Cost Exposure | Low Delay Risk | Locked → Maximize Utilization,Premium / Priority Pricing
MUM-DXB,2026-01-05,88.24437680274127,0.6102671621321625,1820,79.41993912246714,0.04363732918816876,1740.5800608775328,Balanced Allocation,Volatile | High Fixed Cost Exposure | Low Delay Risk | Locked → Balanced Allocation,Standard Contract Pricing
MUM-DXB,2026-01-06,379.5520117926092,0.6763905888786715,1820,341.5968106133483,0.1876905552820595,1478.4031893866518,Balanced Allocation,Volatile | High Fixed Cost Exposure | Low Delay Risk | Locked → Balanced Allocation,Standard Contract Pricing
MUM-DXB,2026-01-07,87.64296017329167,0.5869581126883643,1820,78.87866415596251,0.04333992536041896,1741.1213358440375,Balanced Allocation,Volatile | High Fixed Cost Exposure | Low Delay Risk | Locked → Balanced Allocation,Standard Contract Pricing
MUM-DXB,2026-01-08,255.8468542033433,0.8453766145155232,1820,268.6391969135105,0.14760395434808268,1551.3608030864896,Maximize Utilization,Stable | High Fixed Cost Exposure | Low Delay Risk | Locked → Maximize Utilization,Premium / Priority Pricing
MUM-DXB,2026-01-09,1435.796527093071,0.8678263353639949,1820,1507.5863534477246,0.8283441502460025,312.4136465522754,Maximize Utilization,Stable | High Fixed Cost Exposure | Low Delay Risk | Locked → Maximize Utilization,Premium / Priority Pricing
MUM-DXB,2026-01-10,58.07543085398635,0.4509644826533452,1820,52.26788776858771,0.02871861965307017,1767.7321122314122,Balanced Allocation,Volatile | High Fixed Cost Exposure | Low Delay Risk | Locked → Balanced Allocation,Standard Contract Pricing
MUM-DXB,2026-01-11,111.08518544798432,0.7335204673354541,1820,99.97666690318589,0.05493223456219005,1720.0233330968142,Balanced Allocation,Volatile | High Fixed Cost Exposure | Low Delay Risk | Locked → Balanced Allocation,Standard Contract Pricing
MUM-DXB,2026-01-12,113.88404190366371,0.7802712361731821,1820,119.5782439988469,0.0657023318674983,1700.4217560011532,Maximize Utilization,Stable | High Fixed Cost Exposure | Low Delay Risk | Locked → Maximize Utilization,Premium / Priority Pricing
MUM-DXB,2026-01-13,308.2641013635122,0.7617333600905127,1820,323.67730643168784,0.17784467386356476,1496.3226935683122,Maximize Utilization,Stable | High Fixed Cost Exposure | Low Delay Risk | Locked → Maximize Utilization,Premium / Priority Pricing
MUM-DXB,2026-01-14,216.82139458374,0.9241242939564612,1820,227.662464312927,0.12508926610600385,1592.337535687073,Maximize Utilization,Stable | High Fixed Cost Exposure | Low Delay Risk | Locked → Maximize Utilization,Premium / Priority Pricing
MUM-DXB,2026-01-15,105.85258873609088,0.6794409838351229,1820,95.26732986248179,0.052344686737627356,1724.7326701375182,Balanced Allocation,Volatile | High Fixed Cost Exposure | Low Delay Risk | Locked → Balanced Allocation,Standard Contract Pricing
MUM-DXB,2026-01-16,252.766517055552,0.8285877108001423,1820,265.4048429083296,0.14582683676281846,1554.5951570916704,Maximize Utilization,Stable | High Fixed Cost Exposure | Low Delay Risk | Locked → Maximize Utilization,Premium / Priority Pricing
MUM-DXB,2026-01-17,95.95792827492272,0.6549246377684996,1820,86.36213544743045,0.04745172277331343,1733.6378645525695,Balanced Allocation,Volatile | High Fixed Cost Exposure | Low Delay Risk | Locked → Balanced Allocation,Standard Contract Pricing
MUM-DXB,2026-01-18,168.47766713280885,0.9496291058001968,1820,176.9015504894493,0.09719865411508204,1643.0984495105506,Maximize Utilization,Stable | High Fixed Cost Exposure | Low Delay Risk | Locked → Maximize Utilization,Premium / Priority Pricing
MUM-DXB,2026-01-19,38.19545828115588,0.2974723727616134,1820,34.37591245304029,0.018887863985186975,1785.6240875469598,Balanced Allocation,Volatile | High Fixed Cost Exposure | Low Delay Risk | Locked → Balanced Allocation,Standard Contract Pricing
MUM-DXB,2026-01-20,66.33500985020021,0.4967050176359255,1820,59.70150886518019,0.032803026849000105,1760.2984911348199,Balanced Allocation,Volatile | High Fixed Cost Exposure | Low Delay Risk | Locked → Balanced Allocation,Standard Contract Pricing
MUM-DXB,2026-01-21,189.95611784357655,0.9676443381127228,1820,199.45392373575538,0.10959006798667878,1620.5460762642447,Maximize Utilization,Stable | High Fixed Cost Exposure | Low Delay Risk | Locked → Maximize Utilization,Premium / Priority Pricing
MUM-DXB,2026-01-22,115.69359834911704,0.8786663314132526,1820,121.4782782665729,0.06674630673987522,1698.521721733427,Maximize Utilization,Stable | High Fixed Cost Exposure | Low Delay Risk | Locked → Maximize Utilization,Premium / Priority Pricing
MUM-DXB,2026-01-23,98.43502557197884,0.6070568658659052,1820,88.59152301478096,0.048676660997132394,1731.408476985219,Balanced Allocation,Volatile | High Fixed Cost Exposure | Low Delay Risk | Locked → Balanced Allocation,Standard Contract Pricing
MUM-DXB,2026-01-24,162.09586834916996,0.9352838150576576,1820,170.20066176662846,0.09351684712452113,1649.7993382333716,Maximize Utilization,Stable | High Fixed Cost Exposure | Low Delay Risk | Locked → Maximize Utilization,Premium / Priority Pricing
MUM-DXB,2026-01-25,2010.663155089324,0.7569501403708583,1820,1820.0,1.0,0.0,Maximize Utilization,Stable | High Fixed Cost Exposure | Low Delay Risk | Locked → Maximize Utilization,Premium / Priority Pricing
MUM-DXB,2026-01-26,173.43760757783207,0.9782467093100662,1820,182.10948795672368,0.10006015821798005,1637.8905120432764,Maximize Utilization,Stable | High Fixed Cost Exposure | Low Delay Risk | Locked → Maximize Utilization,Premium / Priority Pricing
MUM-DXB,2026-01-27,102.34806631655393,0.6725974197809801,1820,92.11325968489854,0.05061168114554865,1727.8867403151014,Balanced Allocation,Volatile | High Fixed Cost Exposure | Low Delay Risk | Locked → Balanced Allocation,Standard Contract Pricing
MUM-DXB,2026-01-28,388.99928022053024,0.58864383400019,1820,350.0993521984772,0.19236228142773473,1469.9006478015228,Balanced Allocation,Volatile | High Fixed Cost Exposure | Low Delay Risk | Locked → Balanced Allocation,Standard Contract Pricing
MUM-DXB,2026-01-29,117.82774593560411,0.8059912482579759,1820,123.71913323238432,0.0679775457320793,1696.2808667676156,Maximize Utilization,Stable | High Fixed Cost Exposure | Low Delay Risk | Locked → Maximize Utilization,Premium / Priority Pricing
MUM-DXB,2026-01-30,348.2656841581191,0.786568401812268,1820,365.67896836602506,0.20092251009122256,1454.321031633975,Maximize Utilization,Stable | High Fixed Cost Exposure | Low Delay Risk | Locked → Maximize Utilization,Premium / Priority Pricing
MUM-DXB,2026-01-31,259.76574964544176,0.8009618106674996,1820,272.75403712771384,0.14986485556467793,1547.245962872286,Maximize Utilization,Stable | High Fixed Cost Exposure | Low Delay Risk | Locked → Maximize Utilization,Premium / Priority Pricing
MUM-DXB,2026-02-01,328.7782512361161,0.7318624288365809,1820,295.9004261125045,0.1625826517101673,1524.0995738874956,Balanced Allocation,Volatile | High Fixed Cost Exposure | Low Delay Risk | Locked → Balanced Allocation,Standard Contract Pricing
MUM-DXB,2026-02-02,226.8072198647749,0.9457124131881708,1820,238.14758085801367,0.13085031915275477,1581.8524191419863,Maximize Utilization,Stable | High Fixed Cost Exposure | Low Delay Risk | Locked → Maximize Utilization,Premium / Priority Pricing
MUM-DXB,2026-02-03,376.82511415712855,0.7115633168973433,1820,339.1426027414157,0.18634208941836028,1480.8573972585843,Balanced Allocation,Volatile | High Fixed Cost Exposure | Low Delay Risk | Locked → Balanced Allocation,Standard Contract Pricing
MUM-DXB,2026-02-04,165.85399572698452,0.9351489547355464,1820,174.14669551333375,0.09568499753479877,1645.8533044866663,Maximize Utilization,Stable | High Fixed Cost Exposure | Low Delay Risk | Locked → Maximize Utilization,Premium / Priority Pricing
MUM-DXB,2026-02-05,335.3053124805123,0.7228379758953964,1820,301.7747812324611,0.16581031935849513,1518.225218767539,Balanced Allocation,Volatile | High Fixed Cost Exposure | Low Delay Risk | Locked → Balanced Allocation,Standard Contract Pricing
MUM-DXB,2026-02-06,1880.858210173013,0.7110446990070632,1820,1692.7723891557118,0.9300947193163251,127.22761084428817,Balanced Allocation,Volatile | High Fixed Cost Exposure | Low Delay Risk | Locked → Balanced Allocation,Standard Contract Pricing
MUM-DXB,2026-02-07,96.04468377193864,0.6656715033576578,1820,86.44021539474477,0.04749462384326636,1733.5597846052551,Balanced Allocation,Volatile | High Fixed Cost Exposure | Low Delay Risk | Locked → Balanced Allocation,Standard Contract Pricing
MUM-DXB,2026-02-08,379.9390894650533,0.676068123548958,1820,341.945180518548,0.1878819673178835,1478.054819481452,Balanced Allocation,Volatile | High Fixed Cost Exposure | Low Delay Risk | Locked → Balanced Allocation,Standard Contract Pricing
MUM-DXB,2026-02-09,230.74367123964996,0.9324835312049402,1820,242.28085480163247,0.13312134879210574,1577.7191451983676,Maximize Utilization,Stable | High Fixed Cost Exposure | Low Delay Risk | Locked → Maximize Utilization,Premium / Priority Pricing
MUM-DXB,2026-02-10,194.22821611828869,0.9643159370847804,1820,203.93962692420314,0.11205474006824348,1616.0603730757969,Maximize Utilization,Stable | High Fixed Cost Exposure | Low Delay Risk | Locked → Maximize Utilization,Premium / Priority Pricing
MUM-DXB,2026-02-11,75.2687005054255,0.5180576593725882,1820,67.74183045488296,0.0372207859642214,1752.258169545117,Balanced Allocation,Volatile | High Fixed Cost Exposure | Low Delay Risk | Locked → Balanced Allocation,Standard Contract Pricing
MUM-DXB,2026-02-12,95.77860479951698,0.6362148907330808,1820,86.20074431956529,0.047363046329431474,1733.7992556804347,Balanced Allocation,Volatile | High Fixed Cost Exposure | Low Delay Risk | Locked → Balanced Allocation,Standard Contract Pricing
MUM-DXB,2026-02-13,185.75920264778136,0.9351271926785988,1820,195.04716278017045,0.10716877075833542,1624.9528372198295,Maximize Utilization,Stable | High Fixed Cost Exposure | Low Delay Risk | Locked → Maximize Utilization,Premium / Priority Pricing
MUM-DXB,2026-02-14,33.74511095795441,0.2598962797578973,1820,30.37059986215897,0.016687142781406025,1789.629400137841,Balanced Allocation,Volatile | High Fixed Cost Exposure | Low Delay Risk | Locked → Balanced Allocation,Standard Contract Pricing
MUM-DXB,2026-02-15,122.58055269067717,0.8311183529230084,1820,128.70958032521102,0.07071954962923682,1691.290419674789,Maximize Utilization,Stable | High Fixed Cost Exposure | Low Delay Risk | Locked → Maximize Utilization,Premium / Priority Pricing
MUM-DXB,2026-02-16,366.2633584337769,0.7024358390828502,1820,329.6370225903992,0.18111924318153805,1490.3629774096007,Balanced Allocation,Volatile | High Fixed Cost Exposure | Low Delay Risk | Locked → Balanced Allocation,Standard Contract Pricing
MUM-DXB,2026-02-17,377.0201604340894,0.5847992550325185,1820,339.31814439068046,0.18643854087400025,1480.6818556093194,Balanced Allocation,Volatile | High Fixed Cost Exposure | Low Delay Risk | Locked → Balanced Allocation,Standard Contract Pricing
MUM-DXB,2026-02-18,261.42505799391216,0.823488565903941,1820,274.49631089360776,0.1508221488426416,1545.5036891063924,Maximize Utilization,Stable | High Fixed Cost Exposure | Low Delay Risk | Locked → Maximize Utilization,Premium / Priority Pricing
MUM-DXB,2026-02-19,328.1642334138785,0.7272358611098888,1820,295.34781007249063,0.1622790165233465,1524.6521899275094,Balanced Allocation,Volatile | High Fixed Cost Exposure | Low Delay Risk | Locked → Balanced Allocation,Standard Contract Pricing
MUM-DXB,2026-02-20,30.444480447587463,0.2512828564423915,1820,27.400032402828717,0.015054962858697098,1792.5999675971714,Balanced Allocation,Volatile | High Fixed Cost Exposure | Low Delay Risk | Locked → Balanced Allocation,Standard Contract Pricing
MUM-DXB,2026-02-21,177.04804371678046,0.9665869676074116,1820,185.90044590261948,0.10214310214429642,1634.0995540973804,Maximize Utilization,Stable | High Fixed Cost Exposure | Low Delay Risk | Locked → Maximize Utilization,Premium / Priority Pricing
MUM-DXB,2026-02-22,867.4871938035164,0.950466143511364,1820,910.8615534936923,0.5004733810404903,909.1384465063077,Maximize Utilization,Stable | High Fixed Cost Exposure | Low Delay Risk | Locked → Maximize Utilization,Premium / Priority Pricing
MUM-DXB,2026-02-23,2362.0465347983086,0.827610599170082,1820,1820.0,1.0,0.0,Maximize Utilization,Stable | High Fixed Cost Exposure | Low Delay Risk | Locked → Maximize Utilization,Premium / Priority Pricing
MUM-DXB,2026-02-24,76.93985465763865,0.5801585210979148,1820,69.24586919187479,0.03804718087465648,1750.7541308081252,Balanced Allocation,Volatile | High Fixed Cost Exposure | Low Delay Risk | Locked → Balanced Allocation,Standard Contract Pricing
MUM-DXB,2026-02-25,359.41902329110286,0.7635359139658339,1820,377.38997445565803,0.20735712882179014,1442.610025544342,Maximize Utilization,Stable | High Fixed Cost Exposure | Low Delay Risk | Locked → Maximize Utilization,Premium / Priority Pricing
MUM-DXB,2026-02-26,177.2405977048245,0.9265415429406608,1820,186.10262759006574,0.10225419098355261,1633.8973724099342,Maximize Utilization,Stable | High Fixed Cost Exposure | Low Delay Risk | Locked → Maximize Utilization,Premium / Priority Pricing
MUM-DXB,2026-02-27,2010.1585121132607,0.9219627676042104,1820,1820.0,1.0,0.0,Maximize Utilization,Stable | High Fixed Cost Exposure | Low Delay Risk | Locked → Maximize Utilization,Premium / Priority Pricing
MUM-DXB,2026-02-28,1927.345417045235,0.8536432519691671,1820,1820.0,1.0,0.0,Maximize Utilization,Stable | High Fixed Cost Exposure | Low Delay Risk | Locked → Maximize Utilization,Premium / Priority Pricing
MUM-DXB,2026-03-01,340.41268710537923,0.7404872236966593,1820,306.3714183948413,0.16833594417298975,1513.6285816051586,Balanced Allocation,Volatile | High Fixed Cost Exposure | Low Delay Risk | Locked → Balanced Allocation,Standard Contract Pricing
MUM-DXB,2026-01-01,318.4269420682488,0.693647691148753,1820,286.58424786142393,0.15746387245133184,1533.415752138576,Balanced Allocation,Volatile | High Fixed Cost Exposure | Low Delay Risk | Locked → Balanced Allocation,Standard Contract Pricing
MUM-DXB,2026-01-02,13.964517217044886,0.1133993277093946,1820,12.568065495340397,0.006905530491945273,1807.4319345046597,Balanced Allocation,Volatile | High Fixed Cost Exposure | Low Delay Risk | Locked → Balanced Allocation,Standard Contract Pricing
MUM-DXB,2026-01-03,181.56234297481973,0.988863501210005,1820,190.64046012356073,0.10474750556239601,1629.3595398764392,Maximize Utilization,Stable | High Fixed Cost Exposure | Low Delay Risk | Locked → Maximize Utilization,Premium / Priority Pricing
MUM-DXB,2026-01-04,79.21532382289831,0.5540774729401903,1820,71.29379144060849,0.039172412879455214,1748.7062085593916,Balanced Allocation,Volatile | High Fixed Cost Exposure | Low Delay Risk | Locked → Balanced Allocation,Standard Contract Pricing
MUM-DXB,2026-01-05,174.543998557083,0.9949503104585468,1820,183.27119848493714,0.10069846070600942,1636.728801515063,Maximize Utilization,Stable | High Fixed Cost Exposure | Low Delay Risk | Locked → Maximize Utilization,Premium / Priority Pricing
MUM-DXB,2026-01-06,38.12210839763634,0.3160894908299277,1820,34.30989755787271,0.018851592064765225,1785.6901024421272,Balanced Allocation,Volatile | High Fixed Cost Exposure | Low Delay Risk | Locked → Balanced Allocation,Standard Contract Pricing
MUM-DXB,2026-01-07,270.8803179811559,0.7207784062101539,1820,243.7922861830403,0.13395180559507708,1576.2077138169598,Balanced Allocation,Volatile | High Fixed Cost Exposure | Low Delay Risk | Locked → Balanced Allocation,Standard Contract Pricing
MUM-DXB,2026-01-08,90.441947249059,0.6626629382527518,1820,81.3977525241531,0.04472403984843577,1738.602247475847,Balanced Allocation,Volatile | High Fixed Cost Exposure | Low Delay Risk | Locked → Balanced Allocation,Standard Contract Pricing
MUM-DXB,2026-01-09,1749.6572962737318,0.8512099121856322,1820,1820.0,1.0,0.0,Maximize Utilization,Stable | High Fixed Cost Exposure | Low Delay Risk | Locked → Maximize Utilization,Premium / Priority Pricing
MUM-DXB,2026-01-10,281.3500698382658,0.7117454972129285,1820,253.21506285443925,0.13912915541452706,1566.7849371455607,Balanced Allocation,Volatile | High Fixed Cost Exposure | Low Delay Risk | Locked → Balanced Allocation,Standard Contract Pricing
MUM-DXB,2026-01-11,1810.0205968757,0.9931567715251842,1820,1820.0,1.0,0.0,Maximize Utilization,Stable | High Fixed Cost Exposure | Low Delay Risk | Locked → Maximize Utilization,Premium / Priority Pricing
MUM-DXB,2026-01-12,79.2294102238198,0.623505759636649,1820,71.30646920143782,0.03917937868210869,1748.6935307985623,Balanced Allocation,Volatile | High Fixed Cost Exposure | Low Delay Risk | Locked → Balanced Allocation,Standard Contract Pricing
MUM-DXB,2026-01-13,-27.22992142515608,0.0,1820,-24.50692928264047,0.0,1844.5069292826404,Balanced Allocation,Volatile | High Fixed Cost Exposure | Low Delay Risk | Locked → Balanced Allocation,Standard Contract Pricing
MUM-DXB,2026-01-14,-24.40617517453603,0.0,1820,-21.965557657082428,0.0,1841.9655576570824,Balanced Allocation,Volatile | High Fixed Cost Exposure | Low Delay Risk | Locked → Balanced Allocation,Standard Contract Pricing
MUM-DXB,2026-01-15,203.40962412930725,0.977724930306935,1820,213.58010533577263,0.1173517062284465,1606.4198946642273,Maximize Utilization,Stable | High Fixed Cost Exposure | Low Delay Risk | Locked → Maximize Utilization,Premium / Priority Pricing
MUM-DXB,2026-01-16,1896.5063671848889,0.78647819621578,1820,1820.0,1.0,0.0,Maximize Utilization,Stable | High Fixed Cost Exposure | Low Delay Risk | Locked → Maximize Utilization,Premium / Priority Pricing
MUM-DXB,2026-01-17,-42.6657375154723,0.0,1820,-38.399163763925074,0.0,1858.3991637639251,Balanced Allocation,Volatile | High Fixed Cost Exposure | Low Delay Risk | Locked → Balanced Allocation,Standard Contract Pricing
MUM-DXB,2026-01-18,345.3935611263476,0.801141252071379,1820,362.663239182665,0.19926551603443132,1457.336760817335,Maximize Utilization,Stable | High Fixed Cost Exposure | Low Delay Risk | Locked → Maximize Utilization,Premium / Priority Pricing
MUM-DXB,2026-01-19,1.589869905358455,0.0137858705634309,1820,1.4308829148226097,0.0007861994037486866,1818.5691170851774,Balanced Allocation,Volatile | High Fixed Cost Exposure | Low Delay Risk | Locked → Balanced Allocation,Standard Contract Pricing
MUM-DXB,2026-01-20,129.26004689641383,0.8045140174507077,1820,135.72304924123452,0.07457310397870029,1684.2769507587655,Maximize Utilization,Stable | High Fixed Cost Exposure | Low Delay Risk | Locked → Maximize Utilization,Premium / Priority Pricing
MUM-DXB,2026-01-21,681.9914475049513,0.7241984826421368,1820,613.7923027544563,0.337248517996954,1206.2076972455438,Balanced Allocation,Volatile | High Fixed Cost Exposure | Low Delay Risk | Locked → Balanced Allocation,Standard Contract Pricing
MUM-DXB,2026-01-22,133.51893642434624,0.7438060342827777,1820,120.16704278191162,0.06602584768236902,1699.8329572180883,Balanced Allocation,Volatile | High Fixed Cost Exposure | Low Delay Risk | Locked → Balanced Allocation,Standard Contract Pricing
MUM-DXB,2026-01-23,-33.18268502382597,0.0,1820,-29.86441652144337,0.0,1849.8644165214434,Balanced Allocation,Volatile | High Fixed Cost Exposure | Low Delay Risk | Locked → Balanced Allocation,Standard Contract Pricing
MUM-DXB,2026-01-24,2150.1112191609072,0.4619060385156119,1820,1820.0,1.0,0.0,Balanced Allocation,Volatile | High Fixed Cost Exposure | Low Delay Risk | Locked → Balanced Allocation,Standard Contract Pricing
MUM-DXB,2026-01-25,111.1202858833671,0.684559694604383,1820,100.00825729503039,0.05494959192034637,1719.9917427049695,Balanced Allocation,Volatile | High Fixed Cost Exposure | Low Delay Risk | Locked → Balanced Allocation,Standard Contract Pricing
MUM-DXB,2026-01-26,172.16829132809096,0.8469553964530273,1820,180.7767058944955,0.09932786038159094,1639.2232941055045,Maximize Utilization,Stable | High Fixed Cost Exposure | Low Delay Risk | Locked → Maximize Utilization,Premium / Priority Pricing
MUM-DXB,2026-01-27,226.9730517181551,0.9507075357530408,1820,238.32170430406285,0.13094599137585872,1581.678295695937,Maximize Utilization,Stable | High Fixed Cost Exposure | Low Delay Risk | Locked → Maximize Utilization,Premium / Priority Pricing
MUM-DXB,2026-01-28,200.05432596600852,0.9768488990972036,1820,210.05704226430896,0.11541595728808185,1609.942957735691,Maximize Utilization,Stable | High Fixed Cost Exposure | Low Delay Risk | Locked → Maximize Utilization,Premium / Priority Pricing
MUM-DXB,2026-01-29,1649.9144182926796,0.9494650866263242,1820,1732.4101392073137,0.9518737028611614,87.5898607926863,Maximize Utilization,Stable | High Fixed Cost Exposure | Low Delay Risk | Locked → Maximize Utilization,Premium / Priority Pricing
MUM-DXB,2026-01-30,61.47311727165419,0.436098021339419,1820,55.32580554448877,0.03039879425521361,1764.6741944555113,Balanced Allocation,Volatile | High Fixed Cost Exposure | Low Delay Risk | Locked → Balanced Allocation,Standard Contract Pricing
MUM-DXB,2026-01-31,10.307038859146928,0.0855376608868787,1820,9.276334973232236,0.0050968873479298,1810.7236650267678,Balanced Allocation,Volatile | High Fixed Cost Exposure | Low Delay Risk | Locked → Balanced Allocation,Standard Contract Pricing
MUM-DXB,2026-02-01,351.53539732231064,0.6967844599109971,1820,316.38185759007956,0.17383618548905472,1503.6181424099204,Balanced Allocation,Volatile | High Fixed Cost Exposure | Low Delay Risk | Locked → Balanced Allocation,Standard Contract Pricing
MUM-DXB,2026-02-02,174.63521302489198,0.9526016626489742,1820,183.36697367613658,0.10075108443743769,1636.6330263238633,Maximize Utilization,Stable | High Fixed Cost Exposure | Low Delay Risk | Locked → Maximize Utilization,Premium / Priority Pricing
MUM-DXB,2026-02-03,63.82931380649762,0.4700408917497423,1820,57.446382425847865,0.031563946387828494,1762.5536175741522,Balanced Allocation,Volatile | High Fixed Cost Exposure | Low Delay Risk | Locked → Balanced Allocation,Standard Contract Pricing
MUM-DXB,2026-02-04,147.00823370850532,0.8948473802013744,1820,154.3586453939306,0.0848124425241377,1665.6413546060694,Maximize Utilization,Stable | High Fixed Cost Exposure | Low Delay Risk | Locked → Maximize Utilization,Premium / Priority Pricing
MUM-DXB,2026-02-05,64.37200696014594,0.4798074070198519,1820,57.934806264131346,0.031832311134138105,1762.0651937358687,Balanced Allocation,Volatile | High Fixed Cost Exposure | Low Delay Risk | Locked → Balanced Allocation,Standard Contract Pricing
MUM-DXB,2026-02-06,16.280652919525437,0.1503964008736121,1820,14.652587627572894,0.00805087232284225,1805.347412372427,Balanced Allocation,Volatile | High Fixed Cost Exposure | Low Delay Risk | Locked → Balanced Allocation,Standard Contract Pricing
MUM-DXB,2026-02-07,128.4782314399054,0.7954621510166654,1820,134.90214301190065,0.0741220565999454,1685.0978569880995,Maximize Utilization,Stable | High Fixed Cost Exposure | Low Delay Risk | Locked → Maximize Utilization,Premium / Priority Pricing
MUM-DXB,2026-02-08,65.13438318906458,0.5004427233179909,1820,58.62094487015812,0.032209310368218745,1761.3790551298418,Balanced Allocation,Volatile | High Fixed Cost Exposure | Low Delay Risk | Locked → Balanced Allocation,Standard Contract Pricing
MUM-DXB,2026-02-09,2142.577232173764,0.4736732100560124,1820,1820.0,1.0,0.0,Balanced Allocation,Volatile | High Fixed Cost Exposure | Low Delay Risk | Locked → Balanced Allocation,Standard Contract Pricing
MUM-DXB,2026-02-10,281.0366199796943,0.7708406442563152,1820,295.088450978679,0.1621365115267467,1524.911549021321,Maximize Utilization,Stable | High Fixed Cost Exposure | Low Delay Risk | Locked → Maximize Utilization,Premium / Priority Pricing
MUM-DXB,2026-02-11,224.19734969472373,0.9728207255601602,1820,235.40721717945993,0.1293446248238791,1584.5927828205402,Maximize Utilization,Stable | High Fixed Cost Exposure | Low Delay Risk | Locked → Maximize Utilization,Premium / Priority Pricing
MUM-DXB,2026-02-12,881.0179599014941,0.9605137899099672,1820,925.0688578965688,0.508279592250862,894.9311421034312,Maximize Utilization,Stable | High Fixed Cost Exposure | Low Delay Risk | Locked → Maximize Utilization,Premium / Priority Pricing
MUM-DXB,2026-02-13,-50.32973080293624,0.0,1820,-45.29675772264262,0.0,1865.2967577226427,Balanced Allocation,Volatile | High Fixed Cost Exposure | Low Delay Risk | Locked → Balanced Allocation,Standard Contract Pricing
MUM-DXB,2026-02-14,642.880548141321,0.8588023847015559,1820,675.0245755483871,0.37089262392768524,1144.975424451613,Maximize Utilization,Stable | High Fixed Cost Exposure | Low Delay Risk | Locked → Maximize Utilization,Premium / Priority Pricing
MUM-DXB,2026-02-15,219.08456805984832,0.9512437563055438,1820,230.03879646284074,0.12639494311145094,1589.9612035371592,Maximize Utilization,Stable | High Fixed Cost Exposure | Low Delay Risk | Locked → Maximize Utilization,Premium / Priority Pricing
MUM-DXB,2026-02-16,-40.154946895483874,0.0,1820,-36.13945220593549,0.0,1856.1394522059354,Balanced Allocation,Volatile | High Fixed Cost Exposure | Low Delay Risk | Locked → Balanced Allocation,Standard Contract Pricing
MUM-DXB,2026-02-17,2336.6288507686454,0.8801089620730955,1820,1820.0,1.0,0.0,Maximize Utilization,Stable | High Fixed Cost Exposure | Low Delay Risk | Locked → Maximize Utilization,Premium / Priority Pricing
MUM-DXB,2026-02-18,28.81163279548525,0.2283906425729966,1820,25.930469515936725,0.014247510723042157,1794.0695304840633,Balanced Allocation,Volatile | High Fixed Cost Exposure | Low Delay Risk | Locked → Balanced Allocation,Standard Contract Pricing
MUM-DXB,2026-02-19,228.5397438123211,0.8365225250056036,1820,239.96673100293717,0.13184985219941603,1580.0332689970628,Maximize Utilization,Stable | High Fixed Cost Exposure | Low Delay Risk | Locked → Maximize Utilization,Premium / Priority Pricing
MUM-DXB,2026-02-20,261.2631649490631,0.8102785001339796,1820,274.3263231965162,0.15072874900907485,1545.6736768034839,Maximize Utilization,Stable | High Fixed Cost Exposure | Low Delay Risk | Locked → Maximize Utilization,Premium / Priority Pricing
MUM-DXB,2026-02-21,2342.4794633495703,0.8287560201059424,1820,1820.0,1.0,0.0,Maximize Utilization,Stable | High Fixed Cost Exposure | Low Delay Risk | Locked → Maximize Utilization,Premium / Priority Pricing
MUM-DXB,2026-02-22,230.51999113312544,0.8307905157932425,1820,242.04599068978172,0.13299230257680314,1577.9540093102182,Maximize Utilization,Stable | High Fixed Cost Exposure | Low Delay Risk | Locked → Maximize Utilization,Premium / Priority Pricing
MUM-DXB,2026-02-23,932.4670889841228,0.9205506821600836,1820,979.090443433329,0.5379617821062247,840.909556566671,Maximize Utilization,Stable | High Fixed Cost Exposure | Low Delay Risk | Locked → Maximize Utilization,Premium / Priority Pricing
MUM-DXB,2026-02-24,322.9575958476058,0.586160473603718,1820,290.6618362628452,0.15970430563892593,1529.338163737155,Balanced Allocation,Volatile | High Fixed Cost Exposure | Low Delay Risk | Locked → Balanced Allocation,Standard Contract Pricing
MUM-DXB,2026-02-25,101.54116517941952,0.6551486897990404,1820,91.38704866147758,0.05021266409971296,1728.6129513385224,Balanced Allocation,Volatile | High Fixed Cost Exposure | Low Delay Risk | Locked → Balanced Allocation,Standard Contract Pricing
MUM-DXB,2026-02-26,882.710704831188,0.7557788665151006,1820,926.8462400727474,0.509256175864147,893.1537599272526,Maximize Utilization,Stable | High Fixed Cost Exposure | Low Delay Risk | Locked → Maximize Utilization,Premium / Priority Pricing
MUM-DXB,2026-02-27,225.65381160157216,0.9295464693035688,1820,236.93650218165078,0.13018489130859934,1583.0634978183493,Maximize Utilization,Stable | High Fixed Cost Exposure | Low Delay Risk | Locked → Maximize Utilization,Premium / Priority Pricing
MUM-DXB,2026-02-28,50.89255968157363,0.3831134833902254,1820,45.80330371341627,0.025166650391986962,1774.1966962865838,Balanced Allocation,Volatile | High Fixed Cost Exposure | Low Delay Risk | Locked → Balanced Allocation,Standard Contract Pricing
MUM-DXB,2026-03-01,259.9790369400885,0.8717171962529102,1820,272.97798878709295,0.14998790592697414,1547.022011212907,Maximize Utilization,Stable | High Fixed Cost Exposure | Low Delay Risk | Locked → Maximize Utilization,Premium / Priority Pricing
